#
# There is insufficient memory for the Java Runtime Environment to continue.
# Native memory allocation (mmap) failed to map 1063256064 bytes. Error detail: G1 virtual space
# Possible reasons:
#   The system is out of physical RAM or swap space
#   This process is running with CompressedOops enabled, and the Java Heap may be blocking the growth of the native heap
# Possible solutions:
#   Reduce memory load on the system
#   Increase physical memory or swap space
#   Check if swap backing store is full
#   Decrease Java heap size (-Xmx/-Xms)
#   Decrease number of Java threads
#   Decrease Java thread stack sizes (-Xss)
#   Set larger code cache with -XX:ReservedCodeCacheSize=
#   JVM is running with Zero Based Compressed Oops mode in which the Java heap is
#     placed in the first 32GB address space. The Java Heap base address is the
#     maximum limit for the native heap growth. Please use -XX:HeapBaseMinAddress
#     to set the Java Heap base and to place the Java Heap above 32GB virtual address.
# This output file may be truncated or incomplete.
#
#  Out of Memory Error (os_windows.cpp:3710), pid=29088, tid=29432
#
# JRE version: OpenJDK Runtime Environment Microsoft-11369865 (17.0.15+6) (build 17.0.15+6-LTS)
# Java VM: OpenJDK 64-Bit Server VM Microsoft-11369865 (17.0.15+6-LTS, mixed mode, sharing, tiered, compressed oops, compressed class ptrs, g1 gc, windows-amd64)
# No core dump will be written. Minidumps are not enabled by default on client versions of Windows
#

---------------  S U M M A R Y ------------

Command Line: --add-opens=java.base/java.lang=ALL-UNNAMED --add-opens=java.base/java.lang.invoke=ALL-UNNAMED --add-opens=java.base/java.util=ALL-UNNAMED --add-opens=java.prefs/java.util.prefs=ALL-UNNAMED --add-exports=jdk.compiler/com.sun.tools.javac.api=ALL-UNNAMED --add-exports=jdk.compiler/com.sun.tools.javac.util=ALL-UNNAMED --add-opens=java.base/java.util=ALL-UNNAMED --add-opens=java.prefs/java.util.prefs=ALL-UNNAMED --add-opens=java.base/java.nio.charset=ALL-UNNAMED --add-opens=java.base/java.net=ALL-UNNAMED --add-opens=java.base/java.util.concurrent=ALL-UNNAMED --add-opens=java.base/java.util.concurrent.atomic=ALL-UNNAMED --add-opens=java.xml/javax.xml.namespace=ALL-UNNAMED --add-opens=java.base/java.time=ALL-UNNAMED -XX:MaxMetaspaceSize=1024m -Xmx4096m -Dfile.encoding=windows-1252 -Duser.country=IN -Duser.language=en -Duser.variant -javaagent:C:\Users\satej\.gradle\wrapper\dists\gradle-9.3.1-bin\23ovyewtku6u96viwx3xl3oks\gradle-9.3.1\lib\agents\gradle-instrumentation-agent-9.3.1.jar org.gradle.launcher.daemon.bootstrap.GradleDaemon 9.3.1

Host: 12th Gen Intel(R) Core(TM) i5-12450H, 12 cores, 15G,  Windows 11 , 64 bit Build 26100 (10.0.26100.9278)
Time: Wed Sep  9 13:30:24 2026 India Standard Time elapsed time: 333.212379 seconds (0d 0h 5m 33s)

---------------  T H R E A D  ---------------

Current thread (0x0000025f7fcdfc80):  VMThread "VM Thread" [stack: 0x0000006b13000000,0x0000006b13100000] [id=29432]

Stack: [0x0000006b13000000,0x0000006b13100000]
Native frames: (J=compiled Java code, j=interpreted, Vv=VM code, C=native code)
V  [jvm.dll+0x6887a9]
V  [jvm.dll+0x83f5a8]
V  [jvm.dll+0x841053]
V  [jvm.dll+0x8416c3]
V  [jvm.dll+0x2496ef]
V  [jvm.dll+0x6856e9]
V  [jvm.dll+0x679b7a]
V  [jvm.dll+0x30b0d7]
V  [jvm.dll+0x312646]
V  [jvm.dll+0x36300e]
V  [jvm.dll+0x36324d]
V  [jvm.dll+0x2e236c]
V  [jvm.dll+0x2e5386]
V  [jvm.dll+0x2efabc]
V  [jvm.dll+0x322c9d]
V  [jvm.dll+0x845efd]
V  [jvm.dll+0x846c33]
V  [jvm.dll+0x84715f]
V  [jvm.dll+0x847544]
V  [jvm.dll+0x84760e]
V  [jvm.dll+0x7ef2dc]
V  [jvm.dll+0x687687]
C  [ucrtbase.dll+0x2cd30]
C  [KERNEL32.DLL+0x2ccb7]
C  [ntdll.dll+0xacaec]

VM_Operation (0x0000006b12cffb50): G1PauseRemark, mode: safepoint, requested by thread 0x0000025f68901b30


---------------  P R O C E S S  ---------------

Threads class SMR info:
_java_thread_list=0x0000025f56ae1050, length=282, elements={
0x0000025f6887f000, 0x0000025f7fce3c70, 0x0000025f7fce4740, 0x0000025f7fcffa30,
0x0000025f7fd02810, 0x0000025f7fd030e0, 0x0000025f7fd039b0, 0x0000025f7fd0ebf0,
0x0000025f7fd11510, 0x0000025f7fd17330, 0x0000025f41080a30, 0x0000025f41233d30,
0x0000025f41b5ef50, 0x0000025f47aa6a80, 0x0000025f47aa83d0, 0x0000025f47aa6f90,
0x0000025f47aa74a0, 0x0000025f47aa9810, 0x0000025f47aa79b0, 0x0000025f47aa7ec0,
0x0000025f47aa88e0, 0x0000025f47aa8df0, 0x0000025f47aa9300, 0x0000025f47aa6060,
0x0000025f47aa6570, 0x0000025f485747f0, 0x0000025f48575c30, 0x0000025f48573dd0,
0x0000025f48574d00, 0x0000025f48572ea0, 0x0000025f48575210, 0x0000025f485742e0,
0x0000025f48575720, 0x0000025f48576140, 0x0000025f48576b60, 0x0000025f48576650,
0x0000025f485733b0, 0x0000025f48577070, 0x0000025f485738c0, 0x0000025f485793e0,
0x0000025f4857a310, 0x0000025f485784b0, 0x0000025f48579e00, 0x0000025f4857a820,
0x0000025f48577a90, 0x0000025f48577fa0, 0x0000025f485789c0, 0x0000025f48578ed0,
0x0000025f4a08a3e0, 0x0000025f4a08a8f0, 0x0000025f4a08ae00, 0x0000025f4a0894b0,
0x0000025f4a08b310, 0x0000025f4a088580, 0x0000025f4a08b820, 0x0000025f4a088070,
0x0000025f4a08bd30, 0x0000025f4a08c240, 0x0000025f4a088a90, 0x0000025f4a08c750,
0x0000025f4a0899c0, 0x0000025f4a088fa0, 0x0000025f4a08cc60, 0x0000025f4a08d170,
0x0000025f4a08d680, 0x0000025f4a089ed0, 0x0000025f4a08f4e0, 0x0000025f4a08db90,
0x0000025f4a08e0a0, 0x0000025f4a08e5b0, 0x0000025f4a08f9f0, 0x0000025f4a08eac0,
0x0000025f4a08efd0, 0x0000025f4145f1f0, 0x0000025f41460630, 0x0000025f41460b40,
0x0000025f41461050, 0x0000025f414629a0, 0x0000025f414633c0, 0x0000025f4145fc10,
0x0000025f41463de0, 0x0000025f41465730, 0x0000025f41464800, 0x0000025f41464d10,
0x0000025f414638d0, 0x0000025f41465c40, 0x0000025f41466150, 0x0000025f41466660,
0x0000025f4bab5af0, 0x0000025f4bab6510, 0x0000025f4bab6000, 0x0000025f4bab7440,
0x0000025f4bab7950, 0x0000025f4bab4bc0, 0x0000025f4bab46b0, 0x0000025f4bab7e60,
0x0000025f4bab6a20, 0x0000025f4bab6f30, 0x0000025f4bab50d0, 0x0000025f4bab55e0,
0x0000025f4675dfd0, 0x0000025f4675c170, 0x0000025f4675b750, 0x0000025f4675dac0,
0x0000025f4675cb90, 0x0000025f4675e4e0, 0x0000025f4675bc60, 0x0000025f4675ad30,
0x0000025f4675c680, 0x0000025f4675b240, 0x0000025f4675d0a0, 0x0000025f4675d5b0,
0x0000025f489b5060, 0x0000025f489b7df0, 0x0000025f489b8810, 0x0000025f489b78e0,
0x0000025f489b8d20, 0x0000025f489b69b0, 0x0000025f489b5f90, 0x0000025f489b8300,
0x0000025f489b5570, 0x0000025f489b9230, 0x0000025f489b5a80, 0x0000025f489b6ec0,
0x0000025f489b9c50, 0x0000025f489b64a0, 0x0000025f489b9740, 0x0000025f489bab80,
0x0000025f489bb090, 0x0000025f489bb5a0, 0x0000025f489bbab0, 0x0000025f41460120,
0x0000025f4145f700, 0x0000025f46051550, 0x0000025f46052ea0, 0x0000025f460533b0,
0x0000025f46051f70, 0x0000025f46052480, 0x0000025f460538c0, 0x0000025f46052990,
0x0000025f46050110, 0x0000025f46051a60, 0x0000025f46050b30, 0x0000025f46057070,
0x0000025f46055c30, 0x0000025f46057580, 0x0000025f46056140, 0x0000025f46055720,
0x0000025f46054d00, 0x0000025f460547f0, 0x0000025f46056b60, 0x0000025f46056650,
0x0000025f46057a90, 0x0000025f46055210, 0x0000025f460542e0, 0x0000025f46c3bff0,
0x0000025f46c3bae0, 0x0000025f46c38d50, 0x0000025f46c3a6a0, 0x0000025f46c3b0c0,
0x0000025f46c3b5d0, 0x0000025f46c3c500, 0x0000025f46c3ca10, 0x0000025f46c39260,
0x0000025f46c39770, 0x0000025f46c3abb0, 0x0000025f46c3d430, 0x0000025f46c39c80,
0x0000025f46c3d940, 0x0000025f46c3a190, 0x0000025f46c3e870, 0x0000025f46c3f290,
0x0000025f46c3e360, 0x0000025f46c3de50, 0x0000025f46c401c0, 0x0000025f46c3ed80,
0x0000025f46c406d0, 0x0000025f4674c1b0, 0x0000025f4674c6c0, 0x0000025f4674cbd0,
0x0000025f4674d0e0, 0x0000025f4674d5f0, 0x0000025f4674ad70, 0x0000025f4674bca0,
0x0000025f4674db00, 0x0000025f4674e010, 0x0000025f4674e520, 0x0000025f4674ea30,
0x0000025f46751cd0, 0x0000025f4674fe70, 0x0000025f467517c0, 0x0000025f53f345b0,
0x0000025f53f32240, 0x0000025f53f32c60, 0x0000025f53f340a0, 0x0000025f53f36e30,
0x0000025f53f391a0, 0x0000025f53f396b0, 0x0000025f53f34fd0, 0x0000025f53f3aaf0,
0x0000025f53f3b000, 0x0000025f53f37850, 0x0000025f53f3b510, 0x0000025f53f3bf30,
0x0000025f414642f0, 0x0000025f47177e50, 0x0000025f47174bb0, 0x0000025f47176f20,
0x0000025f47177430, 0x0000025f47178870, 0x0000025f471750c0, 0x0000025f47178d80,
0x0000025f471755d0, 0x0000025f4717b0f0, 0x0000025f4717c530, 0x0000025f4717a1c0,
0x0000025f47179cb0, 0x0000025f4717a6d0, 0x0000025f552df0c0, 0x0000025f552df5d0,
0x0000025f552dfae0, 0x0000025f552de190, 0x0000025f552e0a10, 0x0000025f552e0f20,
0x0000025f552e1430, 0x0000025f552ddc80, 0x0000025f552e2870, 0x0000025f552e2d80,
0x0000025f552e1e50, 0x0000025f552e3290, 0x0000025f552e1940, 0x0000025f552e46d0,
0x0000025f552e37a0, 0x0000025f552e3cb0, 0x0000025f552e41c0, 0x0000025f4717de80,
0x0000025f4717f2c0, 0x0000025f4717d460, 0x0000025f47181120, 0x0000025f47181630,
0x0000025f47181b40, 0x0000025f552e97d0, 0x0000025f552e88a0, 0x0000025f552e7460,
0x0000025f552e6f50, 0x0000025f552eac10, 0x0000025f552eb120, 0x0000025f552e7970,
0x0000025f552eb630, 0x0000025f552ebb40, 0x0000025f552e8390, 0x0000025f552ec050,
0x0000025f552ec560, 0x0000025f552eca70, 0x0000025f552ecf80, 0x0000025f4145ece0,
0x0000025f41462eb0, 0x0000025f65fd4ff0, 0x0000025f65fd1840, 0x0000025f65fd5a10,
0x0000025f65fd3bb0, 0x0000025f49a300b0, 0x0000025f49a31b40, 0x0000025f63148610,
0x0000025f63143f30, 0x0000025f6312c890, 0x0000025f6312d2b0, 0x0000025f63130550,
0x0000025f6312e6f0, 0x0000025f6312cda0, 0x0000025f6312f620, 0x0000025f63130a60,
0x0000025f63130f70, 0x0000025f6312d7c0, 0x0000025f6312ec00, 0x0000025f63131480,
0x0000025f63134c30, 0x0000025f63145d90, 0x0000025f821ceed0, 0x0000025f5d7fa890,
0x0000025f5d4afc60, 0x0000025f821cf3e0
}

Java Threads: ( => current thread )
  0x0000025f6887f000 JavaThread "main" [_thread_blocked, id=15740, stack(0x0000006b12a00000,0x0000006b12b00000)]
  0x0000025f7fce3c70 JavaThread "Reference Handler" daemon [_thread_blocked, id=27684, stack(0x0000006b13100000,0x0000006b13200000)]
  0x0000025f7fce4740 JavaThread "Finalizer" daemon [_thread_blocked, id=28536, stack(0x0000006b13200000,0x0000006b13300000)]
  0x0000025f7fcffa30 JavaThread "Signal Dispatcher" daemon [_thread_blocked, id=20140, stack(0x0000006b13300000,0x0000006b13400000)]
  0x0000025f7fd02810 JavaThread "Attach Listener" daemon [_thread_blocked, id=13200, stack(0x0000006b13400000,0x0000006b13500000)]
  0x0000025f7fd030e0 JavaThread "Service Thread" daemon [_thread_blocked, id=9396, stack(0x0000006b13500000,0x0000006b13600000)]
  0x0000025f7fd039b0 JavaThread "Monitor Deflation Thread" daemon [_thread_blocked, id=13392, stack(0x0000006b13600000,0x0000006b13700000)]
  0x0000025f7fd0ebf0 JavaThread "C2 CompilerThread0" daemon [_thread_blocked, id=20428, stack(0x0000006b13700000,0x0000006b13800000)]
  0x0000025f7fd11510 JavaThread "C1 CompilerThread0" daemon [_thread_blocked, id=21868, stack(0x0000006b13800000,0x0000006b13900000)]
  0x0000025f7fd17330 JavaThread "Sweeper thread" daemon [_thread_blocked, id=20216, stack(0x0000006b13900000,0x0000006b13a00000)]
  0x0000025f41080a30 JavaThread "Common-Cleaner" daemon [_thread_blocked, id=21688, stack(0x0000006b13a00000,0x0000006b13b00000)]
  0x0000025f41233d30 JavaThread "Notification Thread" daemon [_thread_blocked, id=14348, stack(0x0000006b13b00000,0x0000006b13c00000)]
  0x0000025f41b5ef50 JavaThread "Daemon health stats" [_thread_blocked, id=2948, stack(0x0000006b14400000,0x0000006b14500000)]
  0x0000025f47aa6a80 JavaThread "Incoming local TCP Connector on port 57790" [_thread_in_native, id=22348, stack(0x0000006b14500000,0x0000006b14600000)]
  0x0000025f47aa83d0 JavaThread "Daemon periodic checks" [_thread_blocked, id=16376, stack(0x0000006b14600000,0x0000006b14700000)]
  0x0000025f47aa6f90 JavaThread "Daemon" [_thread_blocked, id=11876, stack(0x0000006b14700000,0x0000006b14800000)]
  0x0000025f47aa74a0 JavaThread "Handler for socket connection from /127.0.0.1:57790 to /127.0.0.1:57791" [_thread_in_native, id=28304, stack(0x0000006b14800000,0x0000006b14900000)]
  0x0000025f47aa9810 JavaThread "Cancel handler" [_thread_blocked, id=24004, stack(0x0000006b14900000,0x0000006b14a00000)]
  0x0000025f47aa79b0 JavaThread "Daemon worker" [_thread_blocked, id=3028, stack(0x0000006b14a00000,0x0000006b14b00000)]
  0x0000025f47aa7ec0 JavaThread "Asynchronous log dispatcher for DefaultDaemonConnection: socket connection from /127.0.0.1:57790 to /127.0.0.1:57791" [_thread_blocked, id=22508, stack(0x0000006b14b00000,0x0000006b14c00000)]
  0x0000025f47aa88e0 JavaThread "Stdin handler" [_thread_blocked, id=23100, stack(0x0000006b14c00000,0x0000006b14d00000)]
  0x0000025f47aa8df0 JavaThread "Daemon client event forwarder" [_thread_blocked, id=9388, stack(0x0000006b14d00000,0x0000006b14e00000)]
  0x0000025f47aa9300 JavaThread "Cache worker for journal cache (C:\Users\satej\.gradle\caches\journal-1)" [_thread_blocked, id=5340, stack(0x0000006b14300000,0x0000006b14400000)]
  0x0000025f47aa6060 JavaThread "File lock request listener" [_thread_in_native, id=21740, stack(0x0000006b15200000,0x0000006b15300000)]
  0x0000025f47aa6570 JavaThread "Cache worker for file hash cache (C:\Users\satej\.gradle\caches\9.3.1\fileHashes)" [_thread_blocked, id=13428, stack(0x0000006b15300000,0x0000006b15400000)]
  0x0000025f485747f0 JavaThread "Cache worker for file hash cache (D:\GrowBusinessNetwork\gbn-22-6-2026\android\.gradle\9.3.1\fileHashes)" [_thread_blocked, id=24412, stack(0x0000006b15600000,0x0000006b15700000)]
  0x0000025f48575c30 JavaThread "Cache worker for Build Output Cleanup Cache (D:\GrowBusinessNetwork\gbn-22-6-2026\android\.gradle\buildOutputCleanup)" [_thread_blocked, id=18120, stack(0x0000006b15700000,0x0000006b15800000)]
  0x0000025f48573dd0 JavaThread "File watcher server" daemon [_thread_blocked, id=21680, stack(0x0000006b15800000,0x0000006b15900000)]
  0x0000025f48574d00 JavaThread "File watcher consumer" daemon [_thread_blocked, id=19472, stack(0x0000006b15900000,0x0000006b15a00000)]
  0x0000025f48572ea0 JavaThread "Cache worker for checksums cache (D:\GrowBusinessNetwork\gbn-22-6-2026\android\.gradle\9.3.1\checksums)" [_thread_blocked, id=27336, stack(0x0000006b15a00000,0x0000006b15b00000)]
  0x0000025f48575210 JavaThread "Cache worker for file content cache (C:\Users\satej\.gradle\caches\9.3.1\fileContent)" [_thread_blocked, id=22448, stack(0x0000006b15b00000,0x0000006b15c00000)]
  0x0000025f485742e0 JavaThread "Cache worker for cache directory md-supplier (C:\Users\satej\.gradle\caches\9.3.1\md-supplier)" [_thread_blocked, id=5740, stack(0x0000006b15d00000,0x0000006b15e00000)]
  0x0000025f48575720 JavaThread "Cache worker for cache directory md-rule (C:\Users\satej\.gradle\caches\9.3.1\md-rule)" [_thread_blocked, id=1220, stack(0x0000006b15e00000,0x0000006b15f00000)]
  0x0000025f48576140 JavaThread "jar transforms" [_thread_blocked, id=18312, stack(0x0000006b15f00000,0x0000006b16000000)]
  0x0000025f48576b60 JavaThread "Cache worker for Build Output Cleanup Cache (D:\GrowBusinessNetwork\gbn-22-6-2026\node_modules\@react-native\gradle-plugin\.gradle\buildOutputCleanup)" [_thread_blocked, id=7912, stack(0x0000006b16000000,0x0000006b16100000)]
  0x0000025f48576650 JavaThread "Unconstrained build operations" [_thread_blocked, id=12456, stack(0x0000006b16100000,0x0000006b16200000)]
  0x0000025f485733b0 JavaThread "Unconstrained build operations Thread 2" [_thread_blocked, id=22380, stack(0x0000006b16200000,0x0000006b16300000)]
  0x0000025f48577070 JavaThread "Unconstrained build operations Thread 3" [_thread_blocked, id=13724, stack(0x0000006b16300000,0x0000006b16400000)]
  0x0000025f485738c0 JavaThread "Unconstrained build operations Thread 4" [_thread_blocked, id=2888, stack(0x0000006b16400000,0x0000006b16500000)]
  0x0000025f485793e0 JavaThread "Unconstrained build operations Thread 5" [_thread_blocked, id=11976, stack(0x0000006b16500000,0x0000006b16600000)]
  0x0000025f4857a310 JavaThread "Unconstrained build operations Thread 6" [_thread_blocked, id=21772, stack(0x0000006b16600000,0x0000006b16700000)]
  0x0000025f485784b0 JavaThread "Unconstrained build operations Thread 7" [_thread_blocked, id=9028, stack(0x0000006b15c00000,0x0000006b15d00000)]
  0x0000025f48579e00 JavaThread "Unconstrained build operations Thread 8" [_thread_blocked, id=28916, stack(0x0000006b16700000,0x0000006b16800000)]
  0x0000025f4857a820 JavaThread "Unconstrained build operations Thread 9" [_thread_blocked, id=27736, stack(0x0000006b16800000,0x0000006b16900000)]
  0x0000025f48577a90 JavaThread "Unconstrained build operations Thread 10" [_thread_blocked, id=16904, stack(0x0000006b16900000,0x0000006b16a00000)]
  0x0000025f48577fa0 JavaThread "Unconstrained build operations Thread 11" [_thread_blocked, id=7736, stack(0x0000006b16a00000,0x0000006b16b00000)]
  0x0000025f485789c0 JavaThread "Unconstrained build operations Thread 12" [_thread_blocked, id=440, stack(0x0000006b16b00000,0x0000006b16c00000)]
  0x0000025f48578ed0 JavaThread "Unconstrained build operations Thread 13" [_thread_blocked, id=8760, stack(0x0000006b16c00000,0x0000006b16d00000)]
  0x0000025f4a08a3e0 JavaThread "Unconstrained build operations Thread 14" [_thread_blocked, id=12972, stack(0x0000006b16d00000,0x0000006b16e00000)]
  0x0000025f4a08a8f0 JavaThread "Unconstrained build operations Thread 15" [_thread_blocked, id=16392, stack(0x0000006b16e00000,0x0000006b16f00000)]
  0x0000025f4a08ae00 JavaThread "Unconstrained build operations Thread 16" [_thread_blocked, id=4800, stack(0x0000006b16f00000,0x0000006b17000000)]
  0x0000025f4a0894b0 JavaThread "Unconstrained build operations Thread 17" [_thread_blocked, id=9164, stack(0x0000006b17000000,0x0000006b17100000)]
  0x0000025f4a08b310 JavaThread "Unconstrained build operations Thread 18" [_thread_blocked, id=22532, stack(0x0000006b17100000,0x0000006b17200000)]
  0x0000025f4a088580 JavaThread "Unconstrained build operations Thread 19" [_thread_blocked, id=11404, stack(0x0000006b17200000,0x0000006b17300000)]
  0x0000025f4a08b820 JavaThread "Unconstrained build operations Thread 20" [_thread_blocked, id=20788, stack(0x0000006b17300000,0x0000006b17400000)]
  0x0000025f4a088070 JavaThread "Unconstrained build operations Thread 21" [_thread_blocked, id=26596, stack(0x0000006b17400000,0x0000006b17500000)]
  0x0000025f4a08bd30 JavaThread "Unconstrained build operations Thread 22" [_thread_blocked, id=15248, stack(0x0000006b17500000,0x0000006b17600000)]
  0x0000025f4a08c240 JavaThread "Unconstrained build operations Thread 23" [_thread_blocked, id=7932, stack(0x0000006b17600000,0x0000006b17700000)]
  0x0000025f4a088a90 JavaThread "Unconstrained build operations Thread 24" [_thread_blocked, id=28860, stack(0x0000006b17700000,0x0000006b17800000)]
  0x0000025f4a08c750 JavaThread "Unconstrained build operations Thread 25" [_thread_blocked, id=6284, stack(0x0000006b17800000,0x0000006b17900000)]
  0x0000025f4a0899c0 JavaThread "Unconstrained build operations Thread 26" [_thread_blocked, id=8648, stack(0x0000006b17900000,0x0000006b17a00000)]
  0x0000025f4a088fa0 JavaThread "Unconstrained build operations Thread 27" [_thread_blocked, id=5048, stack(0x0000006b17a00000,0x0000006b17b00000)]
  0x0000025f4a08cc60 JavaThread "Unconstrained build operations Thread 28" [_thread_blocked, id=15936, stack(0x0000006b17b00000,0x0000006b17c00000)]
  0x0000025f4a08d170 JavaThread "Unconstrained build operations Thread 29" [_thread_blocked, id=23780, stack(0x0000006b17c00000,0x0000006b17d00000)]
  0x0000025f4a08d680 JavaThread "Unconstrained build operations Thread 30" [_thread_blocked, id=14420, stack(0x0000006b17d00000,0x0000006b17e00000)]
  0x0000025f4a089ed0 JavaThread "Unconstrained build operations Thread 31" [_thread_blocked, id=5060, stack(0x0000006b17e00000,0x0000006b17f00000)]
  0x0000025f4a08f4e0 JavaThread "Unconstrained build operations Thread 32" [_thread_blocked, id=23772, stack(0x0000006b17f00000,0x0000006b18000000)]
  0x0000025f4a08db90 JavaThread "Unconstrained build operations Thread 33" [_thread_blocked, id=20132, stack(0x0000006b18000000,0x0000006b18100000)]
  0x0000025f4a08e0a0 JavaThread "Unconstrained build operations Thread 34" [_thread_blocked, id=25456, stack(0x0000006b18100000,0x0000006b18200000)]
  0x0000025f4a08e5b0 JavaThread "Unconstrained build operations Thread 35" [_thread_blocked, id=7776, stack(0x0000006b18200000,0x0000006b18300000)]
  0x0000025f4a08f9f0 JavaThread "Unconstrained build operations Thread 36" [_thread_blocked, id=18464, stack(0x0000006b18300000,0x0000006b18400000)]
  0x0000025f4a08eac0 JavaThread "Unconstrained build operations Thread 37" [_thread_blocked, id=24872, stack(0x0000006b18400000,0x0000006b18500000)]
  0x0000025f4a08efd0 JavaThread "Unconstrained build operations Thread 38" [_thread_blocked, id=5080, stack(0x0000006b18500000,0x0000006b18600000)]
  0x0000025f4145f1f0 JavaThread "Unconstrained build operations Thread 39" [_thread_blocked, id=27768, stack(0x0000006b18600000,0x0000006b18700000)]
  0x0000025f41460630 JavaThread "build event listener" [_thread_blocked, id=3188, stack(0x0000006b18800000,0x0000006b18900000)]
  0x0000025f41460b40 JavaThread "Memory manager" [_thread_blocked, id=22852, stack(0x0000006b18900000,0x0000006b18a00000)]
  0x0000025f41461050 JavaThread "Problems report writer" [_thread_blocked, id=14856, stack(0x0000006b18a00000,0x0000006b18b00000)]
  0x0000025f414629a0 JavaThread "ForkJoinPool.commonPool-worker-2" daemon [_thread_blocked, id=13248, stack(0x0000006b18c00000,0x0000006b18d00000)]
  0x0000025f414633c0 JavaThread "ForkJoinPool.commonPool-worker-4" daemon [_thread_blocked, id=2548, stack(0x0000006b18e00000,0x0000006b18f00000)]
  0x0000025f4145fc10 JavaThread "ForkJoinPool.commonPool-worker-5" daemon [_thread_blocked, id=208, stack(0x0000006b18f00000,0x0000006b19000000)]
  0x0000025f41463de0 JavaThread "ForkJoinPool.commonPool-worker-6" daemon [_thread_blocked, id=9416, stack(0x0000006b19000000,0x0000006b19100000)]
  0x0000025f41465730 JavaThread "ForkJoinPool.commonPool-worker-8" daemon [_thread_blocked, id=23896, stack(0x0000006b19200000,0x0000006b19300000)]
  0x0000025f41464800 JavaThread "ForkJoinPool.commonPool-worker-10" daemon [_thread_blocked, id=22208, stack(0x0000006b19400000,0x0000006b19500000)]
  0x0000025f41464d10 JavaThread "ForkJoinPool.commonPool-worker-11" daemon [_thread_blocked, id=9948, stack(0x0000006b19500000,0x0000006b19600000)]
  0x0000025f414638d0 JavaThread "included builds" [_thread_blocked, id=17244, stack(0x0000006b19600000,0x0000006b19700000)]
  0x0000025f41465c40 JavaThread "Execution worker" [_thread_blocked, id=8656, stack(0x0000006b19700000,0x0000006b19800000)]
  0x0000025f41466150 JavaThread "Execution worker Thread 2" [_thread_blocked, id=5480, stack(0x0000006b19800000,0x0000006b19900000)]
  0x0000025f41466660 JavaThread "Execution worker Thread 3" [_thread_blocked, id=7072, stack(0x0000006b19900000,0x0000006b19a00000)]
  0x0000025f4bab5af0 JavaThread "Execution worker Thread 4" [_thread_blocked, id=10388, stack(0x0000006b19a00000,0x0000006b19b00000)]
  0x0000025f4bab6510 JavaThread "Execution worker Thread 5" [_thread_blocked, id=14508, stack(0x0000006b19b00000,0x0000006b19c00000)]
  0x0000025f4bab6000 JavaThread "Execution worker Thread 6" [_thread_blocked, id=28392, stack(0x0000006b19c00000,0x0000006b19d00000)]
  0x0000025f4bab7440 JavaThread "Execution worker Thread 7" [_thread_blocked, id=13908, stack(0x0000006b19d00000,0x0000006b19e00000)]
  0x0000025f4bab7950 JavaThread "Execution worker Thread 8" [_thread_blocked, id=16800, stack(0x0000006b19e00000,0x0000006b19f00000)]
  0x0000025f4bab4bc0 JavaThread "Execution worker Thread 9" [_thread_blocked, id=15796, stack(0x0000006b19f00000,0x0000006b1a000000)]
  0x0000025f4bab46b0 JavaThread "Execution worker Thread 10" [_thread_blocked, id=928, stack(0x0000006b1a000000,0x0000006b1a100000)]
  0x0000025f4bab7e60 JavaThread "Execution worker Thread 11" [_thread_blocked, id=12296, stack(0x0000006b1a100000,0x0000006b1a200000)]
  0x0000025f4bab6a20 JavaThread "Cache worker for execution history cache (D:\GrowBusinessNetwork\gbn-22-6-2026\node_modules\@react-native\gradle-plugin\.gradle\9.3.1\executionHistory)" [_thread_blocked, id=4224, stack(0x0000006b1a200000,0x0000006b1a300000)]
  0x0000025f4bab6f30 JavaThread "Unconstrained build operations Thread 40" [_thread_blocked, id=17664, stack(0x0000006b1a300000,0x0000006b1a400000)]
  0x0000025f4bab50d0 JavaThread "Unconstrained build operations Thread 41" [_thread_blocked, id=9824, stack(0x0000006b1a400000,0x0000006b1a500000)]
  0x0000025f4bab55e0 JavaThread "Unconstrained build operations Thread 42" [_thread_blocked, id=28376, stack(0x0000006b1a500000,0x0000006b1a600000)]
  0x0000025f4675dfd0 JavaThread "Unconstrained build operations Thread 43" [_thread_blocked, id=21104, stack(0x0000006b1a600000,0x0000006b1a700000)]
  0x0000025f4675c170 JavaThread "Unconstrained build operations Thread 44" [_thread_blocked, id=15208, stack(0x0000006b1a700000,0x0000006b1a800000)]
  0x0000025f4675b750 JavaThread "Unconstrained build operations Thread 45" [_thread_blocked, id=12576, stack(0x0000006b1a800000,0x0000006b1a900000)]
  0x0000025f4675dac0 JavaThread "Unconstrained build operations Thread 46" [_thread_blocked, id=28636, stack(0x0000006b1a900000,0x0000006b1aa00000)]
  0x0000025f4675cb90 JavaThread "Unconstrained build operations Thread 47" [_thread_blocked, id=23364, stack(0x0000006b1aa00000,0x0000006b1ab00000)]
  0x0000025f4675e4e0 JavaThread "Unconstrained build operations Thread 48" [_thread_blocked, id=4564, stack(0x0000006b1ab00000,0x0000006b1ac00000)]
  0x0000025f4675bc60 JavaThread "Unconstrained build operations Thread 49" [_thread_blocked, id=420, stack(0x0000006b1ac00000,0x0000006b1ad00000)]
  0x0000025f4675ad30 JavaThread "Unconstrained build operations Thread 50" [_thread_blocked, id=28276, stack(0x0000006b1ad00000,0x0000006b1ae00000)]
  0x0000025f4675c680 JavaThread "Unconstrained build operations Thread 51" [_thread_blocked, id=2216, stack(0x0000006b1ae00000,0x0000006b1af00000)]
  0x0000025f4675b240 JavaThread "Unconstrained build operations Thread 52" [_thread_blocked, id=11868, stack(0x0000006b1af00000,0x0000006b1b000000)]
  0x0000025f4675d0a0 JavaThread "Unconstrained build operations Thread 53" [_thread_blocked, id=22644, stack(0x0000006b1b000000,0x0000006b1b100000)]
  0x0000025f4675d5b0 JavaThread "Unconstrained build operations Thread 54" [_thread_blocked, id=18656, stack(0x0000006b1b100000,0x0000006b1b200000)]
  0x0000025f489b5060 JavaThread "Unconstrained build operations Thread 55" [_thread_blocked, id=6216, stack(0x0000006b1b200000,0x0000006b1b300000)]
  0x0000025f489b7df0 JavaThread "Unconstrained build operations Thread 56" [_thread_blocked, id=16284, stack(0x0000006b1b300000,0x0000006b1b400000)]
  0x0000025f489b8810 JavaThread "Unconstrained build operations Thread 57" [_thread_blocked, id=23412, stack(0x0000006b1b400000,0x0000006b1b500000)]
  0x0000025f489b78e0 JavaThread "Unconstrained build operations Thread 58" [_thread_blocked, id=9284, stack(0x0000006b1b500000,0x0000006b1b600000)]
  0x0000025f489b8d20 JavaThread "Unconstrained build operations Thread 59" [_thread_blocked, id=19616, stack(0x0000006b1b600000,0x0000006b1b700000)]
  0x0000025f489b69b0 JavaThread "Unconstrained build operations Thread 60" [_thread_blocked, id=13364, stack(0x0000006b1b700000,0x0000006b1b800000)]
  0x0000025f489b5f90 JavaThread "Unconstrained build operations Thread 61" [_thread_blocked, id=28260, stack(0x0000006b1b800000,0x0000006b1b900000)]
  0x0000025f489b8300 JavaThread "Unconstrained build operations Thread 62" [_thread_blocked, id=12212, stack(0x0000006b1b900000,0x0000006b1ba00000)]
  0x0000025f489b5570 JavaThread "Unconstrained build operations Thread 63" [_thread_blocked, id=19832, stack(0x0000006b1ba00000,0x0000006b1bb00000)]
  0x0000025f489b9230 JavaThread "Unconstrained build operations Thread 64" [_thread_blocked, id=10320, stack(0x0000006b1bb00000,0x0000006b1bc00000)]
  0x0000025f489b5a80 JavaThread "Unconstrained build operations Thread 65" [_thread_blocked, id=26116, stack(0x0000006b1bc00000,0x0000006b1bd00000)]
  0x0000025f489b6ec0 JavaThread "Unconstrained build operations Thread 66" [_thread_blocked, id=19280, stack(0x0000006b1bd00000,0x0000006b1be00000)]
  0x0000025f489b9c50 JavaThread "Unconstrained build operations Thread 67" [_thread_blocked, id=4072, stack(0x0000006b1be00000,0x0000006b1bf00000)]
  0x0000025f489b64a0 JavaThread "Unconstrained build operations Thread 68" [_thread_blocked, id=19660, stack(0x0000006b1bf00000,0x0000006b1c000000)]
  0x0000025f489b9740 JavaThread "WorkerExecutor Queue" [_thread_blocked, id=20352, stack(0x0000006b1c000000,0x0000006b1c100000)]
  0x0000025f489bab80 JavaThread "RMI Scheduler(0)" daemon [_thread_blocked, id=15792, stack(0x0000006b13d00000,0x0000006b13e00000)]
  0x0000025f489bb090 JavaThread "RMI GC Daemon" daemon [_thread_blocked, id=3012, stack(0x0000006b1c100000,0x0000006b1c200000)]
  0x0000025f489bb5a0 JavaThread "RMI TCP Accept-0" daemon [_thread_in_native, id=19716, stack(0x0000006b1c200000,0x0000006b1c300000)]
  0x0000025f489bbab0 JavaThread "RMI Reaper" [_thread_blocked, id=19068, stack(0x0000006b1c300000,0x0000006b1c400000)]
  0x0000025f41460120 JavaThread "Unconstrained build operations Thread 69" [_thread_blocked, id=9532, stack(0x0000006b1c500000,0x0000006b1c600000)]
  0x0000025f4145f700 JavaThread "Unconstrained build operations Thread 70" [_thread_blocked, id=28552, stack(0x0000006b1c600000,0x0000006b1c700000)]
  0x0000025f46051550 JavaThread "Unconstrained build operations Thread 71" [_thread_blocked, id=20604, stack(0x0000006b1c700000,0x0000006b1c800000)]
  0x0000025f46052ea0 JavaThread "Unconstrained build operations Thread 72" [_thread_blocked, id=29416, stack(0x0000006b1c800000,0x0000006b1c900000)]
  0x0000025f460533b0 JavaThread "Unconstrained build operations Thread 73" [_thread_blocked, id=24800, stack(0x0000006b1c900000,0x0000006b1ca00000)]
  0x0000025f46051f70 JavaThread "Unconstrained build operations Thread 74" [_thread_blocked, id=21112, stack(0x0000006b1ca00000,0x0000006b1cb00000)]
  0x0000025f46052480 JavaThread "Unconstrained build operations Thread 75" [_thread_blocked, id=26440, stack(0x0000006b1cb00000,0x0000006b1cc00000)]
  0x0000025f460538c0 JavaThread "Unconstrained build operations Thread 76" [_thread_blocked, id=3076, stack(0x0000006b1cc00000,0x0000006b1cd00000)]
  0x0000025f46052990 JavaThread "Unconstrained build operations Thread 77" [_thread_blocked, id=984, stack(0x0000006b1cd00000,0x0000006b1ce00000)]
  0x0000025f46050110 JavaThread "Unconstrained build operations Thread 78" [_thread_blocked, id=21256, stack(0x0000006b1ce00000,0x0000006b1cf00000)]
  0x0000025f46051a60 JavaThread "Unconstrained build operations Thread 79" [_thread_blocked, id=20680, stack(0x0000006b1cf00000,0x0000006b1d000000)]
  0x0000025f46050b30 JavaThread "Unconstrained build operations Thread 80" [_thread_blocked, id=27680, stack(0x0000006b1d000000,0x0000006b1d100000)]
  0x0000025f46057070 JavaThread "Unconstrained build operations Thread 81" [_thread_blocked, id=28664, stack(0x0000006b1d400000,0x0000006b1d500000)]
  0x0000025f46055c30 JavaThread "Unconstrained build operations Thread 82" [_thread_blocked, id=21300, stack(0x0000006b1d500000,0x0000006b1d600000)]
  0x0000025f46057580 JavaThread "Unconstrained build operations Thread 83" [_thread_blocked, id=11180, stack(0x0000006b1d600000,0x0000006b1d700000)]
  0x0000025f46056140 JavaThread "Unconstrained build operations Thread 84" [_thread_blocked, id=20836, stack(0x0000006b1d700000,0x0000006b1d800000)]
  0x0000025f46055720 JavaThread "Unconstrained build operations Thread 85" [_thread_blocked, id=18456, stack(0x0000006b1d800000,0x0000006b1d900000)]
  0x0000025f46054d00 JavaThread "Unconstrained build operations Thread 86" [_thread_blocked, id=14780, stack(0x0000006b1d900000,0x0000006b1da00000)]
  0x0000025f460547f0 JavaThread "Unconstrained build operations Thread 87" [_thread_blocked, id=18480, stack(0x0000006b1da00000,0x0000006b1db00000)]
  0x0000025f46056b60 JavaThread "Unconstrained build operations Thread 88" [_thread_blocked, id=14908, stack(0x0000006b1db00000,0x0000006b1dc00000)]
  0x0000025f46056650 JavaThread "Unconstrained build operations Thread 89" [_thread_blocked, id=17928, stack(0x0000006b1dc00000,0x0000006b1dd00000)]
  0x0000025f46057a90 JavaThread "Unconstrained build operations Thread 90" [_thread_blocked, id=26192, stack(0x0000006b1dd00000,0x0000006b1de00000)]
  0x0000025f46055210 JavaThread "Unconstrained build operations Thread 91" [_thread_blocked, id=1776, stack(0x0000006b1de00000,0x0000006b1df00000)]
  0x0000025f460542e0 JavaThread "Unconstrained build operations Thread 92" [_thread_blocked, id=22220, stack(0x0000006b1df00000,0x0000006b1e000000)]
  0x0000025f46c3bff0 JavaThread "Unconstrained build operations Thread 93" [_thread_blocked, id=27968, stack(0x0000006b1e000000,0x0000006b1e100000)]
  0x0000025f46c3bae0 JavaThread "Unconstrained build operations Thread 94" [_thread_blocked, id=26432, stack(0x0000006b1e100000,0x0000006b1e200000)]
  0x0000025f46c38d50 JavaThread "Unconstrained build operations Thread 95" [_thread_blocked, id=19352, stack(0x0000006b1e200000,0x0000006b1e300000)]
  0x0000025f46c3a6a0 JavaThread "Unconstrained build operations Thread 96" [_thread_blocked, id=6360, stack(0x0000006b1e300000,0x0000006b1e400000)]
  0x0000025f46c3b0c0 JavaThread "Unconstrained build operations Thread 97" [_thread_blocked, id=28388, stack(0x0000006b1e400000,0x0000006b1e500000)]
  0x0000025f46c3b5d0 JavaThread "Unconstrained build operations Thread 98" [_thread_blocked, id=22140, stack(0x0000006b1e500000,0x0000006b1e600000)]
  0x0000025f46c3c500 JavaThread "Unconstrained build operations Thread 99" [_thread_blocked, id=18020, stack(0x0000006b1e600000,0x0000006b1e700000)]
  0x0000025f46c3ca10 JavaThread "Unconstrained build operations Thread 100" [_thread_blocked, id=1984, stack(0x0000006b1e700000,0x0000006b1e800000)]
  0x0000025f46c39260 JavaThread "Unconstrained build operations Thread 101" [_thread_blocked, id=25004, stack(0x0000006b1e800000,0x0000006b1e900000)]
  0x0000025f46c39770 JavaThread "Unconstrained build operations Thread 102" [_thread_blocked, id=3908, stack(0x0000006b1e900000,0x0000006b1ea00000)]
  0x0000025f46c3abb0 JavaThread "Unconstrained build operations Thread 103" [_thread_blocked, id=1952, stack(0x0000006b1ea00000,0x0000006b1eb00000)]
  0x0000025f46c3d430 JavaThread "Unconstrained build operations Thread 104" [_thread_blocked, id=6244, stack(0x0000006b1eb00000,0x0000006b1ec00000)]
  0x0000025f46c39c80 JavaThread "Unconstrained build operations Thread 105" [_thread_blocked, id=22480, stack(0x0000006b1ec00000,0x0000006b1ed00000)]
  0x0000025f46c3d940 JavaThread "Unconstrained build operations Thread 106" [_thread_blocked, id=24548, stack(0x0000006b1ed00000,0x0000006b1ee00000)]
  0x0000025f46c3a190 JavaThread "Unconstrained build operations Thread 107" [_thread_blocked, id=21508, stack(0x0000006b1ee00000,0x0000006b1ef00000)]
  0x0000025f46c3e870 JavaThread "Unconstrained build operations Thread 108" [_thread_blocked, id=28632, stack(0x0000006b1ef00000,0x0000006b1f000000)]
  0x0000025f46c3f290 JavaThread "Unconstrained build operations Thread 109" [_thread_blocked, id=8040, stack(0x0000006b1f000000,0x0000006b1f100000)]
  0x0000025f46c3e360 JavaThread "Unconstrained build operations Thread 110" [_thread_blocked, id=14184, stack(0x0000006b1f100000,0x0000006b1f200000)]
  0x0000025f46c3de50 JavaThread "Unconstrained build operations Thread 111" [_thread_blocked, id=15212, stack(0x0000006b1f200000,0x0000006b1f300000)]
  0x0000025f46c401c0 JavaThread "Unconstrained build operations Thread 112" [_thread_blocked, id=9328, stack(0x0000006b1f300000,0x0000006b1f400000)]
  0x0000025f46c3ed80 JavaThread "jar transforms Thread 2" [_thread_blocked, id=13888, stack(0x0000006b1f400000,0x0000006b1f500000)]
  0x0000025f46c406d0 JavaThread "jar transforms Thread 3" [_thread_blocked, id=28292, stack(0x0000006b1f600000,0x0000006b1f700000)]
  0x0000025f4674c1b0 JavaThread "Unconstrained build operations Thread 113" [_thread_blocked, id=18484, stack(0x0000006b1f700000,0x0000006b1f800000)]
  0x0000025f4674c6c0 JavaThread "Unconstrained build operations Thread 114" [_thread_blocked, id=7752, stack(0x0000006b1f800000,0x0000006b1f900000)]
  0x0000025f4674cbd0 JavaThread "Unconstrained build operations Thread 115" [_thread_blocked, id=16636, stack(0x0000006b1f900000,0x0000006b1fa00000)]
  0x0000025f4674d0e0 JavaThread "Unconstrained build operations Thread 116" [_thread_blocked, id=28408, stack(0x0000006b1fa00000,0x0000006b1fb00000)]
  0x0000025f4674d5f0 JavaThread "Unconstrained build operations Thread 117" [_thread_blocked, id=29196, stack(0x0000006b1fb00000,0x0000006b1fc00000)]
  0x0000025f4674ad70 JavaThread "Unconstrained build operations Thread 118" [_thread_blocked, id=25892, stack(0x0000006b1fc00000,0x0000006b1fd00000)]
  0x0000025f4674bca0 JavaThread "Unconstrained build operations Thread 119" [_thread_blocked, id=16188, stack(0x0000006b1fd00000,0x0000006b1fe00000)]
  0x0000025f4674db00 JavaThread "Unconstrained build operations Thread 120" [_thread_blocked, id=10308, stack(0x0000006b1fe00000,0x0000006b1ff00000)]
  0x0000025f4674e010 JavaThread "jar transforms Thread 4" [_thread_blocked, id=28796, stack(0x0000006b1d200000,0x0000006b1d300000)]
  0x0000025f4674e520 JavaThread "jar transforms Thread 5" [_thread_blocked, id=5864, stack(0x0000006b1ff00000,0x0000006b20000000)]
  0x0000025f4674ea30 JavaThread "jar transforms Thread 6" [_thread_blocked, id=2620, stack(0x0000006b20000000,0x0000006b20100000)]
  0x0000025f46751cd0 JavaThread "build event listener" [_thread_blocked, id=1624, stack(0x0000006b20100000,0x0000006b20200000)]
  0x0000025f4674fe70 JavaThread "jar transforms Thread 7" [_thread_blocked, id=13372, stack(0x0000006b20200000,0x0000006b20300000)]
  0x0000025f467517c0 JavaThread "jar transforms Thread 8" [_thread_blocked, id=19160, stack(0x0000006b20300000,0x0000006b20400000)]
  0x0000025f53f345b0 JavaThread "jar transforms Thread 9" [_thread_blocked, id=19604, stack(0x0000006b20400000,0x0000006b20500000)]
  0x0000025f53f32240 JavaThread "jar transforms Thread 10" [_thread_blocked, id=18564, stack(0x0000006b20500000,0x0000006b20600000)]
  0x0000025f53f32c60 JavaThread "jar transforms Thread 11" [_thread_blocked, id=17196, stack(0x0000006b20600000,0x0000006b20700000)]
  0x0000025f53f340a0 JavaThread "jar transforms Thread 12" [_thread_blocked, id=4120, stack(0x0000006b20700000,0x0000006b20800000)]
  0x0000025f53f36e30 JavaThread "pool-3-thread-1" [_thread_blocked, id=17644, stack(0x0000006b20a00000,0x0000006b20b00000)]
  0x0000025f53f391a0 JavaThread "build event listener" [_thread_blocked, id=20572, stack(0x0000006b20b00000,0x0000006b20c00000)]
  0x0000025f53f396b0 JavaThread "Cache worker for execution history cache (D:\GrowBusinessNetwork\gbn-22-6-2026\android\.gradle\9.3.1\executionHistory)" [_thread_blocked, id=896, stack(0x0000006b20c00000,0x0000006b20d00000)]
  0x0000025f53f34fd0 JavaThread "WorkerExecutor Queue Thread 4" [_thread_blocked, id=26632, stack(0x0000006b12800000,0x0000006b12900000)]
  0x0000025f53f3aaf0 JavaThread "WorkerExecutor Queue Thread 7" [_thread_blocked, id=25608, stack(0x0000006b1c400000,0x0000006b1c500000)]
  0x0000025f53f3b000 JavaThread "WorkerExecutor Queue Thread 8" [_thread_blocked, id=1592, stack(0x0000006b1d300000,0x0000006b1d400000)]
  0x0000025f53f37850 JavaThread "WorkerExecutor Queue Thread 9" [_thread_blocked, id=13472, stack(0x0000006b20800000,0x0000006b20900000)]
  0x0000025f53f3b510 JavaThread "WorkerExecutor Queue Thread 10" [_thread_blocked, id=26088, stack(0x0000006b20900000,0x0000006b20a00000)]
  0x0000025f53f3bf30 JavaThread "RMI TCP Accept-0" daemon [_thread_in_native, id=7052, stack(0x0000006b21400000,0x0000006b21500000)]
  0x0000025f414642f0 JavaThread "RMI TCP Connection(idle)" daemon [_thread_blocked, id=22400, stack(0x0000006b21900000,0x0000006b21a00000)]
  0x0000025f47177e50 JavaThread "Cache worker for Java compile cache (C:\Users\satej\.gradle\caches\9.3.1\javaCompile)" [_thread_blocked, id=8376, stack(0x0000006b22100000,0x0000006b22200000)]
  0x0000025f47174bb0 JavaThread "Build operations" [_thread_blocked, id=22724, stack(0x0000006b22400000,0x0000006b22500000)]
  0x0000025f47176f20 JavaThread "Build operations Thread 2" [_thread_blocked, id=20528, stack(0x0000006b22500000,0x0000006b22600000)]
  0x0000025f47177430 JavaThread "Build operations Thread 3" [_thread_blocked, id=6760, stack(0x0000006b22800000,0x0000006b22900000)]
  0x0000025f47178870 JavaThread "Build operations Thread 4" [_thread_blocked, id=28248, stack(0x0000006b22900000,0x0000006b22a00000)]
  0x0000025f471750c0 JavaThread "Build operations Thread 5" [_thread_blocked, id=29032, stack(0x0000006b22a00000,0x0000006b22b00000)]
  0x0000025f47178d80 JavaThread "Build operations Thread 6" [_thread_blocked, id=27180, stack(0x0000006b22b00000,0x0000006b22c00000)]
  0x0000025f471755d0 JavaThread "Build operations Thread 7" [_thread_blocked, id=28228, stack(0x0000006b22c00000,0x0000006b22d00000)]
  0x0000025f4717b0f0 JavaThread "Build operations Thread 8" [_thread_blocked, id=19944, stack(0x0000006b22d00000,0x0000006b22e00000)]
  0x0000025f4717c530 JavaThread "Build operations Thread 9" [_thread_blocked, id=27960, stack(0x0000006b22e00000,0x0000006b22f00000)]
  0x0000025f4717a1c0 JavaThread "Build operations Thread 10" [_thread_blocked, id=20392, stack(0x0000006b22f00000,0x0000006b23000000)]
  0x0000025f47179cb0 JavaThread "Build operations Thread 11" [_thread_blocked, id=13860, stack(0x0000006b23000000,0x0000006b23100000)]
  0x0000025f4717a6d0 JavaThread "Build operations Thread 12" [_thread_blocked, id=3412, stack(0x0000006b23100000,0x0000006b23200000)]
  0x0000025f552df0c0 JavaThread "pool-4-thread-1" [_thread_blocked, id=648, stack(0x0000006b21000000,0x0000006b21100000)]
  0x0000025f552df5d0 JavaThread "stderr" [_thread_in_native, id=5400, stack(0x0000006b21300000,0x0000006b21400000)]
  0x0000025f552dfae0 JavaThread "stdout" [_thread_in_native, id=24968, stack(0x0000006b21600000,0x0000006b21700000)]
  0x0000025f552de190 JavaThread "stderr" [_thread_in_native, id=20304, stack(0x0000006b21800000,0x0000006b21900000)]
  0x0000025f552e0a10 JavaThread "stdout" [_thread_in_native, id=8416, stack(0x0000006b21a00000,0x0000006b21b00000)]
  0x0000025f552e0f20 JavaThread "stderr" [_thread_in_native, id=27024, stack(0x0000006b21c00000,0x0000006b21d00000)]
  0x0000025f552e1430 JavaThread "stdout" [_thread_in_native, id=10336, stack(0x0000006b21e00000,0x0000006b21f00000)]
  0x0000025f552ddc80 JavaThread "stderr" [_thread_in_native, id=24784, stack(0x0000006b24600000,0x0000006b24700000)]
  0x0000025f552e2870 JavaThread "stdout" [_thread_in_native, id=2992, stack(0x0000006b24700000,0x0000006b24800000)]
  0x0000025f552e2d80 JavaThread "stderr" [_thread_in_native, id=25336, stack(0x0000006b24800000,0x0000006b24900000)]
  0x0000025f552e1e50 JavaThread "stdout" [_thread_in_native, id=21608, stack(0x0000006b24900000,0x0000006b24a00000)]
  0x0000025f552e3290 JavaThread "stderr" [_thread_in_native, id=11484, stack(0x0000006b24a00000,0x0000006b24b00000)]
  0x0000025f552e1940 JavaThread "stdout" [_thread_in_native, id=26072, stack(0x0000006b24b00000,0x0000006b24c00000)]
  0x0000025f552e46d0 JavaThread "stderr" [_thread_in_native, id=6212, stack(0x0000006b24c00000,0x0000006b24d00000)]
  0x0000025f552e37a0 JavaThread "stdout" [_thread_in_native, id=22704, stack(0x0000006b24d00000,0x0000006b24e00000)]
  0x0000025f552e3cb0 JavaThread "stderr" [_thread_in_native, id=23220, stack(0x0000006b24e00000,0x0000006b24f00000)]
  0x0000025f552e41c0 JavaThread "stdout" [_thread_in_native, id=19236, stack(0x0000006b24f00000,0x0000006b25000000)]
  0x0000025f4717de80 JavaThread "Java2D Disposer" daemon [_thread_blocked, id=29248, stack(0x0000006b20d00000,0x0000006b20e00000)]
  0x0000025f4717f2c0 JavaThread "AWT-Windows" daemon [_thread_in_native, id=17152, stack(0x0000006b21500000,0x0000006b21600000)]
  0x0000025f4717d460 JavaThread "DefaultDispatcher-worker-1" daemon [_thread_blocked, id=944, stack(0x0000006b22200000,0x0000006b22300000)]
  0x0000025f47181120 JavaThread "DefaultDispatcher-worker-1" daemon [_thread_blocked, id=21344, stack(0x0000006b22300000,0x0000006b22400000)]
  0x0000025f47181630 JavaThread "DefaultDispatcher-worker-2" daemon [_thread_blocked, id=8732, stack(0x0000006b23500000,0x0000006b23600000)]
  0x0000025f47181b40 JavaThread "DefaultDispatcher-worker-2" daemon [_thread_blocked, id=27840, stack(0x0000006b23900000,0x0000006b23a00000)]
  0x0000025f552e97d0 JavaThread "DefaultDispatcher-worker-3" daemon [_thread_blocked, id=10812, stack(0x0000006b23a00000,0x0000006b23b00000)]
  0x0000025f552e88a0 JavaThread "DefaultDispatcher-worker-3" daemon [_thread_blocked, id=24492, stack(0x0000006b23c00000,0x0000006b23d00000)]
  0x0000025f552e7460 JavaThread "DefaultDispatcher-worker-4" daemon [_thread_blocked, id=1900, stack(0x0000006b23e00000,0x0000006b23f00000)]
  0x0000025f552e6f50 JavaThread "DefaultDispatcher-worker-5" daemon [_thread_blocked, id=19988, stack(0x0000006b23f00000,0x0000006b24000000)]
  0x0000025f552eac10 JavaThread "DefaultDispatcher-worker-4" daemon [_thread_blocked, id=28596, stack(0x0000006b24000000,0x0000006b24100000)]
  0x0000025f552eb120 JavaThread "DefaultDispatcher-worker-6" daemon [_thread_blocked, id=20524, stack(0x0000006b24400000,0x0000006b24500000)]
  0x0000025f552e7970 JavaThread "DefaultDispatcher-worker-7" daemon [_thread_blocked, id=10660, stack(0x0000006b24500000,0x0000006b24600000)]
  0x0000025f552eb630 JavaThread "DefaultDispatcher-worker-8" daemon [_thread_blocked, id=29592, stack(0x0000006b25000000,0x0000006b25100000)]
  0x0000025f552ebb40 JavaThread "DefaultDispatcher-worker-9" daemon [_thread_blocked, id=18784, stack(0x0000006b25100000,0x0000006b25200000)]
  0x0000025f552e8390 JavaThread "DefaultDispatcher-worker-5" daemon [_thread_blocked, id=24536, stack(0x0000006b25200000,0x0000006b25300000)]
  0x0000025f552ec050 JavaThread "DefaultDispatcher-worker-10" daemon [_thread_blocked, id=29056, stack(0x0000006b25300000,0x0000006b25400000)]
  0x0000025f552ec560 JavaThread "DefaultDispatcher-worker-6" daemon [_thread_blocked, id=29412, stack(0x0000006b25400000,0x0000006b25500000)]
  0x0000025f552eca70 JavaThread "DefaultDispatcher-worker-11" daemon [_thread_blocked, id=15972, stack(0x0000006b25500000,0x0000006b25600000)]
  0x0000025f552ecf80 JavaThread "DefaultDispatcher-worker-12" daemon [_thread_blocked, id=5420, stack(0x0000006b25600000,0x0000006b25700000)]
  0x0000025f4145ece0 JavaThread "Periodic tasks thread" daemon [_thread_blocked, id=18984, stack(0x0000006b21100000,0x0000006b21200000)]
  0x0000025f41462eb0 JavaThread "ApplicationImpl pooled thread 1" [_thread_blocked, id=7888, stack(0x0000006b22000000,0x0000006b22100000)]
  0x0000025f65fd4ff0 JavaThread "Periodic tasks thread" daemon [_thread_blocked, id=5436, stack(0x0000006b12900000,0x0000006b12a00000)]
  0x0000025f65fd1840 JavaThread "ApplicationImpl pooled thread 1" [_thread_blocked, id=17816, stack(0x0000006b19100000,0x0000006b19200000)]
  0x0000025f65fd5a10 JavaThread "WorkerExecutor Queue Thread 18" [_thread_blocked, id=16836, stack(0x0000006b25700000,0x0000006b25800000)]
  0x0000025f65fd3bb0 JavaThread "ApplicationImpl pooled thread 2" [_thread_blocked, id=5968, stack(0x0000006b25800000,0x0000006b25900000)]
  0x0000025f49a300b0 JavaThread "C2 CompilerThread1" daemon [_thread_blocked, id=8384, stack(0x0000006b18700000,0x0000006b18800000)]
  0x0000025f49a31b40 JavaThread "C2 CompilerThread2" daemon [_thread_blocked, id=4200, stack(0x0000006b18b00000,0x0000006b18c00000)]
  0x0000025f63148610 JavaThread "WorkerExecutor Queue Thread 19" [_thread_blocked, id=27604, stack(0x0000006b1d100000,0x0000006b1d200000)]
  0x0000025f63143f30 JavaThread "ForkJoinPool-1-worker-1" daemon [_thread_blocked, id=13664, stack(0x0000006b25900000,0x0000006b25a00000)]
  0x0000025f6312c890 JavaThread "ForkJoinPool-1-worker-2" daemon [_thread_blocked, id=27668, stack(0x0000006b25a00000,0x0000006b25b00000)]
  0x0000025f6312d2b0 JavaThread "ForkJoinPool-1-worker-3" daemon [_thread_blocked, id=9068, stack(0x0000006b25b00000,0x0000006b25c00000)]
  0x0000025f63130550 JavaThread "ForkJoinPool-1-worker-4" daemon [_thread_blocked, id=10160, stack(0x0000006b25c00000,0x0000006b25d00000)]
  0x0000025f6312e6f0 JavaThread "ForkJoinPool-1-worker-5" daemon [_thread_blocked, id=6156, stack(0x0000006b25d00000,0x0000006b25e00000)]
  0x0000025f6312cda0 JavaThread "ForkJoinPool-1-worker-6" daemon [_thread_blocked, id=22844, stack(0x0000006b25e00000,0x0000006b25f00000)]
  0x0000025f6312f620 JavaThread "ForkJoinPool-1-worker-7" daemon [_thread_blocked, id=28652, stack(0x0000006b25f00000,0x0000006b26000000)]
  0x0000025f63130a60 JavaThread "ForkJoinPool-1-worker-9" daemon [_thread_blocked, id=25020, stack(0x0000006b26000000,0x0000006b26100000)]
  0x0000025f63130f70 JavaThread "ForkJoinPool-1-worker-8" daemon [_thread_blocked, id=8676, stack(0x0000006b26100000,0x0000006b26200000)]
  0x0000025f6312d7c0 JavaThread "ForkJoinPool-1-worker-11" daemon [_thread_blocked, id=18776, stack(0x0000006b26200000,0x0000006b26300000)]
  0x0000025f6312ec00 JavaThread "ForkJoinPool-1-worker-10" daemon [_thread_blocked, id=17456, stack(0x0000006b26300000,0x0000006b26400000)]
  0x0000025f63131480 JavaThread "ForkJoinPool-1-worker-12" daemon [_thread_blocked, id=2524, stack(0x0000006b26400000,0x0000006b26500000)]
  0x0000025f63134c30 JavaThread "ForkJoinPool.commonPool-worker-12" daemon [_thread_blocked, id=4508, stack(0x0000006b21200000,0x0000006b21300000)]
  0x0000025f63145d90 JavaThread "WorkerExecutor Queue Thread 20" [_thread_blocked, id=29544, stack(0x0000006b26b00000,0x0000006b26c00000)]
  0x0000025f821ceed0 JavaThread "WorkerExecutor Queue Thread 21" [_thread_blocked, id=12500, stack(0x0000006b1f500000,0x0000006b1f600000)]
  0x0000025f5d7fa890 JavaThread "WorkerExecutor Queue Thread 23" [_thread_blocked, id=15468, stack(0x0000006b20f00000,0x0000006b21000000)]
  0x0000025f5d4afc60 JavaThread "WorkerExecutor Queue Thread 24" [_thread_blocked, id=15724, stack(0x0000006b12700000,0x0000006b12800000)]
  0x0000025f821cf3e0 JavaThread "WorkerExecutor Queue Thread 25" [_thread_blocked, id=27264, stack(0x0000006b20e00000,0x0000006b20f00000)]

Other Threads:
=>0x0000025f7fcdfc80 VMThread "VM Thread" [stack: 0x0000006b13000000,0x0000006b13100000] [id=29432]
  0x0000025f6887fd90 WatcherThread [stack: 0x0000006b13c00000,0x0000006b13d00000] [id=15964]
  0x0000025f688f0cd0 GCTaskThread "GC Thread#0" [stack: 0x0000006b12b00000,0x0000006b12c00000] [id=17604]
  0x0000025f413a6790 GCTaskThread "GC Thread#1" [stack: 0x0000006b13e00000,0x0000006b13f00000] [id=6836]
  0x0000025f413f9ad0 GCTaskThread "GC Thread#2" [stack: 0x0000006b13f00000,0x0000006b14000000] [id=1484]
  0x0000025f41631950 GCTaskThread "GC Thread#3" [stack: 0x0000006b14000000,0x0000006b14100000] [id=15088]
  0x0000025f41631c10 GCTaskThread "GC Thread#4" [stack: 0x0000006b14100000,0x0000006b14200000] [id=10144]
  0x0000025f41453560 GCTaskThread "GC Thread#5" [stack: 0x0000006b14200000,0x0000006b14300000] [id=22188]
  0x0000025f47b5cd00 GCTaskThread "GC Thread#6" [stack: 0x0000006b14e00000,0x0000006b14f00000] [id=7104]
  0x0000025f47b5c4c0 GCTaskThread "GC Thread#7" [stack: 0x0000006b14f00000,0x0000006b15000000] [id=25436]
  0x0000025f47b5bf40 GCTaskThread "GC Thread#8" [stack: 0x0000006b15000000,0x0000006b15100000] [id=27004]
  0x0000025f47b5cfc0 GCTaskThread "GC Thread#9" [stack: 0x0000006b15100000,0x0000006b15200000] [id=26024]
  0x0000025f68901b30 ConcurrentGCThread "G1 Main Marker" [stack: 0x0000006b12c00000,0x0000006b12d00000] [id=27924]
  0x0000025f68902460 ConcurrentGCThread "G1 Conc#0" [stack: 0x0000006b12d00000,0x0000006b12e00000] [id=22756]
  0x0000025f47b5ca40 ConcurrentGCThread "G1 Conc#1" [stack: 0x0000006b15400000,0x0000006b15500000] [id=9208]
  0x0000025f47b5c200 ConcurrentGCThread "G1 Conc#2" [stack: 0x0000006b15500000,0x0000006b15600000] [id=27708]
  0x0000025f6892e540 ConcurrentGCThread "G1 Refine#0" [stack: 0x0000006b12e00000,0x0000006b12f00000] [id=18928]
  0x0000025f55f13a70 ConcurrentGCThread "G1 Refine#1" [stack: 0x0000006b19300000,0x0000006b19400000] [id=3672]
  0x0000025f559ac130 ConcurrentGCThread "G1 Refine#2" [stack: 0x0000006b18d00000,0x0000006b18e00000] [id=11296]
  0x0000025f5d240560 ConcurrentGCThread "G1 Refine#3" [stack: 0x0000006b26500000,0x0000006b26600000] [id=22016]
  0x0000025f5d6cd430 ConcurrentGCThread "G1 Refine#4" [stack: 0x0000006b26600000,0x0000006b26700000] [id=27116]
  0x0000025f5d241700 ConcurrentGCThread "G1 Refine#5" [stack: 0x0000006b26700000,0x0000006b26800000] [id=23840]
  0x0000025f815de970 ConcurrentGCThread "G1 Refine#6" [stack: 0x0000006b26800000,0x0000006b26900000] [id=3792]
  0x0000025f5eae13a0 ConcurrentGCThread "G1 Refine#7" [stack: 0x0000006b26900000,0x0000006b26a00000] [id=25036]
  0x0000025f53654c40 ConcurrentGCThread "G1 Refine#8" [stack: 0x0000006b26a00000,0x0000006b26b00000] [id=11192]
  0x0000025f7fc1fe10 ConcurrentGCThread "G1 Service" [stack: 0x0000006b12f00000,0x0000006b13000000] [id=22656]

Threads with active compile tasks:
C2 CompilerThread0   333242 83483       4       com.android.aaptcompiler.TableExtractor::parseXml (494 bytes)
C2 CompilerThread1   333242 83648       4       com.android.tools.r8.internal.HY::a (42 bytes)
C2 CompilerThread2   333242 83492       4       com.android.aaptcompiler.proto.ProtoSerializeKt::serializeItemToPb (236 bytes)

VM state: at safepoint (normal execution)

VM Mutex/Monitor currently owned by a thread:  ([mutex/lock_event])
[0x0000025f664d90c0] Threads_lock - owner thread: 0x0000025f7fcdfc80
[0x0000025f6887e090] Heap_lock - owner thread: 0x0000025f68901b30

Heap address: 0x0000000700000000, size: 4096 MB, Compressed Oops mode: Zero based, Oop shift amount: 3

CDS archive(s) mapped at: [0x0000025f0c000000-0x0000025f0cbb0000-0x0000025f0cbb0000), size 12255232, SharedBaseAddress: 0x0000025f0c000000, ArchiveRelocationMode: 1.
Compressed class space mapped at: 0x0000025f0d000000-0x0000025f41000000, reserved size: 872415232
Narrow klass base: 0x0000025f0c000000, Narrow klass shift: 0, Narrow klass range: 0x100000000

GC Precious Log:
 CPUs: 12 total, 12 available
 Memory: 16052M
 Large Page Support: Disabled
 NUMA Support: Disabled
 Compressed Oops: Enabled (Zero based)
 Heap Region Size: 2M
 Heap Min Capacity: 8M
 Heap Initial Capacity: 252M
 Heap Max Capacity: 4G
 Pre-touch: Disabled
 Parallel Workers: 10
 Concurrent Workers: 3
 Concurrent Refinement Workers: 10
 Periodic GC: Disabled

Heap:
 garbage-first heap   total 2600960K, used 2180144K [0x0000000700000000, 0x0000000800000000)
  region size 2048K, 9 young (18432K), 8 survivors (16384K)
 Metaspace       used 401990K, committed 406976K, reserved 1245184K
  class space    used 51252K, committed 53248K, reserved 851968K

Heap Regions: E=young(eden), S=young(survivor), O=old, HS=humongous(starts), HC=humongous(continues), CS=collection set, F=free, OA=open archive, CA=closed archive, TAMS=top-at-mark-start (previous, next)
|   0|0x0000000700000000, 0x0000000700200000, 0x0000000700200000|100%|HS|  |TAMS 0x0000000700200000, 0x0000000700000000| Complete 
|   1|0x0000000700200000, 0x0000000700400000, 0x0000000700400000|100%|HC|  |TAMS 0x0000000700400000, 0x0000000700200000| Complete 
|   2|0x0000000700400000, 0x0000000700600000, 0x0000000700600000|100%| O|  |TAMS 0x0000000700600000, 0x0000000700400000| Untracked 
|   3|0x0000000700600000, 0x0000000700800000, 0x0000000700800000|100%| O|  |TAMS 0x0000000700800000, 0x0000000700600000| Untracked 
|   4|0x0000000700800000, 0x0000000700a00000, 0x0000000700a00000|100%| O|  |TAMS 0x0000000700a00000, 0x0000000700800000| Updating 
|   5|0x0000000700a00000, 0x0000000700c00000, 0x0000000700c00000|100%| O|  |TAMS 0x0000000700c00000, 0x0000000700a00000| Untracked 
|   6|0x0000000700c00000, 0x0000000700e00000, 0x0000000700e00000|100%| O|  |TAMS 0x0000000700e00000, 0x0000000700c00000| Untracked 
|   7|0x0000000700e00000, 0x0000000701000000, 0x0000000701000000|100%| O|  |TAMS 0x0000000701000000, 0x0000000700e00000| Untracked 
|   8|0x0000000701000000, 0x0000000701200000, 0x0000000701200000|100%| O|  |TAMS 0x0000000701200000, 0x0000000701000000| Untracked 
|   9|0x0000000701200000, 0x0000000701400000, 0x0000000701400000|100%| O|  |TAMS 0x0000000701400000, 0x0000000701200000| Untracked 
|  10|0x0000000701400000, 0x0000000701600000, 0x0000000701600000|100%| O|  |TAMS 0x0000000701600000, 0x0000000701400000| Untracked 
|  11|0x0000000701600000, 0x0000000701800000, 0x0000000701800000|100%| O|  |TAMS 0x0000000701800000, 0x0000000701600000| Untracked 
|  12|0x0000000701800000, 0x0000000701a00000, 0x0000000701a00000|100%| O|  |TAMS 0x0000000701a00000, 0x0000000701800000| Untracked 
|  13|0x0000000701a00000, 0x0000000701c00000, 0x0000000701c00000|100%| O|  |TAMS 0x0000000701c00000, 0x0000000701a00000| Untracked 
|  14|0x0000000701c00000, 0x0000000701e00000, 0x0000000701e00000|100%| O|  |TAMS 0x0000000701e00000, 0x0000000701c00000| Updating 
|  15|0x0000000701e00000, 0x0000000702000000, 0x0000000702000000|100%| O|  |TAMS 0x0000000702000000, 0x0000000701e00000| Updating 
|  16|0x0000000702000000, 0x0000000702200000, 0x0000000702200000|100%| O|  |TAMS 0x0000000702200000, 0x0000000702000000| Updating 
|  17|0x0000000702200000, 0x0000000702400000, 0x0000000702400000|100%| O|  |TAMS 0x0000000702400000, 0x0000000702200000| Updating 
|  18|0x0000000702400000, 0x0000000702600000, 0x0000000702600000|100%|HS|  |TAMS 0x0000000702600000, 0x0000000702400000| Complete 
|  19|0x0000000702600000, 0x0000000702800000, 0x0000000702800000|100%|HC|  |TAMS 0x0000000702800000, 0x0000000702600000| Complete 
|  20|0x0000000702800000, 0x0000000702a00000, 0x0000000702a00000|100%|HS|  |TAMS 0x0000000702a00000, 0x0000000702800000| Complete 
|  21|0x0000000702a00000, 0x0000000702c00000, 0x0000000702c00000|100%|HC|  |TAMS 0x0000000702c00000, 0x0000000702a00000| Complete 
|  22|0x0000000702c00000, 0x0000000702e00000, 0x0000000702e00000|100%| O|  |TAMS 0x0000000702e00000, 0x0000000702c00000| Untracked 
|  23|0x0000000702e00000, 0x0000000703000000, 0x0000000703000000|100%| O|  |TAMS 0x0000000703000000, 0x0000000702e00000| Untracked 
|  24|0x0000000703000000, 0x0000000703200000, 0x0000000703200000|100%| O|  |TAMS 0x0000000703200000, 0x0000000703000000| Updating 
|  25|0x0000000703200000, 0x0000000703400000, 0x0000000703400000|100%| O|  |TAMS 0x0000000703400000, 0x0000000703200000| Updating 
|  26|0x0000000703400000, 0x0000000703600000, 0x0000000703600000|100%| O|  |TAMS 0x0000000703600000, 0x0000000703400000| Updating 
|  27|0x0000000703600000, 0x0000000703800000, 0x0000000703800000|100%| O|  |TAMS 0x0000000703800000, 0x0000000703600000| Updating 
|  28|0x0000000703800000, 0x0000000703a00000, 0x0000000703a00000|100%| O|  |TAMS 0x0000000703a00000, 0x0000000703800000| Untracked 
|  29|0x0000000703a00000, 0x0000000703c00000, 0x0000000703c00000|100%| O|  |TAMS 0x0000000703c00000, 0x0000000703a00000| Updating 
|  30|0x0000000703c00000, 0x0000000703e00000, 0x0000000703e00000|100%| O|  |TAMS 0x0000000703e00000, 0x0000000703c00000| Updating 
|  31|0x0000000703e00000, 0x0000000704000000, 0x0000000704000000|100%| O|  |TAMS 0x0000000704000000, 0x0000000703e00000| Untracked 
|  32|0x0000000704000000, 0x0000000704200000, 0x0000000704200000|100%| O|  |TAMS 0x0000000704200000, 0x0000000704000000| Updating 
|  33|0x0000000704200000, 0x0000000704400000, 0x0000000704400000|100%|HS|  |TAMS 0x0000000704400000, 0x0000000704200000| Complete 
|  34|0x0000000704400000, 0x0000000704600000, 0x0000000704600000|100%|HC|  |TAMS 0x0000000704600000, 0x0000000704400000| Complete 
|  35|0x0000000704600000, 0x0000000704800000, 0x0000000704800000|100%| O|  |TAMS 0x0000000704800000, 0x0000000704600000| Updating 
|  36|0x0000000704800000, 0x0000000704a00000, 0x0000000704a00000|100%| O|  |TAMS 0x0000000704a00000, 0x0000000704800000| Updating 
|  37|0x0000000704a00000, 0x0000000704c00000, 0x0000000704c00000|100%| O|  |TAMS 0x0000000704c00000, 0x0000000704a00000| Updating 
|  38|0x0000000704c00000, 0x0000000704e00000, 0x0000000704e00000|100%| O|  |TAMS 0x0000000704e00000, 0x0000000704c00000| Updating 
|  39|0x0000000704e00000, 0x0000000705000000, 0x0000000705000000|100%| O|  |TAMS 0x0000000705000000, 0x0000000704e00000| Untracked 
|  40|0x0000000705000000, 0x0000000705200000, 0x0000000705200000|100%| O|  |TAMS 0x0000000705200000, 0x0000000705000000| Updating 
|  41|0x0000000705200000, 0x0000000705400000, 0x0000000705400000|100%| O|  |TAMS 0x0000000705400000, 0x0000000705200000| Updating 
|  42|0x0000000705400000, 0x0000000705600000, 0x0000000705600000|100%| O|  |TAMS 0x0000000705600000, 0x0000000705400000| Updating 
|  43|0x0000000705600000, 0x0000000705800000, 0x0000000705800000|100%| O|  |TAMS 0x0000000705800000, 0x0000000705600000| Untracked 
|  44|0x0000000705800000, 0x0000000705a00000, 0x0000000705a00000|100%| O|  |TAMS 0x0000000705a00000, 0x0000000705800000| Untracked 
|  45|0x0000000705a00000, 0x0000000705c00000, 0x0000000705c00000|100%| O|  |TAMS 0x0000000705c00000, 0x0000000705a00000| Untracked 
|  46|0x0000000705c00000, 0x0000000705e00000, 0x0000000705e00000|100%| O|  |TAMS 0x0000000705e00000, 0x0000000705c00000| Updating 
|  47|0x0000000705e00000, 0x0000000706000000, 0x0000000706000000|100%| O|  |TAMS 0x0000000706000000, 0x0000000705e00000| Updating 
|  48|0x0000000706000000, 0x0000000706200000, 0x0000000706200000|100%| O|  |TAMS 0x0000000706200000, 0x0000000706000000| Updating 
|  49|0x0000000706200000, 0x0000000706400000, 0x0000000706400000|100%| O|  |TAMS 0x0000000706400000, 0x0000000706200000| Updating 
|  50|0x0000000706400000, 0x0000000706600000, 0x0000000706600000|100%| O|  |TAMS 0x0000000706600000, 0x0000000706400000| Updating 
|  51|0x0000000706600000, 0x0000000706800000, 0x0000000706800000|100%| O|  |TAMS 0x0000000706800000, 0x0000000706600000| Updating 
|  52|0x0000000706800000, 0x0000000706a00000, 0x0000000706a00000|100%| O|  |TAMS 0x0000000706a00000, 0x0000000706800000| Updating 
|  53|0x0000000706a00000, 0x0000000706c00000, 0x0000000706c00000|100%| O|  |TAMS 0x0000000706c00000, 0x0000000706a00000| Updating 
|  54|0x0000000706c00000, 0x0000000706e00000, 0x0000000706e00000|100%| O|  |TAMS 0x0000000706e00000, 0x0000000706c00000| Updating 
|  55|0x0000000706e00000, 0x0000000707000000, 0x0000000707000000|100%| O|  |TAMS 0x0000000707000000, 0x0000000706e00000| Updating 
|  56|0x0000000707000000, 0x0000000707200000, 0x0000000707200000|100%| O|  |TAMS 0x0000000707200000, 0x0000000707000000| Updating 
|  57|0x0000000707200000, 0x0000000707400000, 0x0000000707400000|100%| O|  |TAMS 0x0000000707400000, 0x0000000707200000| Untracked 
|  58|0x0000000707400000, 0x0000000707600000, 0x0000000707600000|100%| O|  |TAMS 0x0000000707600000, 0x0000000707400000| Untracked 
|  59|0x0000000707600000, 0x0000000707800000, 0x0000000707800000|100%| O|  |TAMS 0x0000000707800000, 0x0000000707600000| Updating 
|  60|0x0000000707800000, 0x0000000707a00000, 0x0000000707a00000|100%| O|  |TAMS 0x0000000707a00000, 0x0000000707800000| Untracked 
|  61|0x0000000707a00000, 0x0000000707c00000, 0x0000000707c00000|100%| O|  |TAMS 0x0000000707c00000, 0x0000000707a00000| Updating 
|  62|0x0000000707c00000, 0x0000000707e00000, 0x0000000707e00000|100%|HS|  |TAMS 0x0000000707e00000, 0x0000000707c00000| Complete 
|  63|0x0000000707e00000, 0x0000000708000000, 0x0000000708000000|100%| O|  |TAMS 0x0000000708000000, 0x0000000707e00000| Untracked 
|  64|0x0000000708000000, 0x0000000708200000, 0x0000000708200000|100%| O|  |TAMS 0x0000000708200000, 0x0000000708000000| Untracked 
|  65|0x0000000708200000, 0x0000000708400000, 0x0000000708400000|100%| O|  |TAMS 0x0000000708400000, 0x0000000708200000| Untracked 
|  66|0x0000000708400000, 0x0000000708600000, 0x0000000708600000|100%| O|  |TAMS 0x0000000708600000, 0x0000000708400000| Untracked 
|  67|0x0000000708600000, 0x0000000708800000, 0x0000000708800000|100%| O|  |TAMS 0x0000000708800000, 0x0000000708600000| Untracked 
|  68|0x0000000708800000, 0x0000000708a00000, 0x0000000708a00000|100%| O|  |TAMS 0x0000000708a00000, 0x0000000708800000| Untracked 
|  69|0x0000000708a00000, 0x0000000708c00000, 0x0000000708c00000|100%| O|  |TAMS 0x0000000708c00000, 0x0000000708a00000| Untracked 
|  70|0x0000000708c00000, 0x0000000708e00000, 0x0000000708e00000|100%| O|  |TAMS 0x0000000708e00000, 0x0000000708c00000| Untracked 
|  71|0x0000000708e00000, 0x0000000709000000, 0x0000000709000000|100%| O|  |TAMS 0x0000000709000000, 0x0000000708e00000| Untracked 
|  72|0x0000000709000000, 0x0000000709200000, 0x0000000709200000|100%| O|  |TAMS 0x0000000709200000, 0x0000000709000000| Untracked 
|  73|0x0000000709200000, 0x0000000709400000, 0x0000000709400000|100%| O|  |TAMS 0x0000000709400000, 0x0000000709200000| Untracked 
|  74|0x0000000709400000, 0x0000000709600000, 0x0000000709600000|100%| O|  |TAMS 0x0000000709600000, 0x0000000709400000| Updating 
|  75|0x0000000709600000, 0x0000000709800000, 0x0000000709800000|100%|HS|  |TAMS 0x0000000709800000, 0x0000000709600000| Complete 
|  76|0x0000000709800000, 0x0000000709a00000, 0x0000000709a00000|100%|HS|  |TAMS 0x0000000709a00000, 0x0000000709800000| Complete 
|  77|0x0000000709a00000, 0x0000000709c00000, 0x0000000709c00000|100%| O|  |TAMS 0x0000000709c00000, 0x0000000709a00000| Untracked 
|  78|0x0000000709c00000, 0x0000000709e00000, 0x0000000709e00000|100%| O|  |TAMS 0x0000000709e00000, 0x0000000709c00000| Untracked 
|  79|0x0000000709e00000, 0x000000070a000000, 0x000000070a000000|100%| O|  |TAMS 0x000000070a000000, 0x0000000709e00000| Untracked 
|  80|0x000000070a000000, 0x000000070a200000, 0x000000070a200000|100%| O|  |TAMS 0x000000070a200000, 0x000000070a000000| Untracked 
|  81|0x000000070a200000, 0x000000070a400000, 0x000000070a400000|100%| O|  |TAMS 0x000000070a400000, 0x000000070a200000| Untracked 
|  82|0x000000070a400000, 0x000000070a600000, 0x000000070a600000|100%| O|  |TAMS 0x000000070a600000, 0x000000070a400000| Untracked 
|  83|0x000000070a600000, 0x000000070a800000, 0x000000070a800000|100%| O|  |TAMS 0x000000070a800000, 0x000000070a600000| Untracked 
|  84|0x000000070a800000, 0x000000070aa00000, 0x000000070aa00000|100%| O|  |TAMS 0x000000070aa00000, 0x000000070a800000| Untracked 
|  85|0x000000070aa00000, 0x000000070ac00000, 0x000000070ac00000|100%| O|  |TAMS 0x000000070ac00000, 0x000000070aa00000| Untracked 
|  86|0x000000070ac00000, 0x000000070ae00000, 0x000000070ae00000|100%| O|  |TAMS 0x000000070ae00000, 0x000000070ac00000| Updating 
|  87|0x000000070ae00000, 0x000000070b000000, 0x000000070b000000|100%| O|  |TAMS 0x000000070b000000, 0x000000070ae00000| Updating 
|  88|0x000000070b000000, 0x000000070b200000, 0x000000070b200000|100%| O|  |TAMS 0x000000070b200000, 0x000000070b000000| Untracked 
|  89|0x000000070b200000, 0x000000070b400000, 0x000000070b400000|100%| O|  |TAMS 0x000000070b400000, 0x000000070b200000| Untracked 
|  90|0x000000070b400000, 0x000000070b600000, 0x000000070b600000|100%| O|  |TAMS 0x000000070b600000, 0x000000070b400000| Untracked 
|  91|0x000000070b600000, 0x000000070b800000, 0x000000070b800000|100%| O|  |TAMS 0x000000070b800000, 0x000000070b600000| Untracked 
|  92|0x000000070b800000, 0x000000070ba00000, 0x000000070ba00000|100%| O|  |TAMS 0x000000070ba00000, 0x000000070b800000| Untracked 
|  93|0x000000070ba00000, 0x000000070bc00000, 0x000000070bc00000|100%| O|  |TAMS 0x000000070bc00000, 0x000000070ba00000| Untracked 
|  94|0x000000070bc00000, 0x000000070be00000, 0x000000070be00000|100%| O|  |TAMS 0x000000070be00000, 0x000000070bc00000| Untracked 
|  95|0x000000070be00000, 0x000000070c000000, 0x000000070c000000|100%| O|  |TAMS 0x000000070c000000, 0x000000070be00000| Updating 
|  96|0x000000070c000000, 0x000000070c200000, 0x000000070c200000|100%| O|  |TAMS 0x000000070c200000, 0x000000070c000000| Updating 
|  97|0x000000070c200000, 0x000000070c400000, 0x000000070c400000|100%| O|  |TAMS 0x000000070c400000, 0x000000070c200000| Updating 
|  98|0x000000070c400000, 0x000000070c600000, 0x000000070c600000|100%| O|  |TAMS 0x000000070c600000, 0x000000070c400000| Untracked 
|  99|0x000000070c600000, 0x000000070c800000, 0x000000070c800000|100%| O|  |TAMS 0x000000070c800000, 0x000000070c600000| Untracked 
| 100|0x000000070c800000, 0x000000070ca00000, 0x000000070ca00000|100%| O|  |TAMS 0x000000070ca00000, 0x000000070c800000| Untracked 
| 101|0x000000070ca00000, 0x000000070cc00000, 0x000000070cc00000|100%| O|  |TAMS 0x000000070cc00000, 0x000000070ca00000| Untracked 
| 102|0x000000070cc00000, 0x000000070ce00000, 0x000000070ce00000|100%| O|  |TAMS 0x000000070ce00000, 0x000000070cc00000| Untracked 
| 103|0x000000070ce00000, 0x000000070d000000, 0x000000070d000000|100%| O|  |TAMS 0x000000070d000000, 0x000000070ce00000| Updating 
| 104|0x000000070d000000, 0x000000070d200000, 0x000000070d200000|100%| O|  |TAMS 0x000000070d200000, 0x000000070d000000| Updating 
| 105|0x000000070d200000, 0x000000070d400000, 0x000000070d400000|100%| O|  |TAMS 0x000000070d400000, 0x000000070d200000| Untracked 
| 106|0x000000070d400000, 0x000000070d600000, 0x000000070d600000|100%| O|  |TAMS 0x000000070d600000, 0x000000070d400000| Untracked 
| 107|0x000000070d600000, 0x000000070d800000, 0x000000070d800000|100%| O|  |TAMS 0x000000070d800000, 0x000000070d600000| Untracked 
| 108|0x000000070d800000, 0x000000070da00000, 0x000000070da00000|100%| O|  |TAMS 0x000000070da00000, 0x000000070d800000| Untracked 
| 109|0x000000070da00000, 0x000000070dc00000, 0x000000070dc00000|100%| O|  |TAMS 0x000000070dc00000, 0x000000070da00000| Updating 
| 110|0x000000070dc00000, 0x000000070de00000, 0x000000070de00000|100%| O|  |TAMS 0x000000070de00000, 0x000000070dc00000| Updating 
| 111|0x000000070de00000, 0x000000070e000000, 0x000000070e000000|100%| O|  |TAMS 0x000000070e000000, 0x000000070de00000| Untracked 
| 112|0x000000070e000000, 0x000000070e200000, 0x000000070e200000|100%| O|  |TAMS 0x000000070e200000, 0x000000070e000000| Untracked 
| 113|0x000000070e200000, 0x000000070e400000, 0x000000070e400000|100%| O|  |TAMS 0x000000070e400000, 0x000000070e200000| Untracked 
| 114|0x000000070e400000, 0x000000070e600000, 0x000000070e600000|100%| O|  |TAMS 0x000000070e600000, 0x000000070e400000| Updating 
| 115|0x000000070e600000, 0x000000070e800000, 0x000000070e800000|100%| O|  |TAMS 0x000000070e800000, 0x000000070e600000| Updating 
| 116|0x000000070e800000, 0x000000070ea00000, 0x000000070ea00000|100%| O|  |TAMS 0x000000070ea00000, 0x000000070e800000| Untracked 
| 117|0x000000070ea00000, 0x000000070ec00000, 0x000000070ec00000|100%| O|  |TAMS 0x000000070ec00000, 0x000000070ea00000| Untracked 
| 118|0x000000070ec00000, 0x000000070ee00000, 0x000000070ee00000|100%| O|  |TAMS 0x000000070ee00000, 0x000000070ec00000| Updating 
| 119|0x000000070ee00000, 0x000000070f000000, 0x000000070f000000|100%| O|  |TAMS 0x000000070f000000, 0x000000070ee00000| Untracked 
| 120|0x000000070f000000, 0x000000070f200000, 0x000000070f200000|100%| O|  |TAMS 0x000000070f200000, 0x000000070f000000| Untracked 
| 121|0x000000070f200000, 0x000000070f400000, 0x000000070f400000|100%| O|  |TAMS 0x000000070f400000, 0x000000070f200000| Untracked 
| 122|0x000000070f400000, 0x000000070f600000, 0x000000070f600000|100%| O|  |TAMS 0x000000070f600000, 0x000000070f400000| Untracked 
| 123|0x000000070f600000, 0x000000070f800000, 0x000000070f800000|100%| O|  |TAMS 0x000000070f800000, 0x000000070f600000| Untracked 
| 124|0x000000070f800000, 0x000000070fa00000, 0x000000070fa00000|100%| O|  |TAMS 0x000000070fa00000, 0x000000070f800000| Untracked 
| 125|0x000000070fa00000, 0x000000070fc00000, 0x000000070fc00000|100%| O|  |TAMS 0x000000070fc00000, 0x000000070fa00000| Untracked 
| 126|0x000000070fc00000, 0x000000070fe00000, 0x000000070fe00000|100%| O|  |TAMS 0x000000070fe00000, 0x000000070fc00000| Updating 
| 127|0x000000070fe00000, 0x0000000710000000, 0x0000000710000000|100%| O|  |TAMS 0x0000000710000000, 0x000000070fe00000| Updating 
| 128|0x0000000710000000, 0x0000000710200000, 0x0000000710200000|100%| O|  |TAMS 0x0000000710200000, 0x0000000710000000| Untracked 
| 129|0x0000000710200000, 0x0000000710400000, 0x0000000710400000|100%| O|  |TAMS 0x0000000710400000, 0x0000000710200000| Updating 
| 130|0x0000000710400000, 0x0000000710600000, 0x0000000710600000|100%| O|  |TAMS 0x0000000710600000, 0x0000000710400000| Untracked 
| 131|0x0000000710600000, 0x0000000710800000, 0x0000000710800000|100%| O|  |TAMS 0x0000000710800000, 0x0000000710600000| Untracked 
| 132|0x0000000710800000, 0x0000000710a00000, 0x0000000710a00000|100%| O|  |TAMS 0x0000000710a00000, 0x0000000710800000| Untracked 
| 133|0x0000000710a00000, 0x0000000710c00000, 0x0000000710c00000|100%| O|  |TAMS 0x0000000710c00000, 0x0000000710a00000| Updating 
| 134|0x0000000710c00000, 0x0000000710e00000, 0x0000000710e00000|100%| O|  |TAMS 0x0000000710e00000, 0x0000000710c00000| Untracked 
| 135|0x0000000710e00000, 0x0000000711000000, 0x0000000711000000|100%| O|  |TAMS 0x0000000711000000, 0x0000000710e00000| Updating 
| 136|0x0000000711000000, 0x0000000711200000, 0x0000000711200000|100%| O|  |TAMS 0x0000000711200000, 0x0000000711000000| Untracked 
| 137|0x0000000711200000, 0x0000000711400000, 0x0000000711400000|100%| O|  |TAMS 0x0000000711400000, 0x0000000711200000| Untracked 
| 138|0x0000000711400000, 0x0000000711600000, 0x0000000711600000|100%| O|  |TAMS 0x0000000711600000, 0x0000000711400000| Untracked 
| 139|0x0000000711600000, 0x0000000711800000, 0x0000000711800000|100%| O|  |TAMS 0x0000000711800000, 0x0000000711600000| Untracked 
| 140|0x0000000711800000, 0x0000000711a00000, 0x0000000711a00000|100%| O|  |TAMS 0x0000000711a00000, 0x0000000711800000| Updating 
| 141|0x0000000711a00000, 0x0000000711c00000, 0x0000000711c00000|100%| O|  |TAMS 0x0000000711c00000, 0x0000000711a00000| Updating 
| 142|0x0000000711c00000, 0x0000000711e00000, 0x0000000711e00000|100%| O|  |TAMS 0x0000000711e00000, 0x0000000711c00000| Updating 
| 143|0x0000000711e00000, 0x0000000712000000, 0x0000000712000000|100%| O|  |TAMS 0x0000000712000000, 0x0000000711e00000| Updating 
| 144|0x0000000712000000, 0x0000000712000000, 0x0000000712200000|  0%| F|  |TAMS 0x0000000712000000, 0x0000000712000000| Untracked 
| 145|0x0000000712200000, 0x0000000712400000, 0x0000000712400000|100%| O|  |TAMS 0x0000000712400000, 0x0000000712200000| Untracked 
| 146|0x0000000712400000, 0x0000000712600000, 0x0000000712600000|100%| O|  |TAMS 0x0000000712600000, 0x0000000712400000| Untracked 
| 147|0x0000000712600000, 0x0000000712800000, 0x0000000712800000|100%| O|  |TAMS 0x0000000712800000, 0x0000000712600000| Untracked 
| 148|0x0000000712800000, 0x0000000712a00000, 0x0000000712a00000|100%| O|  |TAMS 0x0000000712a00000, 0x0000000712800000| Updating 
| 149|0x0000000712a00000, 0x0000000712c00000, 0x0000000712c00000|100%| O|  |TAMS 0x0000000712c00000, 0x0000000712a00000| Updating 
| 150|0x0000000712c00000, 0x0000000712e00000, 0x0000000712e00000|100%| O|  |TAMS 0x0000000712e00000, 0x0000000712c00000| Updating 
| 151|0x0000000712e00000, 0x0000000713000000, 0x0000000713000000|100%| O|  |TAMS 0x0000000713000000, 0x0000000712e00000| Updating 
| 152|0x0000000713000000, 0x0000000713200000, 0x0000000713200000|100%| O|  |TAMS 0x0000000713200000, 0x0000000713000000| Untracked 
| 153|0x0000000713200000, 0x0000000713400000, 0x0000000713400000|100%| O|  |TAMS 0x0000000713400000, 0x0000000713200000| Untracked 
| 154|0x0000000713400000, 0x0000000713600000, 0x0000000713600000|100%| O|  |TAMS 0x0000000713600000, 0x0000000713400000| Updating 
| 155|0x0000000713600000, 0x0000000713800000, 0x0000000713800000|100%| O|  |TAMS 0x0000000713800000, 0x0000000713600000| Updating 
| 156|0x0000000713800000, 0x0000000713a00000, 0x0000000713a00000|100%| O|  |TAMS 0x0000000713a00000, 0x0000000713800000| Untracked 
| 157|0x0000000713a00000, 0x0000000713c00000, 0x0000000713c00000|100%| O|  |TAMS 0x0000000713c00000, 0x0000000713a00000| Updating 
| 158|0x0000000713c00000, 0x0000000713e00000, 0x0000000713e00000|100%| O|  |TAMS 0x0000000713e00000, 0x0000000713c00000| Updating 
| 159|0x0000000713e00000, 0x0000000714000000, 0x0000000714000000|100%| O|  |TAMS 0x0000000714000000, 0x0000000713e00000| Untracked 
| 160|0x0000000714000000, 0x0000000714200000, 0x0000000714200000|100%| O|  |TAMS 0x0000000714200000, 0x0000000714000000| Updating 
| 161|0x0000000714200000, 0x0000000714400000, 0x0000000714400000|100%| O|  |TAMS 0x0000000714400000, 0x0000000714200000| Updating 
| 162|0x0000000714400000, 0x0000000714600000, 0x0000000714600000|100%| O|  |TAMS 0x0000000714600000, 0x0000000714400000| Untracked 
| 163|0x0000000714600000, 0x0000000714800000, 0x0000000714800000|100%| O|  |TAMS 0x0000000714800000, 0x0000000714600000| Untracked 
| 164|0x0000000714800000, 0x0000000714a00000, 0x0000000714a00000|100%| O|  |TAMS 0x0000000714a00000, 0x0000000714800000| Untracked 
| 165|0x0000000714a00000, 0x0000000714c00000, 0x0000000714c00000|100%| O|  |TAMS 0x0000000714c00000, 0x0000000714a00000| Untracked 
| 166|0x0000000714c00000, 0x0000000714e00000, 0x0000000714e00000|100%| O|  |TAMS 0x0000000714e00000, 0x0000000714c00000| Updating 
| 167|0x0000000714e00000, 0x0000000715000000, 0x0000000715000000|100%| O|  |TAMS 0x0000000715000000, 0x0000000714e00000| Untracked 
| 168|0x0000000715000000, 0x0000000715200000, 0x0000000715200000|100%| O|  |TAMS 0x0000000715200000, 0x0000000715000000| Untracked 
| 169|0x0000000715200000, 0x0000000715400000, 0x0000000715400000|100%| O|  |TAMS 0x0000000715400000, 0x0000000715200000| Untracked 
| 170|0x0000000715400000, 0x0000000715600000, 0x0000000715600000|100%| O|  |TAMS 0x0000000715600000, 0x0000000715400000| Updating 
| 171|0x0000000715600000, 0x0000000715800000, 0x0000000715800000|100%| O|  |TAMS 0x0000000715800000, 0x0000000715600000| Updating 
| 172|0x0000000715800000, 0x0000000715a00000, 0x0000000715a00000|100%| O|  |TAMS 0x0000000715a00000, 0x0000000715800000| Updating 
| 173|0x0000000715a00000, 0x0000000715c00000, 0x0000000715c00000|100%| O|  |TAMS 0x0000000715c00000, 0x0000000715a00000| Untracked 
| 174|0x0000000715c00000, 0x0000000715e00000, 0x0000000715e00000|100%| O|  |TAMS 0x0000000715e00000, 0x0000000715c00000| Updating 
| 175|0x0000000715e00000, 0x0000000716000000, 0x0000000716000000|100%| O|  |TAMS 0x0000000716000000, 0x0000000715e00000| Updating 
| 176|0x0000000716000000, 0x0000000716200000, 0x0000000716200000|100%|HS|  |TAMS 0x0000000716200000, 0x0000000716000000| Complete 
| 177|0x0000000716200000, 0x0000000716400000, 0x0000000716400000|100%| O|  |TAMS 0x0000000716400000, 0x0000000716200000| Untracked 
| 178|0x0000000716400000, 0x0000000716600000, 0x0000000716600000|100%| O|  |TAMS 0x0000000716600000, 0x0000000716400000| Updating 
| 179|0x0000000716600000, 0x0000000716800000, 0x0000000716800000|100%| O|  |TAMS 0x0000000716800000, 0x0000000716600000| Untracked 
| 180|0x0000000716800000, 0x0000000716a00000, 0x0000000716a00000|100%| O|  |TAMS 0x0000000716a00000, 0x0000000716800000| Untracked 
| 181|0x0000000716a00000, 0x0000000716c00000, 0x0000000716c00000|100%| O|  |TAMS 0x0000000716c00000, 0x0000000716a00000| Updating 
| 182|0x0000000716c00000, 0x0000000716e00000, 0x0000000716e00000|100%| O|  |TAMS 0x0000000716e00000, 0x0000000716c00000| Updating 
| 183|0x0000000716e00000, 0x0000000717000000, 0x0000000717000000|100%| O|  |TAMS 0x0000000717000000, 0x0000000716e00000| Untracked 
| 184|0x0000000717000000, 0x0000000717200000, 0x0000000717200000|100%| O|  |TAMS 0x0000000717200000, 0x0000000717000000| Untracked 
| 185|0x0000000717200000, 0x0000000717400000, 0x0000000717400000|100%| O|  |TAMS 0x0000000717400000, 0x0000000717200000| Untracked 
| 186|0x0000000717400000, 0x0000000717600000, 0x0000000717600000|100%| O|  |TAMS 0x0000000717600000, 0x0000000717400000| Updating 
| 187|0x0000000717600000, 0x0000000717800000, 0x0000000717800000|100%| O|  |TAMS 0x0000000717800000, 0x0000000717600000| Updating 
| 188|0x0000000717800000, 0x0000000717a00000, 0x0000000717a00000|100%| O|  |TAMS 0x0000000717a00000, 0x0000000717800000| Untracked 
| 189|0x0000000717a00000, 0x0000000717c00000, 0x0000000717c00000|100%| O|  |TAMS 0x0000000717c00000, 0x0000000717a00000| Untracked 
| 190|0x0000000717c00000, 0x0000000717e00000, 0x0000000717e00000|100%| O|  |TAMS 0x0000000717e00000, 0x0000000717c00000| Updating 
| 191|0x0000000717e00000, 0x0000000718000000, 0x0000000718000000|100%| O|  |TAMS 0x0000000718000000, 0x0000000717e00000| Updating 
| 192|0x0000000718000000, 0x0000000718200000, 0x0000000718200000|100%| O|  |TAMS 0x0000000718200000, 0x0000000718000000| Updating 
| 193|0x0000000718200000, 0x0000000718400000, 0x0000000718400000|100%| O|  |TAMS 0x0000000718400000, 0x0000000718200000| Updating 
| 194|0x0000000718400000, 0x0000000718400000, 0x0000000718600000|  0%| F|  |TAMS 0x0000000718400000, 0x0000000718400000| Untracked 
| 195|0x0000000718600000, 0x0000000718800000, 0x0000000718800000|100%| O|  |TAMS 0x0000000718800000, 0x0000000718600000| Updating 
| 196|0x0000000718800000, 0x0000000718a00000, 0x0000000718a00000|100%| O|  |TAMS 0x0000000718a00000, 0x0000000718800000| Updating 
| 197|0x0000000718a00000, 0x0000000718c00000, 0x0000000718c00000|100%| O|  |TAMS 0x0000000718c00000, 0x0000000718a00000| Updating 
| 198|0x0000000718c00000, 0x0000000718e00000, 0x0000000718e00000|100%| O|  |TAMS 0x0000000718e00000, 0x0000000718c00000| Updating 
| 199|0x0000000718e00000, 0x0000000719000000, 0x0000000719000000|100%| O|  |TAMS 0x0000000719000000, 0x0000000718e00000| Updating 
| 200|0x0000000719000000, 0x0000000719200000, 0x0000000719200000|100%| O|  |TAMS 0x0000000719200000, 0x0000000719000000| Updating 
| 201|0x0000000719200000, 0x0000000719400000, 0x0000000719400000|100%| O|  |TAMS 0x0000000719400000, 0x0000000719200000| Updating 
| 202|0x0000000719400000, 0x0000000719600000, 0x0000000719600000|100%| O|  |TAMS 0x0000000719600000, 0x0000000719400000| Updating 
| 203|0x0000000719600000, 0x0000000719600000, 0x0000000719800000|  0%| F|  |TAMS 0x0000000719600000, 0x0000000719600000| Untracked 
| 204|0x0000000719800000, 0x0000000719800000, 0x0000000719a00000|  0%| F|  |TAMS 0x0000000719800000, 0x0000000719800000| Untracked 
| 205|0x0000000719a00000, 0x0000000719c00000, 0x0000000719c00000|100%| O|  |TAMS 0x0000000719c00000, 0x0000000719a00000| Updating 
| 206|0x0000000719c00000, 0x0000000719e00000, 0x0000000719e00000|100%| O|  |TAMS 0x0000000719e00000, 0x0000000719c00000| Updating 
| 207|0x0000000719e00000, 0x000000071a000000, 0x000000071a000000|100%| O|  |TAMS 0x000000071a000000, 0x0000000719e00000| Updating 
| 208|0x000000071a000000, 0x000000071a200000, 0x000000071a200000|100%| O|  |TAMS 0x000000071a200000, 0x000000071a000000| Updating 
| 209|0x000000071a200000, 0x000000071a400000, 0x000000071a400000|100%| O|  |TAMS 0x000000071a400000, 0x000000071a200000| Updating 
| 210|0x000000071a400000, 0x000000071a400000, 0x000000071a600000|  0%| F|  |TAMS 0x000000071a400000, 0x000000071a400000| Untracked 
| 211|0x000000071a600000, 0x000000071a600000, 0x000000071a800000|  0%| F|  |TAMS 0x000000071a600000, 0x000000071a600000| Untracked 
| 212|0x000000071a800000, 0x000000071aa00000, 0x000000071aa00000|100%| O|  |TAMS 0x000000071aa00000, 0x000000071a800000| Updating 
| 213|0x000000071aa00000, 0x000000071ac00000, 0x000000071ac00000|100%| O|  |TAMS 0x000000071ac00000, 0x000000071aa00000| Updating 
| 214|0x000000071ac00000, 0x000000071ae00000, 0x000000071ae00000|100%| O|  |TAMS 0x000000071ae00000, 0x000000071ac00000| Updating 
| 215|0x000000071ae00000, 0x000000071b000000, 0x000000071b000000|100%| O|  |TAMS 0x000000071b000000, 0x000000071ae00000| Updating 
| 216|0x000000071b000000, 0x000000071b000000, 0x000000071b200000|  0%| F|  |TAMS 0x000000071b000000, 0x000000071b000000| Untracked 
| 217|0x000000071b200000, 0x000000071b400000, 0x000000071b400000|100%| O|  |TAMS 0x000000071b400000, 0x000000071b200000| Updating 
| 218|0x000000071b400000, 0x000000071b600000, 0x000000071b600000|100%| O|  |TAMS 0x000000071b600000, 0x000000071b400000| Updating 
| 219|0x000000071b600000, 0x000000071b800000, 0x000000071b800000|100%| O|  |TAMS 0x000000071b800000, 0x000000071b600000| Updating 
| 220|0x000000071b800000, 0x000000071ba00000, 0x000000071ba00000|100%| O|  |TAMS 0x000000071ba00000, 0x000000071b800000| Updating 
| 221|0x000000071ba00000, 0x000000071bc00000, 0x000000071bc00000|100%| O|  |TAMS 0x000000071bc00000, 0x000000071ba00000| Updating 
| 222|0x000000071bc00000, 0x000000071be00000, 0x000000071be00000|100%| O|  |TAMS 0x000000071be00000, 0x000000071bc00000| Updating 
| 223|0x000000071be00000, 0x000000071c000000, 0x000000071c000000|100%| O|  |TAMS 0x000000071c000000, 0x000000071be00000| Updating 
| 224|0x000000071c000000, 0x000000071c200000, 0x000000071c200000|100%| O|  |TAMS 0x000000071c200000, 0x000000071c000000| Untracked 
| 225|0x000000071c200000, 0x000000071c400000, 0x000000071c400000|100%| O|  |TAMS 0x000000071c400000, 0x000000071c200000| Updating 
| 226|0x000000071c400000, 0x000000071c600000, 0x000000071c600000|100%| O|  |TAMS 0x000000071c600000, 0x000000071c400000| Updating 
| 227|0x000000071c600000, 0x000000071c800000, 0x000000071c800000|100%| O|  |TAMS 0x000000071c800000, 0x000000071c600000| Updating 
| 228|0x000000071c800000, 0x000000071ca00000, 0x000000071ca00000|100%| O|  |TAMS 0x000000071ca00000, 0x000000071c800000| Updating 
| 229|0x000000071ca00000, 0x000000071cc00000, 0x000000071cc00000|100%| O|  |TAMS 0x000000071cc00000, 0x000000071ca00000| Updating 
| 230|0x000000071cc00000, 0x000000071ce00000, 0x000000071ce00000|100%| O|  |TAMS 0x000000071ce00000, 0x000000071cc00000| Updating 
| 231|0x000000071ce00000, 0x000000071d000000, 0x000000071d000000|100%| O|  |TAMS 0x000000071d000000, 0x000000071ce00000| Updating 
| 232|0x000000071d000000, 0x000000071d200000, 0x000000071d200000|100%| O|  |TAMS 0x000000071d200000, 0x000000071d000000| Updating 
| 233|0x000000071d200000, 0x000000071d400000, 0x000000071d400000|100%| O|  |TAMS 0x000000071d400000, 0x000000071d200000| Updating 
| 234|0x000000071d400000, 0x000000071d600000, 0x000000071d600000|100%| O|  |TAMS 0x000000071d600000, 0x000000071d400000| Untracked 
| 235|0x000000071d600000, 0x000000071d800000, 0x000000071d800000|100%| O|  |TAMS 0x000000071d800000, 0x000000071d600000| Updating 
| 236|0x000000071d800000, 0x000000071da00000, 0x000000071da00000|100%| O|  |TAMS 0x000000071da00000, 0x000000071d800000| Updating 
| 237|0x000000071da00000, 0x000000071dc00000, 0x000000071dc00000|100%| O|  |TAMS 0x000000071dc00000, 0x000000071da00000| Updating 
| 238|0x000000071dc00000, 0x000000071de00000, 0x000000071de00000|100%| O|  |TAMS 0x000000071de00000, 0x000000071dc00000| Updating 
| 239|0x000000071de00000, 0x000000071e000000, 0x000000071e000000|100%| O|  |TAMS 0x000000071e000000, 0x000000071de00000| Updating 
| 240|0x000000071e000000, 0x000000071e200000, 0x000000071e200000|100%| O|  |TAMS 0x000000071e200000, 0x000000071e000000| Updating 
| 241|0x000000071e200000, 0x000000071e400000, 0x000000071e400000|100%| O|  |TAMS 0x000000071e400000, 0x000000071e200000| Updating 
| 242|0x000000071e400000, 0x000000071e600000, 0x000000071e600000|100%| O|  |TAMS 0x000000071e600000, 0x000000071e400000| Updating 
| 243|0x000000071e600000, 0x000000071e800000, 0x000000071e800000|100%| O|  |TAMS 0x000000071e800000, 0x000000071e600000| Untracked 
| 244|0x000000071e800000, 0x000000071ea00000, 0x000000071ea00000|100%| O|  |TAMS 0x000000071ea00000, 0x000000071e800000| Updating 
| 245|0x000000071ea00000, 0x000000071ec00000, 0x000000071ec00000|100%| O|  |TAMS 0x000000071ec00000, 0x000000071ea00000| Updating 
| 246|0x000000071ec00000, 0x000000071ee00000, 0x000000071ee00000|100%| O|  |TAMS 0x000000071ee00000, 0x000000071ec00000| Updating 
| 247|0x000000071ee00000, 0x000000071f000000, 0x000000071f000000|100%| O|  |TAMS 0x000000071f000000, 0x000000071ee00000| Updating 
| 248|0x000000071f000000, 0x000000071f200000, 0x000000071f200000|100%| O|  |TAMS 0x000000071f200000, 0x000000071f000000| Updating 
| 249|0x000000071f200000, 0x000000071f400000, 0x000000071f400000|100%| O|  |TAMS 0x000000071f400000, 0x000000071f200000| Updating 
| 250|0x000000071f400000, 0x000000071f600000, 0x000000071f600000|100%| O|  |TAMS 0x000000071f600000, 0x000000071f400000| Updating 
| 251|0x000000071f600000, 0x000000071f800000, 0x000000071f800000|100%| O|  |TAMS 0x000000071f800000, 0x000000071f600000| Updating 
| 252|0x000000071f800000, 0x000000071fa00000, 0x000000071fa00000|100%| O|  |TAMS 0x000000071fa00000, 0x000000071f800000| Updating 
| 253|0x000000071fa00000, 0x000000071fc00000, 0x000000071fc00000|100%| O|  |TAMS 0x000000071fc00000, 0x000000071fa00000| Updating 
| 254|0x000000071fc00000, 0x000000071fe00000, 0x000000071fe00000|100%| O|  |TAMS 0x000000071fe00000, 0x000000071fc00000| Updating 
| 255|0x000000071fe00000, 0x0000000720000000, 0x0000000720000000|100%| O|  |TAMS 0x0000000720000000, 0x000000071fe00000| Updating 
| 256|0x0000000720000000, 0x0000000720200000, 0x0000000720200000|100%| O|  |TAMS 0x0000000720200000, 0x0000000720000000| Updating 
| 257|0x0000000720200000, 0x0000000720400000, 0x0000000720400000|100%| O|  |TAMS 0x0000000720400000, 0x0000000720200000| Updating 
| 258|0x0000000720400000, 0x0000000720600000, 0x0000000720600000|100%| O|  |TAMS 0x0000000720600000, 0x0000000720400000| Updating 
| 259|0x0000000720600000, 0x0000000720800000, 0x0000000720800000|100%| O|  |TAMS 0x0000000720800000, 0x0000000720600000| Updating 
| 260|0x0000000720800000, 0x0000000720a00000, 0x0000000720a00000|100%| O|  |TAMS 0x0000000720a00000, 0x0000000720800000| Updating 
| 261|0x0000000720a00000, 0x0000000720c00000, 0x0000000720c00000|100%| O|  |TAMS 0x0000000720c00000, 0x0000000720a00000| Updating 
| 262|0x0000000720c00000, 0x0000000720e00000, 0x0000000720e00000|100%|HS|  |TAMS 0x0000000720e00000, 0x0000000720c00000| Complete 
| 263|0x0000000720e00000, 0x0000000721000000, 0x0000000721000000|100%|HC|  |TAMS 0x0000000721000000, 0x0000000720e00000| Complete 
| 264|0x0000000721000000, 0x0000000721200000, 0x0000000721200000|100%|HS|  |TAMS 0x0000000721200000, 0x0000000721000000| Complete 
| 265|0x0000000721200000, 0x0000000721400000, 0x0000000721400000|100%|HC|  |TAMS 0x0000000721400000, 0x0000000721200000| Complete 
| 266|0x0000000721400000, 0x0000000721600000, 0x0000000721600000|100%| O|  |TAMS 0x0000000721600000, 0x0000000721400000| Updating 
| 267|0x0000000721600000, 0x0000000721800000, 0x0000000721800000|100%| O|  |TAMS 0x0000000721800000, 0x0000000721600000| Untracked 
| 268|0x0000000721800000, 0x0000000721a00000, 0x0000000721a00000|100%| O|  |TAMS 0x0000000721a00000, 0x0000000721800000| Updating 
| 269|0x0000000721a00000, 0x0000000721c00000, 0x0000000721c00000|100%| O|  |TAMS 0x0000000721c00000, 0x0000000721a00000| Updating 
| 270|0x0000000721c00000, 0x0000000721e00000, 0x0000000721e00000|100%| O|  |TAMS 0x0000000721e00000, 0x0000000721c00000| Updating 
| 271|0x0000000721e00000, 0x0000000722000000, 0x0000000722000000|100%| O|  |TAMS 0x0000000722000000, 0x0000000721e00000| Updating 
| 272|0x0000000722000000, 0x0000000722200000, 0x0000000722200000|100%| O|  |TAMS 0x0000000722200000, 0x0000000722000000| Updating 
| 273|0x0000000722200000, 0x0000000722400000, 0x0000000722400000|100%| O|  |TAMS 0x0000000722400000, 0x0000000722200000| Updating 
| 274|0x0000000722400000, 0x0000000722600000, 0x0000000722600000|100%| O|  |TAMS 0x0000000722600000, 0x0000000722400000| Updating 
| 275|0x0000000722600000, 0x0000000722800000, 0x0000000722800000|100%| O|  |TAMS 0x0000000722800000, 0x0000000722600000| Updating 
| 276|0x0000000722800000, 0x0000000722a00000, 0x0000000722a00000|100%| O|  |TAMS 0x0000000722a00000, 0x0000000722800000| Untracked 
| 277|0x0000000722a00000, 0x0000000722c00000, 0x0000000722c00000|100%| O|  |TAMS 0x0000000722c00000, 0x0000000722a00000| Untracked 
| 278|0x0000000722c00000, 0x0000000722e00000, 0x0000000722e00000|100%| O|  |TAMS 0x0000000722e00000, 0x0000000722c00000| Untracked 
| 279|0x0000000722e00000, 0x0000000723000000, 0x0000000723000000|100%| O|  |TAMS 0x0000000723000000, 0x0000000722e00000| Untracked 
| 280|0x0000000723000000, 0x0000000723200000, 0x0000000723200000|100%| O|  |TAMS 0x0000000723200000, 0x0000000723000000| Updating 
| 281|0x0000000723200000, 0x0000000723400000, 0x0000000723400000|100%| O|  |TAMS 0x0000000723400000, 0x0000000723200000| Untracked 
| 282|0x0000000723400000, 0x0000000723600000, 0x0000000723600000|100%| O|  |TAMS 0x0000000723600000, 0x0000000723400000| Updating 
| 283|0x0000000723600000, 0x0000000723800000, 0x0000000723800000|100%| O|  |TAMS 0x0000000723800000, 0x0000000723600000| Updating 
| 284|0x0000000723800000, 0x0000000723a00000, 0x0000000723a00000|100%| O|  |TAMS 0x0000000723a00000, 0x0000000723800000| Updating 
| 285|0x0000000723a00000, 0x0000000723c00000, 0x0000000723c00000|100%| O|  |TAMS 0x0000000723c00000, 0x0000000723a00000| Updating 
| 286|0x0000000723c00000, 0x0000000723e00000, 0x0000000723e00000|100%| O|  |TAMS 0x0000000723e00000, 0x0000000723c00000| Updating 
| 287|0x0000000723e00000, 0x0000000724000000, 0x0000000724000000|100%| O|  |TAMS 0x0000000724000000, 0x0000000723e00000| Updating 
| 288|0x0000000724000000, 0x0000000724200000, 0x0000000724200000|100%| O|  |TAMS 0x0000000724200000, 0x0000000724000000| Updating 
| 289|0x0000000724200000, 0x0000000724400000, 0x0000000724400000|100%| O|  |TAMS 0x0000000724400000, 0x0000000724200000| Updating 
| 290|0x0000000724400000, 0x0000000724600000, 0x0000000724600000|100%| O|  |TAMS 0x0000000724600000, 0x0000000724400000| Updating 
| 291|0x0000000724600000, 0x0000000724800000, 0x0000000724800000|100%| O|  |TAMS 0x0000000724800000, 0x0000000724600000| Updating 
| 292|0x0000000724800000, 0x0000000724a00000, 0x0000000724a00000|100%| O|  |TAMS 0x0000000724a00000, 0x0000000724800000| Updating 
| 293|0x0000000724a00000, 0x0000000724c00000, 0x0000000724c00000|100%| O|  |TAMS 0x0000000724c00000, 0x0000000724a00000| Updating 
| 294|0x0000000724c00000, 0x0000000724e00000, 0x0000000724e00000|100%| O|  |TAMS 0x0000000724e00000, 0x0000000724c00000| Untracked 
| 295|0x0000000724e00000, 0x0000000725000000, 0x0000000725000000|100%| O|  |TAMS 0x0000000725000000, 0x0000000724e00000| Updating 
| 296|0x0000000725000000, 0x0000000725200000, 0x0000000725200000|100%| O|  |TAMS 0x0000000725200000, 0x0000000725000000| Updating 
| 297|0x0000000725200000, 0x0000000725400000, 0x0000000725400000|100%| O|  |TAMS 0x0000000725400000, 0x0000000725200000| Updating 
| 298|0x0000000725400000, 0x0000000725600000, 0x0000000725600000|100%| O|  |TAMS 0x0000000725600000, 0x0000000725400000| Updating 
| 299|0x0000000725600000, 0x0000000725800000, 0x0000000725800000|100%| O|  |TAMS 0x0000000725800000, 0x0000000725600000| Updating 
| 300|0x0000000725800000, 0x0000000725a00000, 0x0000000725a00000|100%| O|  |TAMS 0x0000000725a00000, 0x0000000725800000| Updating 
| 301|0x0000000725a00000, 0x0000000725c00000, 0x0000000725c00000|100%| O|  |TAMS 0x0000000725c00000, 0x0000000725a00000| Updating 
| 302|0x0000000725c00000, 0x0000000725e00000, 0x0000000725e00000|100%| O|  |TAMS 0x0000000725e00000, 0x0000000725c00000| Updating 
| 303|0x0000000725e00000, 0x0000000726000000, 0x0000000726000000|100%| O|  |TAMS 0x0000000726000000, 0x0000000725e00000| Updating 
| 304|0x0000000726000000, 0x0000000726200000, 0x0000000726200000|100%| O|  |TAMS 0x0000000726200000, 0x0000000726000000| Updating 
| 305|0x0000000726200000, 0x0000000726400000, 0x0000000726400000|100%| O|  |TAMS 0x0000000726400000, 0x0000000726200000| Updating 
| 306|0x0000000726400000, 0x0000000726600000, 0x0000000726600000|100%| O|  |TAMS 0x0000000726600000, 0x0000000726400000| Updating 
| 307|0x0000000726600000, 0x0000000726800000, 0x0000000726800000|100%| O|  |TAMS 0x0000000726800000, 0x0000000726600000| Updating 
| 308|0x0000000726800000, 0x0000000726a00000, 0x0000000726a00000|100%| O|  |TAMS 0x0000000726a00000, 0x0000000726800000| Updating 
| 309|0x0000000726a00000, 0x0000000726c00000, 0x0000000726c00000|100%| O|  |TAMS 0x0000000726c00000, 0x0000000726a00000| Updating 
| 310|0x0000000726c00000, 0x0000000726e00000, 0x0000000726e00000|100%| O|  |TAMS 0x0000000726e00000, 0x0000000726c00000| Updating 
| 311|0x0000000726e00000, 0x0000000727000000, 0x0000000727000000|100%| O|  |TAMS 0x0000000727000000, 0x0000000726e00000| Updating 
| 312|0x0000000727000000, 0x0000000727200000, 0x0000000727200000|100%| O|  |TAMS 0x0000000727200000, 0x0000000727000000| Updating 
| 313|0x0000000727200000, 0x0000000727400000, 0x0000000727400000|100%| O|  |TAMS 0x0000000727400000, 0x0000000727200000| Updating 
| 314|0x0000000727400000, 0x0000000727600000, 0x0000000727600000|100%| O|  |TAMS 0x0000000727600000, 0x0000000727400000| Updating 
| 315|0x0000000727600000, 0x0000000727800000, 0x0000000727800000|100%| O|  |TAMS 0x0000000727800000, 0x0000000727600000| Updating 
| 316|0x0000000727800000, 0x0000000727a00000, 0x0000000727a00000|100%| O|  |TAMS 0x0000000727a00000, 0x0000000727800000| Updating 
| 317|0x0000000727a00000, 0x0000000727c00000, 0x0000000727c00000|100%| O|  |TAMS 0x0000000727c00000, 0x0000000727a00000| Updating 
| 318|0x0000000727c00000, 0x0000000727e00000, 0x0000000727e00000|100%| O|  |TAMS 0x0000000727e00000, 0x0000000727c00000| Updating 
| 319|0x0000000727e00000, 0x0000000728000000, 0x0000000728000000|100%| O|  |TAMS 0x0000000728000000, 0x0000000727e00000| Updating 
| 320|0x0000000728000000, 0x0000000728200000, 0x0000000728200000|100%| O|  |TAMS 0x0000000728200000, 0x0000000728000000| Updating 
| 321|0x0000000728200000, 0x0000000728400000, 0x0000000728400000|100%| O|  |TAMS 0x0000000728400000, 0x0000000728200000| Updating 
| 322|0x0000000728400000, 0x0000000728600000, 0x0000000728600000|100%| O|  |TAMS 0x0000000728600000, 0x0000000728400000| Updating 
| 323|0x0000000728600000, 0x0000000728800000, 0x0000000728800000|100%| O|  |TAMS 0x0000000728800000, 0x0000000728600000| Updating 
| 324|0x0000000728800000, 0x0000000728a00000, 0x0000000728a00000|100%|HS|  |TAMS 0x0000000728a00000, 0x0000000728800000| Complete 
| 325|0x0000000728a00000, 0x0000000728c00000, 0x0000000728c00000|100%| O|  |TAMS 0x0000000728c00000, 0x0000000728a00000| Updating 
| 326|0x0000000728c00000, 0x0000000728e00000, 0x0000000728e00000|100%| O|  |TAMS 0x0000000728e00000, 0x0000000728c00000| Updating 
| 327|0x0000000728e00000, 0x0000000729000000, 0x0000000729000000|100%| O|  |TAMS 0x0000000729000000, 0x0000000728e00000| Updating 
| 328|0x0000000729000000, 0x0000000729200000, 0x0000000729200000|100%| O|  |TAMS 0x0000000729200000, 0x0000000729000000| Updating 
| 329|0x0000000729200000, 0x0000000729400000, 0x0000000729400000|100%| O|  |TAMS 0x0000000729400000, 0x0000000729200000| Updating 
| 330|0x0000000729400000, 0x0000000729600000, 0x0000000729600000|100%| O|  |TAMS 0x0000000729600000, 0x0000000729400000| Updating 
| 331|0x0000000729600000, 0x0000000729800000, 0x0000000729800000|100%| O|  |TAMS 0x0000000729800000, 0x0000000729600000| Updating 
| 332|0x0000000729800000, 0x0000000729a00000, 0x0000000729a00000|100%| O|  |TAMS 0x0000000729a00000, 0x0000000729800000| Updating 
| 333|0x0000000729a00000, 0x0000000729c00000, 0x0000000729c00000|100%| O|  |TAMS 0x0000000729c00000, 0x0000000729a00000| Updating 
| 334|0x0000000729c00000, 0x0000000729e00000, 0x0000000729e00000|100%| O|  |TAMS 0x0000000729e00000, 0x0000000729c00000| Updating 
| 335|0x0000000729e00000, 0x000000072a000000, 0x000000072a000000|100%| O|  |TAMS 0x000000072a000000, 0x0000000729e00000| Updating 
| 336|0x000000072a000000, 0x000000072a200000, 0x000000072a200000|100%| O|  |TAMS 0x000000072a200000, 0x000000072a000000| Updating 
| 337|0x000000072a200000, 0x000000072a400000, 0x000000072a400000|100%| O|  |TAMS 0x000000072a400000, 0x000000072a200000| Updating 
| 338|0x000000072a400000, 0x000000072a600000, 0x000000072a600000|100%| O|  |TAMS 0x000000072a600000, 0x000000072a400000| Updating 
| 339|0x000000072a600000, 0x000000072a800000, 0x000000072a800000|100%| O|  |TAMS 0x000000072a800000, 0x000000072a600000| Updating 
| 340|0x000000072a800000, 0x000000072aa00000, 0x000000072aa00000|100%| O|  |TAMS 0x000000072aa00000, 0x000000072a800000| Updating 
| 341|0x000000072aa00000, 0x000000072ac00000, 0x000000072ac00000|100%| O|  |TAMS 0x000000072ac00000, 0x000000072aa00000| Updating 
| 342|0x000000072ac00000, 0x000000072ae00000, 0x000000072ae00000|100%| O|  |TAMS 0x000000072ae00000, 0x000000072ac00000| Updating 
| 343|0x000000072ae00000, 0x000000072b000000, 0x000000072b000000|100%| O|  |TAMS 0x000000072b000000, 0x000000072ae00000| Updating 
| 344|0x000000072b000000, 0x000000072b200000, 0x000000072b200000|100%| O|  |TAMS 0x000000072b200000, 0x000000072b000000| Updating 
| 345|0x000000072b200000, 0x000000072b400000, 0x000000072b400000|100%| O|  |TAMS 0x000000072b400000, 0x000000072b200000| Updating 
| 346|0x000000072b400000, 0x000000072b600000, 0x000000072b600000|100%| O|  |TAMS 0x000000072b600000, 0x000000072b400000| Updating 
| 347|0x000000072b600000, 0x000000072b600000, 0x000000072b800000|  0%| F|  |TAMS 0x000000072b600000, 0x000000072b600000| Untracked 
| 348|0x000000072b800000, 0x000000072ba00000, 0x000000072ba00000|100%| O|  |TAMS 0x000000072ba00000, 0x000000072b800000| Updating 
| 349|0x000000072ba00000, 0x000000072bc00000, 0x000000072bc00000|100%| O|  |TAMS 0x000000072bc00000, 0x000000072ba00000| Updating 
| 350|0x000000072bc00000, 0x000000072bc00000, 0x000000072be00000|  0%| F|  |TAMS 0x000000072bc00000, 0x000000072bc00000| Untracked 
| 351|0x000000072be00000, 0x000000072c000000, 0x000000072c000000|100%| O|  |TAMS 0x000000072c000000, 0x000000072be00000| Updating 
| 352|0x000000072c000000, 0x000000072c000000, 0x000000072c200000|  0%| F|  |TAMS 0x000000072c000000, 0x000000072c000000| Untracked 
| 353|0x000000072c200000, 0x000000072c400000, 0x000000072c400000|100%| O|  |TAMS 0x000000072c400000, 0x000000072c200000| Updating 
| 354|0x000000072c400000, 0x000000072c400000, 0x000000072c600000|  0%| F|  |TAMS 0x000000072c400000, 0x000000072c400000| Untracked 
| 355|0x000000072c600000, 0x000000072c800000, 0x000000072c800000|100%| O|  |TAMS 0x000000072c800000, 0x000000072c600000| Updating 
| 356|0x000000072c800000, 0x000000072ca00000, 0x000000072ca00000|100%| O|  |TAMS 0x000000072ca00000, 0x000000072c800000| Updating 
| 357|0x000000072ca00000, 0x000000072cc00000, 0x000000072cc00000|100%| O|  |TAMS 0x000000072cc00000, 0x000000072ca00000| Updating 
| 358|0x000000072cc00000, 0x000000072cc00000, 0x000000072ce00000|  0%| F|  |TAMS 0x000000072cc00000, 0x000000072cc00000| Untracked 
| 359|0x000000072ce00000, 0x000000072ce00000, 0x000000072d000000|  0%| F|  |TAMS 0x000000072ce00000, 0x000000072ce00000| Untracked 
| 360|0x000000072d000000, 0x000000072d200000, 0x000000072d200000|100%| O|  |TAMS 0x000000072d200000, 0x000000072d000000| Updating 
| 361|0x000000072d200000, 0x000000072d400000, 0x000000072d400000|100%| O|  |TAMS 0x000000072d400000, 0x000000072d200000| Updating 
| 362|0x000000072d400000, 0x000000072d600000, 0x000000072d600000|100%| O|  |TAMS 0x000000072d600000, 0x000000072d400000| Updating 
| 363|0x000000072d600000, 0x000000072d800000, 0x000000072d800000|100%| O|  |TAMS 0x000000072d800000, 0x000000072d600000| Updating 
| 364|0x000000072d800000, 0x000000072da00000, 0x000000072da00000|100%| O|  |TAMS 0x000000072da00000, 0x000000072d800000| Updating 
| 365|0x000000072da00000, 0x000000072dc00000, 0x000000072dc00000|100%| O|  |TAMS 0x000000072dc00000, 0x000000072da00000| Updating 
| 366|0x000000072dc00000, 0x000000072de00000, 0x000000072de00000|100%| O|  |TAMS 0x000000072de00000, 0x000000072dc00000| Updating 
| 367|0x000000072de00000, 0x000000072de00000, 0x000000072e000000|  0%| F|  |TAMS 0x000000072de00000, 0x000000072de00000| Untracked 
| 368|0x000000072e000000, 0x000000072e200000, 0x000000072e200000|100%| O|  |TAMS 0x000000072e200000, 0x000000072e000000| Updating 
| 369|0x000000072e200000, 0x000000072e400000, 0x000000072e400000|100%| O|  |TAMS 0x000000072e400000, 0x000000072e200000| Updating 
| 370|0x000000072e400000, 0x000000072e600000, 0x000000072e600000|100%| O|  |TAMS 0x000000072e600000, 0x000000072e400000| Updating 
| 371|0x000000072e600000, 0x000000072e800000, 0x000000072e800000|100%| O|  |TAMS 0x000000072e800000, 0x000000072e600000| Updating 
| 372|0x000000072e800000, 0x000000072e800000, 0x000000072ea00000|  0%| F|  |TAMS 0x000000072e800000, 0x000000072e800000| Untracked 
| 373|0x000000072ea00000, 0x000000072ec00000, 0x000000072ec00000|100%| O|  |TAMS 0x000000072ec00000, 0x000000072ea00000| Updating 
| 374|0x000000072ec00000, 0x000000072ee00000, 0x000000072ee00000|100%| O|  |TAMS 0x000000072ee00000, 0x000000072ec00000| Updating 
| 375|0x000000072ee00000, 0x000000072f000000, 0x000000072f000000|100%| O|  |TAMS 0x000000072f000000, 0x000000072ee00000| Updating 
| 376|0x000000072f000000, 0x000000072f200000, 0x000000072f200000|100%| O|  |TAMS 0x000000072f200000, 0x000000072f000000| Updating 
| 377|0x000000072f200000, 0x000000072f400000, 0x000000072f400000|100%| O|  |TAMS 0x000000072f400000, 0x000000072f200000| Updating 
| 378|0x000000072f400000, 0x000000072f600000, 0x000000072f600000|100%| O|  |TAMS 0x000000072f600000, 0x000000072f400000| Updating 
| 379|0x000000072f600000, 0x000000072f800000, 0x000000072f800000|100%| O|  |TAMS 0x000000072f800000, 0x000000072f600000| Updating 
| 380|0x000000072f800000, 0x000000072fa00000, 0x000000072fa00000|100%| O|  |TAMS 0x000000072fa00000, 0x000000072f800000| Updating 
| 381|0x000000072fa00000, 0x000000072fc00000, 0x000000072fc00000|100%| O|  |TAMS 0x000000072fc00000, 0x000000072fa00000| Updating 
| 382|0x000000072fc00000, 0x000000072fe00000, 0x000000072fe00000|100%| O|  |TAMS 0x000000072fe00000, 0x000000072fc00000| Updating 
| 383|0x000000072fe00000, 0x0000000730000000, 0x0000000730000000|100%| O|  |TAMS 0x0000000730000000, 0x000000072fe00000| Updating 
| 384|0x0000000730000000, 0x0000000730200000, 0x0000000730200000|100%| O|  |TAMS 0x0000000730200000, 0x0000000730000000| Updating 
| 385|0x0000000730200000, 0x0000000730400000, 0x0000000730400000|100%| O|  |TAMS 0x0000000730400000, 0x0000000730200000| Updating 
| 386|0x0000000730400000, 0x0000000730600000, 0x0000000730600000|100%| O|  |TAMS 0x0000000730600000, 0x0000000730400000| Updating 
| 387|0x0000000730600000, 0x0000000730800000, 0x0000000730800000|100%| O|  |TAMS 0x0000000730800000, 0x0000000730600000| Updating 
| 388|0x0000000730800000, 0x0000000730a00000, 0x0000000730a00000|100%| O|  |TAMS 0x0000000730a00000, 0x0000000730800000| Updating 
| 389|0x0000000730a00000, 0x0000000730c00000, 0x0000000730c00000|100%| O|  |TAMS 0x0000000730c00000, 0x0000000730a00000| Updating 
| 390|0x0000000730c00000, 0x0000000730e00000, 0x0000000730e00000|100%| O|  |TAMS 0x0000000730e00000, 0x0000000730c00000| Updating 
| 391|0x0000000730e00000, 0x0000000731000000, 0x0000000731000000|100%| O|  |TAMS 0x0000000731000000, 0x0000000730e00000| Updating 
| 392|0x0000000731000000, 0x0000000731200000, 0x0000000731200000|100%| O|  |TAMS 0x0000000731200000, 0x0000000731000000| Updating 
| 393|0x0000000731200000, 0x0000000731400000, 0x0000000731400000|100%| O|  |TAMS 0x0000000731400000, 0x0000000731200000| Updating 
| 394|0x0000000731400000, 0x0000000731400000, 0x0000000731600000|  0%| F|  |TAMS 0x0000000731400000, 0x0000000731400000| Untracked 
| 395|0x0000000731600000, 0x0000000731800000, 0x0000000731800000|100%| O|  |TAMS 0x0000000731800000, 0x0000000731600000| Updating 
| 396|0x0000000731800000, 0x0000000731a00000, 0x0000000731a00000|100%| O|  |TAMS 0x0000000731a00000, 0x0000000731800000| Updating 
| 397|0x0000000731a00000, 0x0000000731c00000, 0x0000000731c00000|100%| O|  |TAMS 0x0000000731c00000, 0x0000000731a00000| Updating 
| 398|0x0000000731c00000, 0x0000000731e00000, 0x0000000731e00000|100%| O|  |TAMS 0x0000000731e00000, 0x0000000731c00000| Updating 
| 399|0x0000000731e00000, 0x0000000731e00000, 0x0000000732000000|  0%| F|  |TAMS 0x0000000731e00000, 0x0000000731e00000| Untracked 
| 400|0x0000000732000000, 0x0000000732200000, 0x0000000732200000|100%| O|  |TAMS 0x0000000732200000, 0x0000000732000000| Updating 
| 401|0x0000000732200000, 0x0000000732400000, 0x0000000732400000|100%| O|  |TAMS 0x0000000732400000, 0x0000000732200000| Updating 
| 402|0x0000000732400000, 0x0000000732600000, 0x0000000732600000|100%| O|  |TAMS 0x0000000732600000, 0x0000000732400000| Updating 
| 403|0x0000000732600000, 0x0000000732800000, 0x0000000732800000|100%| O|  |TAMS 0x0000000732800000, 0x0000000732600000| Updating 
| 404|0x0000000732800000, 0x0000000732a00000, 0x0000000732a00000|100%| O|  |TAMS 0x0000000732a00000, 0x0000000732800000| Updating 
| 405|0x0000000732a00000, 0x0000000732c00000, 0x0000000732c00000|100%| O|  |TAMS 0x0000000732c00000, 0x0000000732a00000| Updating 
| 406|0x0000000732c00000, 0x0000000732e00000, 0x0000000732e00000|100%| O|  |TAMS 0x0000000732e00000, 0x0000000732c00000| Updating 
| 407|0x0000000732e00000, 0x0000000733000000, 0x0000000733000000|100%| O|  |TAMS 0x0000000733000000, 0x0000000732e00000| Updating 
| 408|0x0000000733000000, 0x0000000733200000, 0x0000000733200000|100%| O|  |TAMS 0x0000000733200000, 0x0000000733000000| Updating 
| 409|0x0000000733200000, 0x0000000733400000, 0x0000000733400000|100%| O|  |TAMS 0x0000000733400000, 0x0000000733200000| Updating 
| 410|0x0000000733400000, 0x0000000733600000, 0x0000000733600000|100%| O|  |TAMS 0x0000000733600000, 0x0000000733400000| Updating 
| 411|0x0000000733600000, 0x0000000733800000, 0x0000000733800000|100%| O|  |TAMS 0x0000000733800000, 0x0000000733600000| Updating 
| 412|0x0000000733800000, 0x0000000733a00000, 0x0000000733a00000|100%| O|  |TAMS 0x0000000733a00000, 0x0000000733800000| Updating 
| 413|0x0000000733a00000, 0x0000000733c00000, 0x0000000733c00000|100%| O|  |TAMS 0x0000000733c00000, 0x0000000733a00000| Updating 
| 414|0x0000000733c00000, 0x0000000733e00000, 0x0000000733e00000|100%| O|  |TAMS 0x0000000733e00000, 0x0000000733c00000| Updating 
| 415|0x0000000733e00000, 0x0000000734000000, 0x0000000734000000|100%| O|  |TAMS 0x0000000734000000, 0x0000000733e00000| Updating 
| 416|0x0000000734000000, 0x0000000734200000, 0x0000000734200000|100%| O|  |TAMS 0x0000000734200000, 0x0000000734000000| Updating 
| 417|0x0000000734200000, 0x0000000734400000, 0x0000000734400000|100%| O|  |TAMS 0x0000000734400000, 0x0000000734200000| Updating 
| 418|0x0000000734400000, 0x0000000734600000, 0x0000000734600000|100%| O|  |TAMS 0x0000000734600000, 0x0000000734400000| Updating 
| 419|0x0000000734600000, 0x0000000734800000, 0x0000000734800000|100%| O|  |TAMS 0x0000000734800000, 0x0000000734600000| Updating 
| 420|0x0000000734800000, 0x0000000734a00000, 0x0000000734a00000|100%| O|  |TAMS 0x0000000734a00000, 0x0000000734800000| Updating 
| 421|0x0000000734a00000, 0x0000000734a00000, 0x0000000734c00000|  0%| F|  |TAMS 0x0000000734a00000, 0x0000000734a00000| Untracked 
| 422|0x0000000734c00000, 0x0000000734c00000, 0x0000000734e00000|  0%| F|  |TAMS 0x0000000734c00000, 0x0000000734c00000| Untracked 
| 423|0x0000000734e00000, 0x0000000734e00000, 0x0000000735000000|  0%| F|  |TAMS 0x0000000734e00000, 0x0000000734e00000| Untracked 
| 424|0x0000000735000000, 0x0000000735000000, 0x0000000735200000|  0%| F|  |TAMS 0x0000000735000000, 0x0000000735000000| Untracked 
| 425|0x0000000735200000, 0x0000000735400000, 0x0000000735400000|100%| O|  |TAMS 0x0000000735400000, 0x0000000735200000| Updating 
| 426|0x0000000735400000, 0x0000000735600000, 0x0000000735600000|100%| O|  |TAMS 0x0000000735600000, 0x0000000735400000| Updating 
| 427|0x0000000735600000, 0x0000000735600000, 0x0000000735800000|  0%| F|  |TAMS 0x0000000735600000, 0x0000000735600000| Untracked 
| 428|0x0000000735800000, 0x0000000735800000, 0x0000000735a00000|  0%| F|  |TAMS 0x0000000735800000, 0x0000000735800000| Untracked 
| 429|0x0000000735a00000, 0x0000000735c00000, 0x0000000735c00000|100%| O|  |TAMS 0x0000000735c00000, 0x0000000735a00000| Updating 
| 430|0x0000000735c00000, 0x0000000735e00000, 0x0000000735e00000|100%| O|  |TAMS 0x0000000735e00000, 0x0000000735c00000| Updating 
| 431|0x0000000735e00000, 0x0000000736000000, 0x0000000736000000|100%| O|  |TAMS 0x0000000736000000, 0x0000000735e00000| Updating 
| 432|0x0000000736000000, 0x0000000736200000, 0x0000000736200000|100%| O|  |TAMS 0x0000000736200000, 0x0000000736000000| Updating 
| 433|0x0000000736200000, 0x0000000736400000, 0x0000000736400000|100%| O|  |TAMS 0x0000000736400000, 0x0000000736200000| Updating 
| 434|0x0000000736400000, 0x0000000736600000, 0x0000000736600000|100%| O|  |TAMS 0x0000000736600000, 0x0000000736400000| Updating 
| 435|0x0000000736600000, 0x0000000736800000, 0x0000000736800000|100%| O|  |TAMS 0x0000000736800000, 0x0000000736600000| Updating 
| 436|0x0000000736800000, 0x0000000736a00000, 0x0000000736a00000|100%| O|  |TAMS 0x0000000736a00000, 0x0000000736800000| Updating 
| 437|0x0000000736a00000, 0x0000000736c00000, 0x0000000736c00000|100%| O|  |TAMS 0x0000000736c00000, 0x0000000736a00000| Updating 
| 438|0x0000000736c00000, 0x0000000736e00000, 0x0000000736e00000|100%| O|  |TAMS 0x0000000736e00000, 0x0000000736c00000| Updating 
| 439|0x0000000736e00000, 0x0000000737000000, 0x0000000737000000|100%| O|  |TAMS 0x0000000737000000, 0x0000000736e00000| Updating 
| 440|0x0000000737000000, 0x0000000737200000, 0x0000000737200000|100%| O|  |TAMS 0x0000000737200000, 0x0000000737000000| Updating 
| 441|0x0000000737200000, 0x0000000737400000, 0x0000000737400000|100%| O|  |TAMS 0x0000000737400000, 0x0000000737200000| Updating 
| 442|0x0000000737400000, 0x0000000737600000, 0x0000000737600000|100%| O|  |TAMS 0x0000000737600000, 0x0000000737400000| Updating 
| 443|0x0000000737600000, 0x0000000737800000, 0x0000000737800000|100%| O|  |TAMS 0x0000000737800000, 0x0000000737600000| Updating 
| 444|0x0000000737800000, 0x0000000737a00000, 0x0000000737a00000|100%| O|  |TAMS 0x0000000737a00000, 0x0000000737800000| Updating 
| 445|0x0000000737a00000, 0x0000000737c00000, 0x0000000737c00000|100%| O|  |TAMS 0x0000000737c00000, 0x0000000737a00000| Updating 
| 446|0x0000000737c00000, 0x0000000737e00000, 0x0000000737e00000|100%| O|  |TAMS 0x0000000737e00000, 0x0000000737c00000| Updating 
| 447|0x0000000737e00000, 0x0000000738000000, 0x0000000738000000|100%| O|  |TAMS 0x0000000738000000, 0x0000000737e00000| Updating 
| 448|0x0000000738000000, 0x0000000738200000, 0x0000000738200000|100%| O|  |TAMS 0x0000000738200000, 0x0000000738000000| Updating 
| 449|0x0000000738200000, 0x0000000738400000, 0x0000000738400000|100%| O|  |TAMS 0x0000000738400000, 0x0000000738200000| Updating 
| 450|0x0000000738400000, 0x0000000738600000, 0x0000000738600000|100%| O|  |TAMS 0x0000000738600000, 0x0000000738400000| Updating 
| 451|0x0000000738600000, 0x0000000738800000, 0x0000000738800000|100%| O|  |TAMS 0x0000000738800000, 0x0000000738600000| Updating 
| 452|0x0000000738800000, 0x0000000738a00000, 0x0000000738a00000|100%| O|  |TAMS 0x0000000738a00000, 0x0000000738800000| Updating 
| 453|0x0000000738a00000, 0x0000000738c00000, 0x0000000738c00000|100%| O|  |TAMS 0x0000000738c00000, 0x0000000738a00000| Updating 
| 454|0x0000000738c00000, 0x0000000738c00000, 0x0000000738e00000|  0%| F|  |TAMS 0x0000000738c00000, 0x0000000738c00000| Untracked 
| 455|0x0000000738e00000, 0x0000000738e00000, 0x0000000739000000|  0%| F|  |TAMS 0x0000000738e00000, 0x0000000738e00000| Untracked 
| 456|0x0000000739000000, 0x0000000739000000, 0x0000000739200000|  0%| F|  |TAMS 0x0000000739000000, 0x0000000739000000| Untracked 
| 457|0x0000000739200000, 0x0000000739200000, 0x0000000739400000|  0%| F|  |TAMS 0x0000000739200000, 0x0000000739200000| Untracked 
| 458|0x0000000739400000, 0x0000000739600000, 0x0000000739600000|100%| O|  |TAMS 0x0000000739600000, 0x0000000739400000| Updating 
| 459|0x0000000739600000, 0x0000000739800000, 0x0000000739800000|100%|HS|  |TAMS 0x0000000739800000, 0x0000000739600000| Complete 
| 460|0x0000000739800000, 0x0000000739a00000, 0x0000000739a00000|100%|HS|  |TAMS 0x0000000739a00000, 0x0000000739800000| Complete 
| 461|0x0000000739a00000, 0x0000000739c00000, 0x0000000739c00000|100%|HC|  |TAMS 0x0000000739c00000, 0x0000000739a00000| Complete 
| 462|0x0000000739c00000, 0x0000000739c00000, 0x0000000739e00000|  0%| F|  |TAMS 0x0000000739c00000, 0x0000000739c00000| Untracked 
| 463|0x0000000739e00000, 0x0000000739e00000, 0x000000073a000000|  0%| F|  |TAMS 0x0000000739e00000, 0x0000000739e00000| Untracked 
| 464|0x000000073a000000, 0x000000073a200000, 0x000000073a200000|100%|HS|  |TAMS 0x000000073a200000, 0x000000073a000000| Complete 
| 465|0x000000073a200000, 0x000000073a400000, 0x000000073a400000|100%| O|  |TAMS 0x000000073a400000, 0x000000073a200000| Updating 
| 466|0x000000073a400000, 0x000000073a600000, 0x000000073a600000|100%| O|  |TAMS 0x000000073a600000, 0x000000073a400000| Updating 
| 467|0x000000073a600000, 0x000000073a800000, 0x000000073a800000|100%| O|  |TAMS 0x000000073a800000, 0x000000073a600000| Updating 
| 468|0x000000073a800000, 0x000000073aa00000, 0x000000073aa00000|100%| O|  |TAMS 0x000000073aa00000, 0x000000073a800000| Updating 
| 469|0x000000073aa00000, 0x000000073ac00000, 0x000000073ac00000|100%| O|  |TAMS 0x000000073ac00000, 0x000000073aa00000| Updating 
| 470|0x000000073ac00000, 0x000000073ac00000, 0x000000073ae00000|  0%| F|  |TAMS 0x000000073ac00000, 0x000000073ac00000| Untracked 
| 471|0x000000073ae00000, 0x000000073ae00000, 0x000000073b000000|  0%| F|  |TAMS 0x000000073ae00000, 0x000000073ae00000| Untracked 
| 472|0x000000073b000000, 0x000000073b000000, 0x000000073b200000|  0%| F|  |TAMS 0x000000073b000000, 0x000000073b000000| Untracked 
| 473|0x000000073b200000, 0x000000073b400000, 0x000000073b400000|100%| O|  |TAMS 0x000000073b400000, 0x000000073b200000| Updating 
| 474|0x000000073b400000, 0x000000073b600000, 0x000000073b600000|100%| O|  |TAMS 0x000000073b600000, 0x000000073b400000| Updating 
| 475|0x000000073b600000, 0x000000073b600000, 0x000000073b800000|  0%| F|  |TAMS 0x000000073b600000, 0x000000073b600000| Untracked 
| 476|0x000000073b800000, 0x000000073b800000, 0x000000073ba00000|  0%| F|  |TAMS 0x000000073b800000, 0x000000073b800000| Untracked 
| 477|0x000000073ba00000, 0x000000073bc00000, 0x000000073bc00000|100%| O|  |TAMS 0x000000073bc00000, 0x000000073ba00000| Updating 
| 478|0x000000073bc00000, 0x000000073be00000, 0x000000073be00000|100%| O|  |TAMS 0x000000073be00000, 0x000000073bc00000| Updating 
| 479|0x000000073be00000, 0x000000073c000000, 0x000000073c000000|100%| O|  |TAMS 0x000000073c000000, 0x000000073be00000| Updating 
| 480|0x000000073c000000, 0x000000073c000000, 0x000000073c200000|  0%| F|  |TAMS 0x000000073c000000, 0x000000073c000000| Untracked 
| 481|0x000000073c200000, 0x000000073c400000, 0x000000073c400000|100%| O|  |TAMS 0x000000073c400000, 0x000000073c200000| Updating 
| 482|0x000000073c400000, 0x000000073c400000, 0x000000073c600000|  0%| F|  |TAMS 0x000000073c400000, 0x000000073c400000| Untracked 
| 483|0x000000073c600000, 0x000000073c800000, 0x000000073c800000|100%| O|  |TAMS 0x000000073c800000, 0x000000073c600000| Updating 
| 484|0x000000073c800000, 0x000000073ca00000, 0x000000073ca00000|100%| O|  |TAMS 0x000000073ca00000, 0x000000073c800000| Updating 
| 485|0x000000073ca00000, 0x000000073ca00000, 0x000000073cc00000|  0%| F|  |TAMS 0x000000073ca00000, 0x000000073ca00000| Untracked 
| 486|0x000000073cc00000, 0x000000073ce00000, 0x000000073ce00000|100%| O|  |TAMS 0x000000073ce00000, 0x000000073cc00000| Updating 
| 487|0x000000073ce00000, 0x000000073d000000, 0x000000073d000000|100%| O|  |TAMS 0x000000073d000000, 0x000000073ce00000| Updating 
| 488|0x000000073d000000, 0x000000073d200000, 0x000000073d200000|100%| O|  |TAMS 0x000000073d200000, 0x000000073d000000| Updating 
| 489|0x000000073d200000, 0x000000073d400000, 0x000000073d400000|100%| O|  |TAMS 0x000000073d400000, 0x000000073d200000| Updating 
| 490|0x000000073d400000, 0x000000073d600000, 0x000000073d600000|100%| O|  |TAMS 0x000000073d600000, 0x000000073d400000| Updating 
| 491|0x000000073d600000, 0x000000073d800000, 0x000000073d800000|100%| O|  |TAMS 0x000000073d800000, 0x000000073d600000| Untracked 
| 492|0x000000073d800000, 0x000000073da00000, 0x000000073da00000|100%| O|  |TAMS 0x000000073da00000, 0x000000073d800000| Updating 
| 493|0x000000073da00000, 0x000000073dc00000, 0x000000073dc00000|100%| O|  |TAMS 0x000000073dc00000, 0x000000073da00000| Updating 
| 494|0x000000073dc00000, 0x000000073de00000, 0x000000073de00000|100%| O|  |TAMS 0x000000073de00000, 0x000000073dc00000| Updating 
| 495|0x000000073de00000, 0x000000073e000000, 0x000000073e000000|100%| O|  |TAMS 0x000000073e000000, 0x000000073de00000| Untracked 
| 496|0x000000073e000000, 0x000000073e200000, 0x000000073e200000|100%| O|  |TAMS 0x000000073e200000, 0x000000073e000000| Untracked 
| 497|0x000000073e200000, 0x000000073e400000, 0x000000073e400000|100%| O|  |TAMS 0x000000073e400000, 0x000000073e200000| Untracked 
| 498|0x000000073e400000, 0x000000073e600000, 0x000000073e600000|100%| O|  |TAMS 0x000000073e600000, 0x000000073e400000| Untracked 
| 499|0x000000073e600000, 0x000000073e800000, 0x000000073e800000|100%| O|  |TAMS 0x000000073e800000, 0x000000073e600000| Untracked 
| 500|0x000000073e800000, 0x000000073ea00000, 0x000000073ea00000|100%| O|  |TAMS 0x000000073ea00000, 0x000000073e800000| Untracked 
| 501|0x000000073ea00000, 0x000000073ec00000, 0x000000073ec00000|100%| O|  |TAMS 0x000000073ec00000, 0x000000073ea00000| Untracked 
| 502|0x000000073ec00000, 0x000000073ee00000, 0x000000073ee00000|100%| O|  |TAMS 0x000000073ee00000, 0x000000073ec00000| Untracked 
| 503|0x000000073ee00000, 0x000000073f000000, 0x000000073f000000|100%| O|  |TAMS 0x000000073f000000, 0x000000073ee00000| Untracked 
| 504|0x000000073f000000, 0x000000073f200000, 0x000000073f200000|100%| O|  |TAMS 0x000000073f200000, 0x000000073f000000| Untracked 
| 505|0x000000073f200000, 0x000000073f400000, 0x000000073f400000|100%| O|  |TAMS 0x000000073f400000, 0x000000073f200000| Untracked 
| 506|0x000000073f400000, 0x000000073f600000, 0x000000073f600000|100%| O|  |TAMS 0x000000073f600000, 0x000000073f400000| Untracked 
| 507|0x000000073f600000, 0x000000073f800000, 0x000000073f800000|100%| O|  |TAMS 0x000000073f800000, 0x000000073f600000| Untracked 
| 508|0x000000073f800000, 0x000000073fa00000, 0x000000073fa00000|100%| O|  |TAMS 0x000000073fa00000, 0x000000073f800000| Untracked 
| 509|0x000000073fa00000, 0x000000073fc00000, 0x000000073fc00000|100%| O|  |TAMS 0x000000073fc00000, 0x000000073fa00000| Updating 
| 510|0x000000073fc00000, 0x000000073fe00000, 0x000000073fe00000|100%| O|  |TAMS 0x000000073fe00000, 0x000000073fc00000| Updating 
| 511|0x000000073fe00000, 0x0000000740000000, 0x0000000740000000|100%| O|  |TAMS 0x0000000740000000, 0x000000073fe00000| Updating 
| 512|0x0000000740000000, 0x0000000740200000, 0x0000000740200000|100%| O|  |TAMS 0x0000000740200000, 0x0000000740000000| Updating 
| 513|0x0000000740200000, 0x0000000740400000, 0x0000000740400000|100%| O|  |TAMS 0x0000000740400000, 0x0000000740200000| Updating 
| 514|0x0000000740400000, 0x0000000740600000, 0x0000000740600000|100%| O|  |TAMS 0x0000000740600000, 0x0000000740400000| Updating 
| 515|0x0000000740600000, 0x0000000740800000, 0x0000000740800000|100%| O|  |TAMS 0x0000000740800000, 0x0000000740600000| Updating 
| 516|0x0000000740800000, 0x0000000740a00000, 0x0000000740a00000|100%| O|  |TAMS 0x0000000740a00000, 0x0000000740800000| Updating 
| 517|0x0000000740a00000, 0x0000000740c00000, 0x0000000740c00000|100%| O|  |TAMS 0x0000000740c00000, 0x0000000740a00000| Untracked 
| 518|0x0000000740c00000, 0x0000000740e00000, 0x0000000740e00000|100%| O|  |TAMS 0x0000000740e00000, 0x0000000740c00000| Updating 
| 519|0x0000000740e00000, 0x0000000741000000, 0x0000000741000000|100%| O|  |TAMS 0x0000000741000000, 0x0000000740e00000| Updating 
| 520|0x0000000741000000, 0x0000000741200000, 0x0000000741200000|100%| O|  |TAMS 0x0000000741200000, 0x0000000741000000| Updating 
| 521|0x0000000741200000, 0x0000000741400000, 0x0000000741400000|100%| O|  |TAMS 0x0000000741400000, 0x0000000741200000| Updating 
| 522|0x0000000741400000, 0x0000000741600000, 0x0000000741600000|100%| O|  |TAMS 0x0000000741600000, 0x0000000741400000| Updating 
| 523|0x0000000741600000, 0x0000000741800000, 0x0000000741800000|100%| O|  |TAMS 0x0000000741800000, 0x0000000741600000| Updating 
| 524|0x0000000741800000, 0x0000000741a00000, 0x0000000741a00000|100%| O|  |TAMS 0x0000000741a00000, 0x0000000741800000| Updating 
| 525|0x0000000741a00000, 0x0000000741c00000, 0x0000000741c00000|100%| O|  |TAMS 0x0000000741c00000, 0x0000000741a00000| Updating 
| 526|0x0000000741c00000, 0x0000000741e00000, 0x0000000741e00000|100%| O|  |TAMS 0x0000000741e00000, 0x0000000741c00000| Updating 
| 527|0x0000000741e00000, 0x0000000742000000, 0x0000000742000000|100%| O|  |TAMS 0x0000000742000000, 0x0000000741e00000| Updating 
| 528|0x0000000742000000, 0x0000000742200000, 0x0000000742200000|100%| O|  |TAMS 0x0000000742200000, 0x0000000742000000| Updating 
| 529|0x0000000742200000, 0x0000000742400000, 0x0000000742400000|100%| O|  |TAMS 0x0000000742400000, 0x0000000742200000| Updating 
| 530|0x0000000742400000, 0x0000000742600000, 0x0000000742600000|100%| O|  |TAMS 0x0000000742600000, 0x0000000742400000| Updating 
| 531|0x0000000742600000, 0x0000000742800000, 0x0000000742800000|100%| O|  |TAMS 0x0000000742800000, 0x0000000742600000| Updating 
| 532|0x0000000742800000, 0x0000000742a00000, 0x0000000742a00000|100%| O|  |TAMS 0x0000000742a00000, 0x0000000742800000| Updating 
| 533|0x0000000742a00000, 0x0000000742c00000, 0x0000000742c00000|100%| O|  |TAMS 0x0000000742c00000, 0x0000000742a00000| Updating 
| 534|0x0000000742c00000, 0x0000000742e00000, 0x0000000742e00000|100%| O|  |TAMS 0x0000000742e00000, 0x0000000742c00000| Updating 
| 535|0x0000000742e00000, 0x0000000743000000, 0x0000000743000000|100%| O|  |TAMS 0x0000000743000000, 0x0000000742e00000| Updating 
| 536|0x0000000743000000, 0x0000000743200000, 0x0000000743200000|100%| O|  |TAMS 0x0000000743200000, 0x0000000743000000| Updating 
| 537|0x0000000743200000, 0x0000000743400000, 0x0000000743400000|100%| O|  |TAMS 0x0000000743400000, 0x0000000743200000| Updating 
| 538|0x0000000743400000, 0x0000000743600000, 0x0000000743600000|100%| O|  |TAMS 0x0000000743600000, 0x0000000743400000| Updating 
| 539|0x0000000743600000, 0x0000000743800000, 0x0000000743800000|100%| O|  |TAMS 0x0000000743800000, 0x0000000743600000| Updating 
| 540|0x0000000743800000, 0x0000000743a00000, 0x0000000743a00000|100%| O|  |TAMS 0x0000000743a00000, 0x0000000743800000| Updating 
| 541|0x0000000743a00000, 0x0000000743c00000, 0x0000000743c00000|100%| O|  |TAMS 0x0000000743c00000, 0x0000000743a00000| Untracked 
| 542|0x0000000743c00000, 0x0000000743c00000, 0x0000000743e00000|  0%| F|  |TAMS 0x0000000743c00000, 0x0000000743c00000| Untracked 
| 543|0x0000000743e00000, 0x0000000744000000, 0x0000000744000000|100%| O|  |TAMS 0x0000000744000000, 0x0000000743e00000| Updating 
| 544|0x0000000744000000, 0x0000000744200000, 0x0000000744200000|100%| O|  |TAMS 0x0000000744200000, 0x0000000744000000| Updating 
| 545|0x0000000744200000, 0x0000000744400000, 0x0000000744400000|100%| O|  |TAMS 0x0000000744400000, 0x0000000744200000| Updating 
| 546|0x0000000744400000, 0x0000000744600000, 0x0000000744600000|100%| O|  |TAMS 0x0000000744600000, 0x0000000744400000| Updating 
| 547|0x0000000744600000, 0x0000000744600000, 0x0000000744800000|  0%| F|  |TAMS 0x0000000744600000, 0x0000000744600000| Untracked 
| 548|0x0000000744800000, 0x0000000744a00000, 0x0000000744a00000|100%| O|  |TAMS 0x0000000744a00000, 0x0000000744800000| Updating 
| 549|0x0000000744a00000, 0x0000000744c00000, 0x0000000744c00000|100%| O|  |TAMS 0x0000000744c00000, 0x0000000744a00000| Updating 
| 550|0x0000000744c00000, 0x0000000744e00000, 0x0000000744e00000|100%| O|  |TAMS 0x0000000744e00000, 0x0000000744c00000| Untracked 
| 551|0x0000000744e00000, 0x0000000744e00000, 0x0000000745000000|  0%| F|  |TAMS 0x0000000744e00000, 0x0000000744e00000| Untracked 
| 552|0x0000000745000000, 0x0000000745200000, 0x0000000745200000|100%| O|  |TAMS 0x0000000745200000, 0x0000000745000000| Updating 
| 553|0x0000000745200000, 0x0000000745400000, 0x0000000745400000|100%| O|  |TAMS 0x0000000745400000, 0x0000000745200000| Updating 
| 554|0x0000000745400000, 0x0000000745600000, 0x0000000745600000|100%| O|  |TAMS 0x0000000745600000, 0x0000000745400000| Updating 
| 555|0x0000000745600000, 0x0000000745800000, 0x0000000745800000|100%| O|  |TAMS 0x0000000745800000, 0x0000000745600000| Updating 
| 556|0x0000000745800000, 0x0000000745a00000, 0x0000000745a00000|100%| O|  |TAMS 0x0000000745a00000, 0x0000000745800000| Updating 
| 557|0x0000000745a00000, 0x0000000745a00000, 0x0000000745c00000|  0%| F|  |TAMS 0x0000000745a00000, 0x0000000745a00000| Untracked 
| 558|0x0000000745c00000, 0x0000000745e00000, 0x0000000745e00000|100%| O|  |TAMS 0x0000000745e00000, 0x0000000745c00000| Updating 
| 559|0x0000000745e00000, 0x0000000746000000, 0x0000000746000000|100%| O|  |TAMS 0x0000000746000000, 0x0000000745e00000| Updating 
| 560|0x0000000746000000, 0x0000000746200000, 0x0000000746200000|100%| O|  |TAMS 0x0000000746200000, 0x0000000746000000| Updating 
| 561|0x0000000746200000, 0x0000000746400000, 0x0000000746400000|100%| O|  |TAMS 0x0000000746400000, 0x0000000746200000| Updating 
| 562|0x0000000746400000, 0x0000000746600000, 0x0000000746600000|100%| O|  |TAMS 0x0000000746600000, 0x0000000746400000| Updating 
| 563|0x0000000746600000, 0x0000000746800000, 0x0000000746800000|100%| O|  |TAMS 0x0000000746800000, 0x0000000746600000| Updating 
| 564|0x0000000746800000, 0x0000000746a00000, 0x0000000746a00000|100%| O|  |TAMS 0x0000000746a00000, 0x0000000746800000| Updating 
| 565|0x0000000746a00000, 0x0000000746c00000, 0x0000000746c00000|100%| O|  |TAMS 0x0000000746c00000, 0x0000000746a00000| Updating 
| 566|0x0000000746c00000, 0x0000000746c00000, 0x0000000746e00000|  0%| F|  |TAMS 0x0000000746c00000, 0x0000000746c00000| Untracked 
| 567|0x0000000746e00000, 0x0000000747000000, 0x0000000747000000|100%| O|  |TAMS 0x0000000747000000, 0x0000000746e00000| Updating 
| 568|0x0000000747000000, 0x0000000747000000, 0x0000000747200000|  0%| F|  |TAMS 0x0000000747000000, 0x0000000747000000| Untracked 
| 569|0x0000000747200000, 0x0000000747400000, 0x0000000747400000|100%| O|  |TAMS 0x0000000747400000, 0x0000000747200000| Updating 
| 570|0x0000000747400000, 0x0000000747600000, 0x0000000747600000|100%| O|  |TAMS 0x0000000747600000, 0x0000000747400000| Updating 
| 571|0x0000000747600000, 0x0000000747800000, 0x0000000747800000|100%| O|  |TAMS 0x0000000747800000, 0x0000000747600000| Updating 
| 572|0x0000000747800000, 0x0000000747a00000, 0x0000000747a00000|100%| O|  |TAMS 0x0000000747a00000, 0x0000000747800000| Updating 
| 573|0x0000000747a00000, 0x0000000747c00000, 0x0000000747c00000|100%| O|  |TAMS 0x0000000747c00000, 0x0000000747a00000| Updating 
| 574|0x0000000747c00000, 0x0000000747e00000, 0x0000000747e00000|100%| O|  |TAMS 0x0000000747e00000, 0x0000000747c00000| Updating 
| 575|0x0000000747e00000, 0x0000000748000000, 0x0000000748000000|100%| O|  |TAMS 0x0000000748000000, 0x0000000747e00000| Updating 
| 576|0x0000000748000000, 0x0000000748200000, 0x0000000748200000|100%| O|  |TAMS 0x0000000748200000, 0x0000000748000000| Updating 
| 577|0x0000000748200000, 0x0000000748400000, 0x0000000748400000|100%| O|  |TAMS 0x0000000748400000, 0x0000000748200000| Updating 
| 578|0x0000000748400000, 0x0000000748600000, 0x0000000748600000|100%| O|  |TAMS 0x0000000748600000, 0x0000000748400000| Updating 
| 579|0x0000000748600000, 0x0000000748800000, 0x0000000748800000|100%| O|  |TAMS 0x0000000748800000, 0x0000000748600000| Updating 
| 580|0x0000000748800000, 0x0000000748a00000, 0x0000000748a00000|100%| O|  |TAMS 0x0000000748a00000, 0x0000000748800000| Untracked 
| 581|0x0000000748a00000, 0x0000000748c00000, 0x0000000748c00000|100%| O|  |TAMS 0x0000000748c00000, 0x0000000748a00000| Untracked 
| 582|0x0000000748c00000, 0x0000000748e00000, 0x0000000748e00000|100%| O|  |TAMS 0x0000000748e00000, 0x0000000748c00000| Untracked 
| 583|0x0000000748e00000, 0x0000000749000000, 0x0000000749000000|100%| O|  |TAMS 0x0000000749000000, 0x0000000748e00000| Untracked 
| 584|0x0000000749000000, 0x0000000749200000, 0x0000000749200000|100%| O|  |TAMS 0x0000000749200000, 0x0000000749000000| Updating 
| 585|0x0000000749200000, 0x0000000749400000, 0x0000000749400000|100%| O|  |TAMS 0x0000000749400000, 0x0000000749200000| Updating 
| 586|0x0000000749400000, 0x0000000749600000, 0x0000000749600000|100%| O|  |TAMS 0x0000000749600000, 0x0000000749400000| Updating 
| 587|0x0000000749600000, 0x0000000749800000, 0x0000000749800000|100%| O|  |TAMS 0x0000000749800000, 0x0000000749600000| Updating 
| 588|0x0000000749800000, 0x0000000749a00000, 0x0000000749a00000|100%| O|  |TAMS 0x0000000749a00000, 0x0000000749800000| Updating 
| 589|0x0000000749a00000, 0x0000000749c00000, 0x0000000749c00000|100%| O|  |TAMS 0x0000000749c00000, 0x0000000749a00000| Updating 
| 590|0x0000000749c00000, 0x0000000749e00000, 0x0000000749e00000|100%| O|  |TAMS 0x0000000749e00000, 0x0000000749c00000| Updating 
| 591|0x0000000749e00000, 0x000000074a000000, 0x000000074a000000|100%| O|  |TAMS 0x000000074a000000, 0x0000000749e00000| Updating 
| 592|0x000000074a000000, 0x000000074a200000, 0x000000074a200000|100%| O|  |TAMS 0x000000074a200000, 0x000000074a000000| Updating 
| 593|0x000000074a200000, 0x000000074a400000, 0x000000074a400000|100%| O|  |TAMS 0x000000074a400000, 0x000000074a200000| Updating 
| 594|0x000000074a400000, 0x000000074a600000, 0x000000074a600000|100%| O|  |TAMS 0x000000074a600000, 0x000000074a400000| Untracked 
| 595|0x000000074a600000, 0x000000074a800000, 0x000000074a800000|100%| O|  |TAMS 0x000000074a800000, 0x000000074a600000| Updating 
| 596|0x000000074a800000, 0x000000074aa00000, 0x000000074aa00000|100%| O|  |TAMS 0x000000074aa00000, 0x000000074a800000| Untracked 
| 597|0x000000074aa00000, 0x000000074ac00000, 0x000000074ac00000|100%| O|  |TAMS 0x000000074ac00000, 0x000000074aa00000| Untracked 
| 598|0x000000074ac00000, 0x000000074ae00000, 0x000000074ae00000|100%| O|  |TAMS 0x000000074ae00000, 0x000000074ac00000| Untracked 
| 599|0x000000074ae00000, 0x000000074b000000, 0x000000074b000000|100%| O|  |TAMS 0x000000074b000000, 0x000000074ae00000| Untracked 
| 600|0x000000074b000000, 0x000000074b200000, 0x000000074b200000|100%| O|  |TAMS 0x000000074b200000, 0x000000074b000000| Untracked 
| 601|0x000000074b200000, 0x000000074b400000, 0x000000074b400000|100%| O|  |TAMS 0x000000074b400000, 0x000000074b200000| Untracked 
| 602|0x000000074b400000, 0x000000074b600000, 0x000000074b600000|100%| O|  |TAMS 0x000000074b600000, 0x000000074b400000| Untracked 
| 603|0x000000074b600000, 0x000000074b800000, 0x000000074b800000|100%| O|  |TAMS 0x000000074b800000, 0x000000074b600000| Updating 
| 604|0x000000074b800000, 0x000000074ba00000, 0x000000074ba00000|100%| O|  |TAMS 0x000000074ba00000, 0x000000074b800000| Updating 
| 605|0x000000074ba00000, 0x000000074bc00000, 0x000000074bc00000|100%| O|  |TAMS 0x000000074bc00000, 0x000000074ba00000| Updating 
| 606|0x000000074bc00000, 0x000000074be00000, 0x000000074be00000|100%| O|  |TAMS 0x000000074be00000, 0x000000074bc00000| Updating 
| 607|0x000000074be00000, 0x000000074c000000, 0x000000074c000000|100%| O|  |TAMS 0x000000074c000000, 0x000000074be00000| Updating 
| 608|0x000000074c000000, 0x000000074c200000, 0x000000074c200000|100%| O|  |TAMS 0x000000074c200000, 0x000000074c000000| Updating 
| 609|0x000000074c200000, 0x000000074c400000, 0x000000074c400000|100%| O|  |TAMS 0x000000074c400000, 0x000000074c200000| Updating 
| 610|0x000000074c400000, 0x000000074c600000, 0x000000074c600000|100%| O|  |TAMS 0x000000074c600000, 0x000000074c400000| Updating 
| 611|0x000000074c600000, 0x000000074c800000, 0x000000074c800000|100%| O|  |TAMS 0x000000074c800000, 0x000000074c600000| Updating 
| 612|0x000000074c800000, 0x000000074ca00000, 0x000000074ca00000|100%| O|  |TAMS 0x000000074ca00000, 0x000000074c800000| Updating 
| 613|0x000000074ca00000, 0x000000074cc00000, 0x000000074cc00000|100%| O|  |TAMS 0x000000074cc00000, 0x000000074ca00000| Updating 
| 614|0x000000074cc00000, 0x000000074ce00000, 0x000000074ce00000|100%| O|  |TAMS 0x000000074ce00000, 0x000000074cc00000| Updating 
| 615|0x000000074ce00000, 0x000000074d000000, 0x000000074d000000|100%| O|  |TAMS 0x000000074d000000, 0x000000074ce00000| Updating 
| 616|0x000000074d000000, 0x000000074d200000, 0x000000074d200000|100%| O|  |TAMS 0x000000074d200000, 0x000000074d000000| Updating 
| 617|0x000000074d200000, 0x000000074d400000, 0x000000074d400000|100%| O|  |TAMS 0x000000074d400000, 0x000000074d200000| Updating 
| 618|0x000000074d400000, 0x000000074d600000, 0x000000074d600000|100%| O|  |TAMS 0x000000074d600000, 0x000000074d400000| Updating 
| 619|0x000000074d600000, 0x000000074d800000, 0x000000074d800000|100%| O|  |TAMS 0x000000074d800000, 0x000000074d600000| Updating 
| 620|0x000000074d800000, 0x000000074da00000, 0x000000074da00000|100%| O|  |TAMS 0x000000074da00000, 0x000000074d800000| Updating 
| 621|0x000000074da00000, 0x000000074dc00000, 0x000000074dc00000|100%| O|  |TAMS 0x000000074dc00000, 0x000000074da00000| Updating 
| 622|0x000000074dc00000, 0x000000074de00000, 0x000000074de00000|100%| O|  |TAMS 0x000000074de00000, 0x000000074dc00000| Updating 
| 623|0x000000074de00000, 0x000000074e000000, 0x000000074e000000|100%| O|  |TAMS 0x000000074e000000, 0x000000074de00000| Updating 
| 624|0x000000074e000000, 0x000000074e200000, 0x000000074e200000|100%| O|  |TAMS 0x000000074e200000, 0x000000074e000000| Updating 
| 625|0x000000074e200000, 0x000000074e400000, 0x000000074e400000|100%| O|  |TAMS 0x000000074e400000, 0x000000074e200000| Untracked 
| 626|0x000000074e400000, 0x000000074e600000, 0x000000074e600000|100%| O|  |TAMS 0x000000074e600000, 0x000000074e400000| Updating 
| 627|0x000000074e600000, 0x000000074e800000, 0x000000074e800000|100%| O|  |TAMS 0x000000074e800000, 0x000000074e600000| Updating 
| 628|0x000000074e800000, 0x000000074ea00000, 0x000000074ea00000|100%| O|  |TAMS 0x000000074ea00000, 0x000000074e800000| Untracked 
| 629|0x000000074ea00000, 0x000000074ec00000, 0x000000074ec00000|100%| O|  |TAMS 0x000000074ec00000, 0x000000074ea00000| Updating 
| 630|0x000000074ec00000, 0x000000074ee00000, 0x000000074ee00000|100%| O|  |TAMS 0x000000074ee00000, 0x000000074ec00000| Updating 
| 631|0x000000074ee00000, 0x000000074f000000, 0x000000074f000000|100%| O|  |TAMS 0x000000074f000000, 0x000000074ee00000| Updating 
| 632|0x000000074f000000, 0x000000074f200000, 0x000000074f200000|100%| O|  |TAMS 0x000000074f200000, 0x000000074f000000| Updating 
| 633|0x000000074f200000, 0x000000074f400000, 0x000000074f400000|100%| O|  |TAMS 0x000000074f400000, 0x000000074f200000| Updating 
| 634|0x000000074f400000, 0x000000074f600000, 0x000000074f600000|100%| O|  |TAMS 0x000000074f600000, 0x000000074f400000| Updating 
| 635|0x000000074f600000, 0x000000074f800000, 0x000000074f800000|100%| O|  |TAMS 0x000000074f800000, 0x000000074f600000| Untracked 
| 636|0x000000074f800000, 0x000000074fa00000, 0x000000074fa00000|100%| O|  |TAMS 0x000000074fa00000, 0x000000074f800000| Updating 
| 637|0x000000074fa00000, 0x000000074fc00000, 0x000000074fc00000|100%| O|  |TAMS 0x000000074fc00000, 0x000000074fa00000| Updating 
| 638|0x000000074fc00000, 0x000000074fe00000, 0x000000074fe00000|100%| O|  |TAMS 0x000000074fe00000, 0x000000074fc00000| Updating 
| 639|0x000000074fe00000, 0x0000000750000000, 0x0000000750000000|100%| O|  |TAMS 0x0000000750000000, 0x000000074fe00000| Updating 
| 640|0x0000000750000000, 0x0000000750200000, 0x0000000750200000|100%| O|  |TAMS 0x0000000750200000, 0x0000000750000000| Updating 
| 641|0x0000000750200000, 0x0000000750400000, 0x0000000750400000|100%| O|  |TAMS 0x0000000750400000, 0x0000000750200000| Untracked 
| 642|0x0000000750400000, 0x0000000750600000, 0x0000000750600000|100%| O|  |TAMS 0x0000000750600000, 0x0000000750400000| Updating 
| 643|0x0000000750600000, 0x0000000750800000, 0x0000000750800000|100%| O|  |TAMS 0x0000000750800000, 0x0000000750600000| Untracked 
| 644|0x0000000750800000, 0x0000000750a00000, 0x0000000750a00000|100%| O|  |TAMS 0x0000000750a00000, 0x0000000750800000| Updating 
| 645|0x0000000750a00000, 0x0000000750c00000, 0x0000000750c00000|100%| O|  |TAMS 0x0000000750c00000, 0x0000000750a00000| Updating 
| 646|0x0000000750c00000, 0x0000000750e00000, 0x0000000750e00000|100%| O|  |TAMS 0x0000000750e00000, 0x0000000750c00000| Updating 
| 647|0x0000000750e00000, 0x0000000751000000, 0x0000000751000000|100%| O|  |TAMS 0x0000000751000000, 0x0000000750e00000| Updating 
| 648|0x0000000751000000, 0x0000000751200000, 0x0000000751200000|100%| O|  |TAMS 0x0000000751200000, 0x0000000751000000| Updating 
| 649|0x0000000751200000, 0x0000000751400000, 0x0000000751400000|100%| O|  |TAMS 0x0000000751400000, 0x0000000751200000| Updating 
| 650|0x0000000751400000, 0x0000000751600000, 0x0000000751600000|100%| O|  |TAMS 0x0000000751600000, 0x0000000751400000| Updating 
| 651|0x0000000751600000, 0x0000000751800000, 0x0000000751800000|100%| O|  |TAMS 0x0000000751800000, 0x0000000751600000| Updating 
| 652|0x0000000751800000, 0x0000000751a00000, 0x0000000751a00000|100%| O|  |TAMS 0x0000000751a00000, 0x0000000751800000| Updating 
| 653|0x0000000751a00000, 0x0000000751c00000, 0x0000000751c00000|100%| O|  |TAMS 0x0000000751c00000, 0x0000000751a00000| Untracked 
| 654|0x0000000751c00000, 0x0000000751e00000, 0x0000000751e00000|100%| O|  |TAMS 0x0000000751e00000, 0x0000000751c00000| Updating 
| 655|0x0000000751e00000, 0x0000000752000000, 0x0000000752000000|100%| O|  |TAMS 0x0000000752000000, 0x0000000751e00000| Updating 
| 656|0x0000000752000000, 0x0000000752200000, 0x0000000752200000|100%| O|  |TAMS 0x0000000752200000, 0x0000000752000000| Updating 
| 657|0x0000000752200000, 0x0000000752400000, 0x0000000752400000|100%| O|  |TAMS 0x0000000752400000, 0x0000000752200000| Updating 
| 658|0x0000000752400000, 0x0000000752600000, 0x0000000752600000|100%| O|  |TAMS 0x0000000752600000, 0x0000000752400000| Updating 
| 659|0x0000000752600000, 0x0000000752600000, 0x0000000752800000|  0%| F|  |TAMS 0x0000000752600000, 0x0000000752600000| Untracked 
| 660|0x0000000752800000, 0x0000000752a00000, 0x0000000752a00000|100%| O|  |TAMS 0x0000000752a00000, 0x0000000752800000| Updating 
| 661|0x0000000752a00000, 0x0000000752c00000, 0x0000000752c00000|100%| O|  |TAMS 0x0000000752c00000, 0x0000000752a00000| Updating 
| 662|0x0000000752c00000, 0x0000000752e00000, 0x0000000752e00000|100%| O|  |TAMS 0x0000000752e00000, 0x0000000752c00000| Updating 
| 663|0x0000000752e00000, 0x0000000753000000, 0x0000000753000000|100%| O|  |TAMS 0x0000000753000000, 0x0000000752e00000| Updating 
| 664|0x0000000753000000, 0x0000000753200000, 0x0000000753200000|100%| O|  |TAMS 0x0000000753200000, 0x0000000753000000| Updating 
| 665|0x0000000753200000, 0x0000000753400000, 0x0000000753400000|100%| O|  |TAMS 0x0000000753400000, 0x0000000753200000| Updating 
| 666|0x0000000753400000, 0x0000000753600000, 0x0000000753600000|100%| O|  |TAMS 0x0000000753600000, 0x0000000753400000| Updating 
| 667|0x0000000753600000, 0x0000000753800000, 0x0000000753800000|100%| O|  |TAMS 0x0000000753800000, 0x0000000753600000| Updating 
| 668|0x0000000753800000, 0x0000000753a00000, 0x0000000753a00000|100%| O|  |TAMS 0x0000000753a00000, 0x0000000753800000| Updating 
| 669|0x0000000753a00000, 0x0000000753c00000, 0x0000000753c00000|100%| O|  |TAMS 0x0000000753c00000, 0x0000000753a00000| Updating 
| 670|0x0000000753c00000, 0x0000000753e00000, 0x0000000753e00000|100%| O|  |TAMS 0x0000000753e00000, 0x0000000753c00000| Updating 
| 671|0x0000000753e00000, 0x0000000754000000, 0x0000000754000000|100%| O|  |TAMS 0x0000000754000000, 0x0000000753e00000| Updating 
| 672|0x0000000754000000, 0x0000000754200000, 0x0000000754200000|100%| O|  |TAMS 0x0000000754200000, 0x0000000754000000| Updating 
| 673|0x0000000754200000, 0x0000000754400000, 0x0000000754400000|100%| O|  |TAMS 0x0000000754400000, 0x0000000754200000| Updating 
| 674|0x0000000754400000, 0x0000000754600000, 0x0000000754600000|100%| O|  |TAMS 0x0000000754600000, 0x0000000754400000| Updating 
| 675|0x0000000754600000, 0x0000000754800000, 0x0000000754800000|100%| O|  |TAMS 0x0000000754800000, 0x0000000754600000| Updating 
| 676|0x0000000754800000, 0x0000000754a00000, 0x0000000754a00000|100%| O|  |TAMS 0x0000000754a00000, 0x0000000754800000| Updating 
| 677|0x0000000754a00000, 0x0000000754c00000, 0x0000000754c00000|100%| O|  |TAMS 0x0000000754c00000, 0x0000000754a00000| Updating 
| 678|0x0000000754c00000, 0x0000000754e00000, 0x0000000754e00000|100%| O|  |TAMS 0x0000000754e00000, 0x0000000754c00000| Updating 
| 679|0x0000000754e00000, 0x0000000755000000, 0x0000000755000000|100%| O|  |TAMS 0x0000000755000000, 0x0000000754e00000| Updating 
| 680|0x0000000755000000, 0x0000000755200000, 0x0000000755200000|100%| O|  |TAMS 0x0000000755200000, 0x0000000755000000| Updating 
| 681|0x0000000755200000, 0x0000000755400000, 0x0000000755400000|100%| O|  |TAMS 0x0000000755400000, 0x0000000755200000| Updating 
| 682|0x0000000755400000, 0x0000000755600000, 0x0000000755600000|100%| O|  |TAMS 0x0000000755600000, 0x0000000755400000| Updating 
| 683|0x0000000755600000, 0x0000000755800000, 0x0000000755800000|100%| O|  |TAMS 0x0000000755800000, 0x0000000755600000| Updating 
| 684|0x0000000755800000, 0x0000000755a00000, 0x0000000755a00000|100%| O|  |TAMS 0x0000000755a00000, 0x0000000755800000| Updating 
| 685|0x0000000755a00000, 0x0000000755c00000, 0x0000000755c00000|100%| O|  |TAMS 0x0000000755c00000, 0x0000000755a00000| Updating 
| 686|0x0000000755c00000, 0x0000000755e00000, 0x0000000755e00000|100%| O|  |TAMS 0x0000000755e00000, 0x0000000755c00000| Updating 
| 687|0x0000000755e00000, 0x0000000755e00000, 0x0000000756000000|  0%| F|  |TAMS 0x0000000755e00000, 0x0000000755e00000| Untracked 
| 688|0x0000000756000000, 0x0000000756200000, 0x0000000756200000|100%| O|  |TAMS 0x0000000756200000, 0x0000000756000000| Updating 
| 689|0x0000000756200000, 0x0000000756400000, 0x0000000756400000|100%|HS|  |TAMS 0x0000000756400000, 0x0000000756200000| Complete 
| 690|0x0000000756400000, 0x0000000756600000, 0x0000000756600000|100%|HC|  |TAMS 0x0000000756600000, 0x0000000756400000| Complete 
| 691|0x0000000756600000, 0x0000000756800000, 0x0000000756800000|100%|HC|  |TAMS 0x0000000756800000, 0x0000000756600000| Complete 
| 692|0x0000000756800000, 0x0000000756a00000, 0x0000000756a00000|100%|HC|  |TAMS 0x0000000756a00000, 0x0000000756800000| Complete 
| 693|0x0000000756a00000, 0x0000000756c00000, 0x0000000756c00000|100%| O|  |TAMS 0x0000000756c00000, 0x0000000756a00000| Updating 
| 694|0x0000000756c00000, 0x0000000756e00000, 0x0000000756e00000|100%| O|  |TAMS 0x0000000756e00000, 0x0000000756c00000| Updating 
| 695|0x0000000756e00000, 0x0000000756e00000, 0x0000000757000000|  0%| F|  |TAMS 0x0000000756e00000, 0x0000000756e00000| Untracked 
| 696|0x0000000757000000, 0x0000000757200000, 0x0000000757200000|100%| O|  |TAMS 0x0000000757200000, 0x0000000757000000| Updating 
| 697|0x0000000757200000, 0x0000000757400000, 0x0000000757400000|100%| O|  |TAMS 0x0000000757400000, 0x0000000757200000| Updating 
| 698|0x0000000757400000, 0x0000000757600000, 0x0000000757600000|100%| O|  |TAMS 0x0000000757600000, 0x0000000757400000| Updating 
| 699|0x0000000757600000, 0x0000000757800000, 0x0000000757800000|100%| O|  |TAMS 0x0000000757800000, 0x0000000757600000| Updating 
| 700|0x0000000757800000, 0x0000000757a00000, 0x0000000757a00000|100%| O|  |TAMS 0x0000000757a00000, 0x0000000757800000| Updating 
| 701|0x0000000757a00000, 0x0000000757c00000, 0x0000000757c00000|100%| O|  |TAMS 0x0000000757c00000, 0x0000000757a00000| Updating 
| 702|0x0000000757c00000, 0x0000000757e00000, 0x0000000757e00000|100%| O|  |TAMS 0x0000000757e00000, 0x0000000757c00000| Updating 
| 703|0x0000000757e00000, 0x0000000758000000, 0x0000000758000000|100%| O|  |TAMS 0x0000000758000000, 0x0000000757e00000| Updating 
| 704|0x0000000758000000, 0x0000000758200000, 0x0000000758200000|100%| O|  |TAMS 0x0000000758200000, 0x0000000758000000| Updating 
| 705|0x0000000758200000, 0x0000000758400000, 0x0000000758400000|100%| O|  |TAMS 0x0000000758400000, 0x0000000758200000| Updating 
| 706|0x0000000758400000, 0x0000000758600000, 0x0000000758600000|100%| O|  |TAMS 0x0000000758600000, 0x0000000758400000| Updating 
| 707|0x0000000758600000, 0x0000000758800000, 0x0000000758800000|100%| O|  |TAMS 0x0000000758800000, 0x0000000758600000| Updating 
| 708|0x0000000758800000, 0x0000000758a00000, 0x0000000758a00000|100%| O|  |TAMS 0x0000000758a00000, 0x0000000758800000| Updating 
| 709|0x0000000758a00000, 0x0000000758c00000, 0x0000000758c00000|100%| O|  |TAMS 0x0000000758c00000, 0x0000000758a00000| Updating 
| 710|0x0000000758c00000, 0x0000000758e00000, 0x0000000758e00000|100%| O|  |TAMS 0x0000000758e00000, 0x0000000758c00000| Updating 
| 711|0x0000000758e00000, 0x0000000759000000, 0x0000000759000000|100%| O|  |TAMS 0x0000000759000000, 0x0000000758e00000| Updating 
| 712|0x0000000759000000, 0x0000000759200000, 0x0000000759200000|100%| O|  |TAMS 0x0000000759200000, 0x0000000759000000| Updating 
| 713|0x0000000759200000, 0x0000000759400000, 0x0000000759400000|100%| O|  |TAMS 0x0000000759400000, 0x0000000759200000| Updating 
| 714|0x0000000759400000, 0x0000000759600000, 0x0000000759600000|100%| O|  |TAMS 0x0000000759600000, 0x0000000759400000| Updating 
| 715|0x0000000759600000, 0x0000000759800000, 0x0000000759800000|100%| O|  |TAMS 0x0000000759800000, 0x0000000759600000| Updating 
| 716|0x0000000759800000, 0x0000000759a00000, 0x0000000759a00000|100%| O|  |TAMS 0x0000000759a00000, 0x0000000759800000| Updating 
| 717|0x0000000759a00000, 0x0000000759c00000, 0x0000000759c00000|100%| O|  |TAMS 0x0000000759c00000, 0x0000000759a00000| Updating 
| 718|0x0000000759c00000, 0x0000000759e00000, 0x0000000759e00000|100%| O|  |TAMS 0x0000000759e00000, 0x0000000759c00000| Updating 
| 719|0x0000000759e00000, 0x000000075a000000, 0x000000075a000000|100%| O|  |TAMS 0x000000075a000000, 0x0000000759e00000| Updating 
| 720|0x000000075a000000, 0x000000075a200000, 0x000000075a200000|100%| O|  |TAMS 0x000000075a200000, 0x000000075a000000| Updating 
| 721|0x000000075a200000, 0x000000075a400000, 0x000000075a400000|100%| O|  |TAMS 0x000000075a400000, 0x000000075a200000| Updating 
| 722|0x000000075a400000, 0x000000075a600000, 0x000000075a600000|100%| O|  |TAMS 0x000000075a600000, 0x000000075a400000| Updating 
| 723|0x000000075a600000, 0x000000075a800000, 0x000000075a800000|100%| O|  |TAMS 0x000000075a800000, 0x000000075a600000| Updating 
| 724|0x000000075a800000, 0x000000075aa00000, 0x000000075aa00000|100%| O|  |TAMS 0x000000075aa00000, 0x000000075a800000| Updating 
| 725|0x000000075aa00000, 0x000000075ac00000, 0x000000075ac00000|100%| O|  |TAMS 0x000000075ac00000, 0x000000075aa00000| Updating 
| 726|0x000000075ac00000, 0x000000075ae00000, 0x000000075ae00000|100%| O|  |TAMS 0x000000075ae00000, 0x000000075ac00000| Updating 
| 727|0x000000075ae00000, 0x000000075b000000, 0x000000075b000000|100%| O|  |TAMS 0x000000075b000000, 0x000000075ae00000| Updating 
| 728|0x000000075b000000, 0x000000075b200000, 0x000000075b200000|100%| O|  |TAMS 0x000000075b200000, 0x000000075b000000| Updating 
| 729|0x000000075b200000, 0x000000075b400000, 0x000000075b400000|100%| O|  |TAMS 0x000000075b400000, 0x000000075b200000| Updating 
| 730|0x000000075b400000, 0x000000075b600000, 0x000000075b600000|100%| O|  |TAMS 0x000000075b600000, 0x000000075b400000| Updating 
| 731|0x000000075b600000, 0x000000075b800000, 0x000000075b800000|100%| O|  |TAMS 0x000000075b800000, 0x000000075b600000| Updating 
| 732|0x000000075b800000, 0x000000075ba00000, 0x000000075ba00000|100%| O|  |TAMS 0x000000075ba00000, 0x000000075b800000| Updating 
| 733|0x000000075ba00000, 0x000000075bc00000, 0x000000075bc00000|100%| O|  |TAMS 0x000000075bc00000, 0x000000075ba00000| Updating 
| 734|0x000000075bc00000, 0x000000075be00000, 0x000000075be00000|100%| O|  |TAMS 0x000000075be00000, 0x000000075bc00000| Updating 
| 735|0x000000075be00000, 0x000000075c000000, 0x000000075c000000|100%| O|  |TAMS 0x000000075c000000, 0x000000075be00000| Updating 
| 736|0x000000075c000000, 0x000000075c200000, 0x000000075c200000|100%| O|  |TAMS 0x000000075c200000, 0x000000075c000000| Updating 
| 737|0x000000075c200000, 0x000000075c400000, 0x000000075c400000|100%| O|  |TAMS 0x000000075c400000, 0x000000075c200000| Updating 
| 738|0x000000075c400000, 0x000000075c600000, 0x000000075c600000|100%| O|  |TAMS 0x000000075c600000, 0x000000075c400000| Updating 
| 739|0x000000075c600000, 0x000000075c800000, 0x000000075c800000|100%| O|  |TAMS 0x000000075c800000, 0x000000075c600000| Updating 
| 740|0x000000075c800000, 0x000000075ca00000, 0x000000075ca00000|100%| O|  |TAMS 0x000000075ca00000, 0x000000075c800000| Updating 
| 741|0x000000075ca00000, 0x000000075cc00000, 0x000000075cc00000|100%|HS|  |TAMS 0x000000075cc00000, 0x000000075ca00000| Complete 
| 742|0x000000075cc00000, 0x000000075ce00000, 0x000000075ce00000|100%|HC|  |TAMS 0x000000075ce00000, 0x000000075cc00000| Complete 
| 743|0x000000075ce00000, 0x000000075ce00000, 0x000000075d000000|  0%| F|  |TAMS 0x000000075ce00000, 0x000000075ce00000| Untracked 
| 744|0x000000075d000000, 0x000000075d000000, 0x000000075d200000|  0%| F|  |TAMS 0x000000075d000000, 0x000000075d000000| Untracked 
| 745|0x000000075d200000, 0x000000075d400000, 0x000000075d400000|100%| O|  |TAMS 0x000000075d400000, 0x000000075d200000| Updating 
| 746|0x000000075d400000, 0x000000075d600000, 0x000000075d600000|100%| O|  |TAMS 0x000000075d600000, 0x000000075d400000| Updating 
| 747|0x000000075d600000, 0x000000075d800000, 0x000000075d800000|100%| O|  |TAMS 0x000000075d800000, 0x000000075d600000| Updating 
| 748|0x000000075d800000, 0x000000075da00000, 0x000000075da00000|100%| O|  |TAMS 0x000000075da00000, 0x000000075d800000| Updating 
| 749|0x000000075da00000, 0x000000075dc00000, 0x000000075dc00000|100%| O|  |TAMS 0x000000075dc00000, 0x000000075da00000| Updating 
| 750|0x000000075dc00000, 0x000000075de00000, 0x000000075de00000|100%| O|  |TAMS 0x000000075de00000, 0x000000075dc00000| Updating 
| 751|0x000000075de00000, 0x000000075e000000, 0x000000075e000000|100%| O|  |TAMS 0x000000075e000000, 0x000000075de00000| Updating 
| 752|0x000000075e000000, 0x000000075e200000, 0x000000075e200000|100%| O|  |TAMS 0x000000075e200000, 0x000000075e000000| Updating 
| 753|0x000000075e200000, 0x000000075e400000, 0x000000075e400000|100%| O|  |TAMS 0x000000075e400000, 0x000000075e200000| Updating 
| 754|0x000000075e400000, 0x000000075e600000, 0x000000075e600000|100%| O|  |TAMS 0x000000075e600000, 0x000000075e400000| Updating 
| 755|0x000000075e600000, 0x000000075e800000, 0x000000075e800000|100%| O|  |TAMS 0x000000075e800000, 0x000000075e600000| Updating 
| 756|0x000000075e800000, 0x000000075ea00000, 0x000000075ea00000|100%| O|  |TAMS 0x000000075ea00000, 0x000000075e800000| Updating 
| 757|0x000000075ea00000, 0x000000075ec00000, 0x000000075ec00000|100%| O|  |TAMS 0x000000075ec00000, 0x000000075ea00000| Updating 
| 758|0x000000075ec00000, 0x000000075ee00000, 0x000000075ee00000|100%| O|  |TAMS 0x000000075ee00000, 0x000000075ec00000| Updating 
| 759|0x000000075ee00000, 0x000000075f000000, 0x000000075f000000|100%| O|  |TAMS 0x000000075f000000, 0x000000075ee00000| Updating 
| 760|0x000000075f000000, 0x000000075f200000, 0x000000075f200000|100%| O|  |TAMS 0x000000075f200000, 0x000000075f000000| Updating 
| 761|0x000000075f200000, 0x000000075f400000, 0x000000075f400000|100%| O|  |TAMS 0x000000075f400000, 0x000000075f200000| Updating 
| 762|0x000000075f400000, 0x000000075f600000, 0x000000075f600000|100%| O|  |TAMS 0x000000075f600000, 0x000000075f400000| Updating 
| 763|0x000000075f600000, 0x000000075f800000, 0x000000075f800000|100%| O|  |TAMS 0x000000075f800000, 0x000000075f600000| Updating 
| 764|0x000000075f800000, 0x000000075fa00000, 0x000000075fa00000|100%| O|  |TAMS 0x000000075fa00000, 0x000000075f800000| Updating 
| 765|0x000000075fa00000, 0x000000075fc00000, 0x000000075fc00000|100%| O|  |TAMS 0x000000075fc00000, 0x000000075fa00000| Updating 
| 766|0x000000075fc00000, 0x000000075fe00000, 0x000000075fe00000|100%| O|  |TAMS 0x000000075fe00000, 0x000000075fc00000| Updating 
| 767|0x000000075fe00000, 0x0000000760000000, 0x0000000760000000|100%| O|  |TAMS 0x0000000760000000, 0x000000075fe00000| Updating 
| 768|0x0000000760000000, 0x0000000760200000, 0x0000000760200000|100%| O|  |TAMS 0x0000000760200000, 0x0000000760000000| Updating 
| 769|0x0000000760200000, 0x0000000760400000, 0x0000000760400000|100%| O|  |TAMS 0x0000000760400000, 0x0000000760200000| Updating 
| 770|0x0000000760400000, 0x0000000760600000, 0x0000000760600000|100%| O|  |TAMS 0x0000000760600000, 0x0000000760400000| Updating 
| 771|0x0000000760600000, 0x0000000760800000, 0x0000000760800000|100%| O|  |TAMS 0x0000000760800000, 0x0000000760600000| Updating 
| 772|0x0000000760800000, 0x0000000760a00000, 0x0000000760a00000|100%| O|  |TAMS 0x0000000760a00000, 0x0000000760800000| Updating 
| 773|0x0000000760a00000, 0x0000000760c00000, 0x0000000760c00000|100%| O|  |TAMS 0x0000000760c00000, 0x0000000760a00000| Updating 
| 774|0x0000000760c00000, 0x0000000760e00000, 0x0000000760e00000|100%| O|  |TAMS 0x0000000760e00000, 0x0000000760c00000| Updating 
| 775|0x0000000760e00000, 0x0000000761000000, 0x0000000761000000|100%| O|  |TAMS 0x0000000761000000, 0x0000000760e00000| Updating 
| 776|0x0000000761000000, 0x0000000761200000, 0x0000000761200000|100%| O|  |TAMS 0x0000000761200000, 0x0000000761000000| Updating 
| 777|0x0000000761200000, 0x0000000761400000, 0x0000000761400000|100%| O|  |TAMS 0x0000000761400000, 0x0000000761200000| Updating 
| 778|0x0000000761400000, 0x0000000761600000, 0x0000000761600000|100%| O|  |TAMS 0x0000000761600000, 0x0000000761400000| Updating 
| 779|0x0000000761600000, 0x0000000761800000, 0x0000000761800000|100%| O|  |TAMS 0x0000000761800000, 0x0000000761600000| Updating 
| 780|0x0000000761800000, 0x0000000761a00000, 0x0000000761a00000|100%| O|  |TAMS 0x0000000761a00000, 0x0000000761800000| Updating 
| 781|0x0000000761a00000, 0x0000000761c00000, 0x0000000761c00000|100%| O|  |TAMS 0x0000000761c00000, 0x0000000761a00000| Updating 
| 782|0x0000000761c00000, 0x0000000761e00000, 0x0000000761e00000|100%| O|  |TAMS 0x0000000761e00000, 0x0000000761c00000| Updating 
| 783|0x0000000761e00000, 0x0000000762000000, 0x0000000762000000|100%| O|  |TAMS 0x0000000762000000, 0x0000000761e00000| Updating 
| 784|0x0000000762000000, 0x0000000762200000, 0x0000000762200000|100%| O|  |TAMS 0x0000000762200000, 0x0000000762000000| Updating 
| 785|0x0000000762200000, 0x0000000762400000, 0x0000000762400000|100%| O|  |TAMS 0x0000000762400000, 0x0000000762200000| Updating 
| 786|0x0000000762400000, 0x0000000762600000, 0x0000000762600000|100%| O|  |TAMS 0x0000000762600000, 0x0000000762400000| Updating 
| 787|0x0000000762600000, 0x0000000762800000, 0x0000000762800000|100%| O|  |TAMS 0x0000000762800000, 0x0000000762600000| Updating 
| 788|0x0000000762800000, 0x0000000762a00000, 0x0000000762a00000|100%| O|  |TAMS 0x0000000762a00000, 0x0000000762800000| Updating 
| 789|0x0000000762a00000, 0x0000000762c00000, 0x0000000762c00000|100%| O|  |TAMS 0x0000000762c00000, 0x0000000762a00000| Updating 
| 790|0x0000000762c00000, 0x0000000762e00000, 0x0000000762e00000|100%| O|  |TAMS 0x0000000762e00000, 0x0000000762c00000| Updating 
| 791|0x0000000762e00000, 0x0000000763000000, 0x0000000763000000|100%| O|  |TAMS 0x0000000763000000, 0x0000000762e00000| Updating 
| 792|0x0000000763000000, 0x0000000763200000, 0x0000000763200000|100%| O|  |TAMS 0x0000000763200000, 0x0000000763000000| Updating 
| 793|0x0000000763200000, 0x0000000763400000, 0x0000000763400000|100%| O|  |TAMS 0x0000000763400000, 0x0000000763200000| Updating 
| 794|0x0000000763400000, 0x0000000763600000, 0x0000000763600000|100%| O|  |TAMS 0x0000000763600000, 0x0000000763400000| Updating 
| 795|0x0000000763600000, 0x0000000763800000, 0x0000000763800000|100%| O|  |TAMS 0x0000000763800000, 0x0000000763600000| Updating 
| 796|0x0000000763800000, 0x0000000763a00000, 0x0000000763a00000|100%| O|  |TAMS 0x0000000763a00000, 0x0000000763800000| Updating 
| 797|0x0000000763a00000, 0x0000000763c00000, 0x0000000763c00000|100%| O|  |TAMS 0x0000000763c00000, 0x0000000763a00000| Updating 
| 798|0x0000000763c00000, 0x0000000763e00000, 0x0000000763e00000|100%| O|  |TAMS 0x0000000763e00000, 0x0000000763c00000| Updating 
| 799|0x0000000763e00000, 0x0000000764000000, 0x0000000764000000|100%| O|  |TAMS 0x0000000764000000, 0x0000000763e00000| Updating 
| 800|0x0000000764000000, 0x0000000764200000, 0x0000000764200000|100%| O|  |TAMS 0x0000000764200000, 0x0000000764000000| Updating 
| 801|0x0000000764200000, 0x0000000764400000, 0x0000000764400000|100%| O|  |TAMS 0x0000000764400000, 0x0000000764200000| Updating 
| 802|0x0000000764400000, 0x0000000764600000, 0x0000000764600000|100%| O|  |TAMS 0x0000000764600000, 0x0000000764400000| Updating 
| 803|0x0000000764600000, 0x0000000764800000, 0x0000000764800000|100%| O|  |TAMS 0x0000000764800000, 0x0000000764600000| Updating 
| 804|0x0000000764800000, 0x0000000764a00000, 0x0000000764a00000|100%| O|  |TAMS 0x0000000764a00000, 0x0000000764800000| Updating 
| 805|0x0000000764a00000, 0x0000000764c00000, 0x0000000764c00000|100%| O|  |TAMS 0x0000000764c00000, 0x0000000764a00000| Updating 
| 806|0x0000000764c00000, 0x0000000764e00000, 0x0000000764e00000|100%| O|  |TAMS 0x0000000764e00000, 0x0000000764c00000| Updating 
| 807|0x0000000764e00000, 0x0000000765000000, 0x0000000765000000|100%| O|  |TAMS 0x0000000765000000, 0x0000000764e00000| Updating 
| 808|0x0000000765000000, 0x0000000765000000, 0x0000000765200000|  0%| F|  |TAMS 0x0000000765000000, 0x0000000765000000| Untracked 
| 809|0x0000000765200000, 0x0000000765400000, 0x0000000765400000|100%| O|  |TAMS 0x0000000765400000, 0x0000000765200000| Updating 
| 810|0x0000000765400000, 0x0000000765600000, 0x0000000765600000|100%| O|  |TAMS 0x0000000765600000, 0x0000000765400000| Updating 
| 811|0x0000000765600000, 0x0000000765800000, 0x0000000765800000|100%| O|  |TAMS 0x0000000765800000, 0x0000000765600000| Updating 
| 812|0x0000000765800000, 0x0000000765a00000, 0x0000000765a00000|100%| O|  |TAMS 0x0000000765a00000, 0x0000000765800000| Updating 
| 813|0x0000000765a00000, 0x0000000765c00000, 0x0000000765c00000|100%| O|  |TAMS 0x0000000765c00000, 0x0000000765a00000| Updating 
| 814|0x0000000765c00000, 0x0000000765e00000, 0x0000000765e00000|100%| O|  |TAMS 0x0000000765e00000, 0x0000000765c00000| Updating 
| 815|0x0000000765e00000, 0x0000000766000000, 0x0000000766000000|100%| O|  |TAMS 0x0000000766000000, 0x0000000765e00000| Updating 
| 816|0x0000000766000000, 0x0000000766200000, 0x0000000766200000|100%| O|  |TAMS 0x0000000766200000, 0x0000000766000000| Updating 
| 817|0x0000000766200000, 0x0000000766400000, 0x0000000766400000|100%| O|  |TAMS 0x0000000766400000, 0x0000000766200000| Updating 
| 818|0x0000000766400000, 0x0000000766600000, 0x0000000766600000|100%| O|  |TAMS 0x0000000766600000, 0x0000000766400000| Updating 
| 819|0x0000000766600000, 0x0000000766800000, 0x0000000766800000|100%| O|  |TAMS 0x0000000766800000, 0x0000000766600000| Updating 
| 820|0x0000000766800000, 0x0000000766a00000, 0x0000000766a00000|100%| O|  |TAMS 0x0000000766a00000, 0x0000000766800000| Updating 
| 821|0x0000000766a00000, 0x0000000766c00000, 0x0000000766c00000|100%| O|  |TAMS 0x0000000766c00000, 0x0000000766a00000| Updating 
| 822|0x0000000766c00000, 0x0000000766e00000, 0x0000000766e00000|100%| O|  |TAMS 0x0000000766e00000, 0x0000000766c00000| Updating 
| 823|0x0000000766e00000, 0x0000000767000000, 0x0000000767000000|100%| O|  |TAMS 0x0000000767000000, 0x0000000766e00000| Updating 
| 824|0x0000000767000000, 0x0000000767200000, 0x0000000767200000|100%| O|  |TAMS 0x0000000767200000, 0x0000000767000000| Updating 
| 825|0x0000000767200000, 0x0000000767400000, 0x0000000767400000|100%| O|  |TAMS 0x0000000767400000, 0x0000000767200000| Updating 
| 826|0x0000000767400000, 0x0000000767400000, 0x0000000767600000|  0%| F|  |TAMS 0x0000000767400000, 0x0000000767400000| Untracked 
| 827|0x0000000767600000, 0x0000000767800000, 0x0000000767800000|100%| O|  |TAMS 0x0000000767800000, 0x0000000767600000| Updating 
| 828|0x0000000767800000, 0x0000000767a00000, 0x0000000767a00000|100%| O|  |TAMS 0x0000000767a00000, 0x0000000767800000| Updating 
| 829|0x0000000767a00000, 0x0000000767c00000, 0x0000000767c00000|100%| O|  |TAMS 0x0000000767c00000, 0x0000000767a00000| Updating 
| 830|0x0000000767c00000, 0x0000000767e00000, 0x0000000767e00000|100%| O|  |TAMS 0x0000000767e00000, 0x0000000767c00000| Updating 
| 831|0x0000000767e00000, 0x0000000768000000, 0x0000000768000000|100%| O|  |TAMS 0x0000000768000000, 0x0000000767e00000| Updating 
| 832|0x0000000768000000, 0x0000000768200000, 0x0000000768200000|100%| O|  |TAMS 0x0000000768200000, 0x0000000768000000| Updating 
| 833|0x0000000768200000, 0x0000000768400000, 0x0000000768400000|100%| O|  |TAMS 0x0000000768400000, 0x0000000768200000| Updating 
| 834|0x0000000768400000, 0x0000000768600000, 0x0000000768600000|100%| O|  |TAMS 0x0000000768600000, 0x0000000768400000| Updating 
| 835|0x0000000768600000, 0x0000000768800000, 0x0000000768800000|100%| O|  |TAMS 0x0000000768800000, 0x0000000768600000| Updating 
| 836|0x0000000768800000, 0x0000000768a00000, 0x0000000768a00000|100%| O|  |TAMS 0x0000000768a00000, 0x0000000768800000| Updating 
| 837|0x0000000768a00000, 0x0000000768c00000, 0x0000000768c00000|100%| O|  |TAMS 0x0000000768c00000, 0x0000000768a00000| Updating 
| 838|0x0000000768c00000, 0x0000000768e00000, 0x0000000768e00000|100%| O|  |TAMS 0x0000000768e00000, 0x0000000768c00000| Updating 
| 839|0x0000000768e00000, 0x0000000769000000, 0x0000000769000000|100%| O|  |TAMS 0x0000000769000000, 0x0000000768e00000| Updating 
| 840|0x0000000769000000, 0x0000000769200000, 0x0000000769200000|100%| O|  |TAMS 0x0000000769200000, 0x0000000769000000| Updating 
| 841|0x0000000769200000, 0x0000000769400000, 0x0000000769400000|100%|HS|  |TAMS 0x0000000769400000, 0x0000000769200000| Complete 
| 842|0x0000000769400000, 0x0000000769600000, 0x0000000769600000|100%|HS|  |TAMS 0x0000000769600000, 0x0000000769400000| Complete 
| 843|0x0000000769600000, 0x0000000769800000, 0x0000000769800000|100%|HC|  |TAMS 0x0000000769800000, 0x0000000769600000| Complete 
| 844|0x0000000769800000, 0x0000000769a00000, 0x0000000769a00000|100%|HS|  |TAMS 0x0000000769a00000, 0x0000000769800000| Complete 
| 845|0x0000000769a00000, 0x0000000769c00000, 0x0000000769c00000|100%|HC|  |TAMS 0x0000000769c00000, 0x0000000769a00000| Complete 
| 846|0x0000000769c00000, 0x0000000769e00000, 0x0000000769e00000|100%| O|  |TAMS 0x0000000769e00000, 0x0000000769c00000| Updating 
| 847|0x0000000769e00000, 0x000000076a000000, 0x000000076a000000|100%| O|  |TAMS 0x000000076a000000, 0x0000000769e00000| Updating 
| 848|0x000000076a000000, 0x000000076a200000, 0x000000076a200000|100%| O|  |TAMS 0x000000076a200000, 0x000000076a000000| Updating 
| 849|0x000000076a200000, 0x000000076a400000, 0x000000076a400000|100%| O|  |TAMS 0x000000076a400000, 0x000000076a200000| Updating 
| 850|0x000000076a400000, 0x000000076a600000, 0x000000076a600000|100%| O|  |TAMS 0x000000076a600000, 0x000000076a400000| Updating 
| 851|0x000000076a600000, 0x000000076a800000, 0x000000076a800000|100%|HS|  |TAMS 0x000000076a800000, 0x000000076a600000| Complete 
| 852|0x000000076a800000, 0x000000076aa00000, 0x000000076aa00000|100%| O|  |TAMS 0x000000076aa00000, 0x000000076a800000| Updating 
| 853|0x000000076aa00000, 0x000000076ac00000, 0x000000076ac00000|100%| O|  |TAMS 0x000000076ac00000, 0x000000076aa00000| Updating 
| 854|0x000000076ac00000, 0x000000076ae00000, 0x000000076ae00000|100%| O|  |TAMS 0x000000076ae00000, 0x000000076ac00000| Updating 
| 855|0x000000076ae00000, 0x000000076b000000, 0x000000076b000000|100%| O|  |TAMS 0x000000076b000000, 0x000000076ae00000| Updating 
| 856|0x000000076b000000, 0x000000076b200000, 0x000000076b200000|100%| O|  |TAMS 0x000000076b200000, 0x000000076b000000| Updating 
| 857|0x000000076b200000, 0x000000076b400000, 0x000000076b400000|100%| O|  |TAMS 0x000000076b400000, 0x000000076b200000| Updating 
| 858|0x000000076b400000, 0x000000076b600000, 0x000000076b600000|100%| O|  |TAMS 0x000000076b600000, 0x000000076b400000| Updating 
| 859|0x000000076b600000, 0x000000076b800000, 0x000000076b800000|100%| O|  |TAMS 0x000000076b800000, 0x000000076b600000| Updating 
| 860|0x000000076b800000, 0x000000076ba00000, 0x000000076ba00000|100%| O|  |TAMS 0x000000076ba00000, 0x000000076b800000| Updating 
| 861|0x000000076ba00000, 0x000000076bc00000, 0x000000076bc00000|100%| O|  |TAMS 0x000000076bc00000, 0x000000076ba00000| Updating 
| 862|0x000000076bc00000, 0x000000076be00000, 0x000000076be00000|100%| O|  |TAMS 0x000000076be00000, 0x000000076bc00000| Updating 
| 863|0x000000076be00000, 0x000000076c000000, 0x000000076c000000|100%| O|  |TAMS 0x000000076c000000, 0x000000076be00000| Updating 
| 864|0x000000076c000000, 0x000000076c200000, 0x000000076c200000|100%| O|  |TAMS 0x000000076c200000, 0x000000076c000000| Updating 
| 865|0x000000076c200000, 0x000000076c400000, 0x000000076c400000|100%| O|  |TAMS 0x000000076c400000, 0x000000076c200000| Updating 
| 866|0x000000076c400000, 0x000000076c600000, 0x000000076c600000|100%| O|  |TAMS 0x000000076c600000, 0x000000076c400000| Updating 
| 867|0x000000076c600000, 0x000000076c800000, 0x000000076c800000|100%| O|  |TAMS 0x000000076c800000, 0x000000076c600000| Updating 
| 868|0x000000076c800000, 0x000000076ca00000, 0x000000076ca00000|100%| O|  |TAMS 0x000000076ca00000, 0x000000076c800000| Updating 
| 869|0x000000076ca00000, 0x000000076cc00000, 0x000000076cc00000|100%| O|  |TAMS 0x000000076cc00000, 0x000000076ca00000| Updating 
| 870|0x000000076cc00000, 0x000000076ce00000, 0x000000076ce00000|100%| O|  |TAMS 0x000000076ce00000, 0x000000076cc00000| Updating 
| 871|0x000000076ce00000, 0x000000076d000000, 0x000000076d000000|100%| O|  |TAMS 0x000000076d000000, 0x000000076ce00000| Updating 
| 872|0x000000076d000000, 0x000000076d200000, 0x000000076d200000|100%| O|  |TAMS 0x000000076d200000, 0x000000076d000000| Updating 
| 873|0x000000076d200000, 0x000000076d400000, 0x000000076d400000|100%| O|  |TAMS 0x000000076d400000, 0x000000076d200000| Updating 
| 874|0x000000076d400000, 0x000000076d600000, 0x000000076d600000|100%| O|  |TAMS 0x000000076d600000, 0x000000076d400000| Updating 
| 875|0x000000076d600000, 0x000000076d800000, 0x000000076d800000|100%| O|  |TAMS 0x000000076d800000, 0x000000076d600000| Updating 
| 876|0x000000076d800000, 0x000000076da00000, 0x000000076da00000|100%| O|  |TAMS 0x000000076da00000, 0x000000076d800000| Updating 
| 877|0x000000076da00000, 0x000000076dc00000, 0x000000076dc00000|100%| O|  |TAMS 0x000000076dc00000, 0x000000076da00000| Updating 
| 878|0x000000076dc00000, 0x000000076de00000, 0x000000076de00000|100%| O|  |TAMS 0x000000076de00000, 0x000000076dc00000| Updating 
| 879|0x000000076de00000, 0x000000076e000000, 0x000000076e000000|100%| O|  |TAMS 0x000000076e000000, 0x000000076de00000| Updating 
| 880|0x000000076e000000, 0x000000076e000000, 0x000000076e200000|  0%| F|  |TAMS 0x000000076e000000, 0x000000076e000000| Untracked 
| 881|0x000000076e200000, 0x000000076e200000, 0x000000076e400000|  0%| F|  |TAMS 0x000000076e200000, 0x000000076e200000| Untracked 
| 882|0x000000076e400000, 0x000000076e600000, 0x000000076e600000|100%| O|  |TAMS 0x000000076e600000, 0x000000076e400000| Updating 
| 883|0x000000076e600000, 0x000000076e800000, 0x000000076e800000|100%| O|  |TAMS 0x000000076e800000, 0x000000076e600000| Updating 
| 884|0x000000076e800000, 0x000000076ea00000, 0x000000076ea00000|100%| O|  |TAMS 0x000000076ea00000, 0x000000076e800000| Updating 
| 885|0x000000076ea00000, 0x000000076ec00000, 0x000000076ec00000|100%| O|  |TAMS 0x000000076ec00000, 0x000000076ea00000| Updating 
| 886|0x000000076ec00000, 0x000000076ec00000, 0x000000076ee00000|  0%| F|  |TAMS 0x000000076ec00000, 0x000000076ec00000| Untracked 
| 887|0x000000076ee00000, 0x000000076ee00000, 0x000000076f000000|  0%| F|  |TAMS 0x000000076ee00000, 0x000000076ee00000| Untracked 
| 888|0x000000076f000000, 0x000000076f000000, 0x000000076f200000|  0%| F|  |TAMS 0x000000076f000000, 0x000000076f000000| Untracked 
| 889|0x000000076f200000, 0x000000076f400000, 0x000000076f400000|100%| O|  |TAMS 0x000000076f400000, 0x000000076f200000| Updating 
| 890|0x000000076f400000, 0x000000076f600000, 0x000000076f600000|100%| O|  |TAMS 0x000000076f600000, 0x000000076f400000| Updating 
| 891|0x000000076f600000, 0x000000076f800000, 0x000000076f800000|100%| O|  |TAMS 0x000000076f800000, 0x000000076f600000| Updating 
| 892|0x000000076f800000, 0x000000076fa00000, 0x000000076fa00000|100%| O|  |TAMS 0x000000076fa00000, 0x000000076f800000| Updating 
| 893|0x000000076fa00000, 0x000000076fc00000, 0x000000076fc00000|100%| O|  |TAMS 0x000000076fc00000, 0x000000076fa00000| Updating 
| 894|0x000000076fc00000, 0x000000076fe00000, 0x000000076fe00000|100%| O|  |TAMS 0x000000076fe00000, 0x000000076fc00000| Updating 
| 895|0x000000076fe00000, 0x0000000770000000, 0x0000000770000000|100%| O|  |TAMS 0x0000000770000000, 0x000000076fe00000| Updating 
| 896|0x0000000770000000, 0x0000000770200000, 0x0000000770200000|100%| O|  |TAMS 0x0000000770200000, 0x0000000770000000| Updating 
| 897|0x0000000770200000, 0x0000000770400000, 0x0000000770400000|100%| O|  |TAMS 0x0000000770400000, 0x0000000770200000| Updating 
| 898|0x0000000770400000, 0x0000000770600000, 0x0000000770600000|100%| O|  |TAMS 0x0000000770600000, 0x0000000770400000| Updating 
| 899|0x0000000770600000, 0x0000000770800000, 0x0000000770800000|100%| O|  |TAMS 0x0000000770800000, 0x0000000770600000| Updating 
| 900|0x0000000770800000, 0x0000000770a00000, 0x0000000770a00000|100%| O|  |TAMS 0x0000000770a00000, 0x0000000770800000| Updating 
| 901|0x0000000770a00000, 0x0000000770c00000, 0x0000000770c00000|100%| O|  |TAMS 0x0000000770c00000, 0x0000000770a00000| Updating 
| 902|0x0000000770c00000, 0x0000000770e00000, 0x0000000770e00000|100%| O|  |TAMS 0x0000000770e00000, 0x0000000770c00000| Updating 
| 903|0x0000000770e00000, 0x0000000771000000, 0x0000000771000000|100%| O|  |TAMS 0x0000000771000000, 0x0000000770e00000| Updating 
| 904|0x0000000771000000, 0x0000000771200000, 0x0000000771200000|100%| O|  |TAMS 0x0000000771200000, 0x0000000771000000| Updating 
| 905|0x0000000771200000, 0x0000000771400000, 0x0000000771400000|100%| O|  |TAMS 0x0000000771400000, 0x0000000771200000| Updating 
| 906|0x0000000771400000, 0x0000000771600000, 0x0000000771600000|100%| O|  |TAMS 0x0000000771600000, 0x0000000771400000| Updating 
| 907|0x0000000771600000, 0x0000000771800000, 0x0000000771800000|100%| O|  |TAMS 0x0000000771800000, 0x0000000771600000| Updating 
| 908|0x0000000771800000, 0x0000000771a00000, 0x0000000771a00000|100%| O|  |TAMS 0x0000000771a00000, 0x0000000771800000| Updating 
| 909|0x0000000771a00000, 0x0000000771c00000, 0x0000000771c00000|100%| O|  |TAMS 0x0000000771c00000, 0x0000000771a00000| Updating 
| 910|0x0000000771c00000, 0x0000000771e00000, 0x0000000771e00000|100%| O|  |TAMS 0x0000000771e00000, 0x0000000771c00000| Updating 
| 911|0x0000000771e00000, 0x0000000772000000, 0x0000000772000000|100%| O|  |TAMS 0x0000000772000000, 0x0000000771e00000| Updating 
| 912|0x0000000772000000, 0x0000000772200000, 0x0000000772200000|100%| O|  |TAMS 0x0000000772200000, 0x0000000772000000| Updating 
| 913|0x0000000772200000, 0x0000000772400000, 0x0000000772400000|100%| O|  |TAMS 0x0000000772400000, 0x0000000772200000| Updating 
| 914|0x0000000772400000, 0x0000000772600000, 0x0000000772600000|100%| O|  |TAMS 0x0000000772600000, 0x0000000772400000| Updating 
| 915|0x0000000772600000, 0x0000000772800000, 0x0000000772800000|100%| O|  |TAMS 0x0000000772800000, 0x0000000772600000| Updating 
| 916|0x0000000772800000, 0x0000000772a00000, 0x0000000772a00000|100%| O|  |TAMS 0x0000000772a00000, 0x0000000772800000| Updating 
| 917|0x0000000772a00000, 0x0000000772c00000, 0x0000000772c00000|100%| O|  |TAMS 0x0000000772c00000, 0x0000000772a00000| Updating 
| 918|0x0000000772c00000, 0x0000000772e00000, 0x0000000772e00000|100%| O|  |TAMS 0x0000000772e00000, 0x0000000772c00000| Updating 
| 919|0x0000000772e00000, 0x0000000773000000, 0x0000000773000000|100%| O|  |TAMS 0x0000000773000000, 0x0000000772e00000| Updating 
| 920|0x0000000773000000, 0x0000000773200000, 0x0000000773200000|100%| O|  |TAMS 0x0000000773200000, 0x0000000773000000| Updating 
| 921|0x0000000773200000, 0x0000000773400000, 0x0000000773400000|100%| O|  |TAMS 0x0000000773400000, 0x0000000773200000| Updating 
| 922|0x0000000773400000, 0x0000000773600000, 0x0000000773600000|100%| O|  |TAMS 0x0000000773600000, 0x0000000773400000| Updating 
| 923|0x0000000773600000, 0x0000000773800000, 0x0000000773800000|100%| O|  |TAMS 0x0000000773800000, 0x0000000773600000| Updating 
| 924|0x0000000773800000, 0x0000000773a00000, 0x0000000773a00000|100%| O|  |TAMS 0x0000000773a00000, 0x0000000773800000| Updating 
| 925|0x0000000773a00000, 0x0000000773c00000, 0x0000000773c00000|100%| O|  |TAMS 0x0000000773c00000, 0x0000000773a00000| Updating 
| 926|0x0000000773c00000, 0x0000000773e00000, 0x0000000773e00000|100%| O|  |TAMS 0x0000000773e00000, 0x0000000773c00000| Updating 
| 927|0x0000000773e00000, 0x0000000774000000, 0x0000000774000000|100%| O|  |TAMS 0x0000000774000000, 0x0000000773e00000| Updating 
| 928|0x0000000774000000, 0x0000000774200000, 0x0000000774200000|100%| O|  |TAMS 0x0000000774200000, 0x0000000774000000| Updating 
| 929|0x0000000774200000, 0x0000000774400000, 0x0000000774400000|100%| O|  |TAMS 0x0000000774400000, 0x0000000774200000| Updating 
| 930|0x0000000774400000, 0x0000000774600000, 0x0000000774600000|100%| O|  |TAMS 0x0000000774600000, 0x0000000774400000| Updating 
| 931|0x0000000774600000, 0x0000000774800000, 0x0000000774800000|100%| O|  |TAMS 0x0000000774800000, 0x0000000774600000| Updating 
| 932|0x0000000774800000, 0x0000000774a00000, 0x0000000774a00000|100%| O|  |TAMS 0x0000000774a00000, 0x0000000774800000| Updating 
| 933|0x0000000774a00000, 0x0000000774c00000, 0x0000000774c00000|100%| O|  |TAMS 0x0000000774c00000, 0x0000000774a00000| Updating 
| 934|0x0000000774c00000, 0x0000000774e00000, 0x0000000774e00000|100%| O|  |TAMS 0x0000000774e00000, 0x0000000774c00000| Updating 
| 935|0x0000000774e00000, 0x0000000775000000, 0x0000000775000000|100%| O|  |TAMS 0x0000000775000000, 0x0000000774e00000| Updating 
| 936|0x0000000775000000, 0x0000000775000000, 0x0000000775200000|  0%| F|  |TAMS 0x0000000775000000, 0x0000000775000000| Untracked 
| 937|0x0000000775200000, 0x0000000775400000, 0x0000000775400000|100%| O|  |TAMS 0x0000000775400000, 0x0000000775200000| Updating 
| 938|0x0000000775400000, 0x0000000775600000, 0x0000000775600000|100%| O|  |TAMS 0x0000000775600000, 0x0000000775400000| Updating 
| 939|0x0000000775600000, 0x0000000775800000, 0x0000000775800000|100%| O|  |TAMS 0x0000000775800000, 0x0000000775600000| Updating 
| 940|0x0000000775800000, 0x0000000775a00000, 0x0000000775a00000|100%| O|  |TAMS 0x0000000775a00000, 0x0000000775800000| Updating 
| 941|0x0000000775a00000, 0x0000000775c00000, 0x0000000775c00000|100%| O|  |TAMS 0x0000000775c00000, 0x0000000775a00000| Updating 
| 942|0x0000000775c00000, 0x0000000775e00000, 0x0000000775e00000|100%| O|  |TAMS 0x0000000775e00000, 0x0000000775c00000| Updating 
| 943|0x0000000775e00000, 0x0000000776000000, 0x0000000776000000|100%| O|  |TAMS 0x0000000776000000, 0x0000000775e00000| Updating 
| 944|0x0000000776000000, 0x0000000776200000, 0x0000000776200000|100%| O|  |TAMS 0x0000000776200000, 0x0000000776000000| Updating 
| 945|0x0000000776200000, 0x0000000776400000, 0x0000000776400000|100%| O|  |TAMS 0x0000000776400000, 0x0000000776200000| Updating 
| 946|0x0000000776400000, 0x0000000776600000, 0x0000000776600000|100%| O|  |TAMS 0x0000000776600000, 0x0000000776400000| Updating 
| 947|0x0000000776600000, 0x0000000776800000, 0x0000000776800000|100%| O|  |TAMS 0x0000000776800000, 0x0000000776600000| Updating 
| 948|0x0000000776800000, 0x0000000776a00000, 0x0000000776a00000|100%| O|  |TAMS 0x0000000776a00000, 0x0000000776800000| Updating 
| 949|0x0000000776a00000, 0x0000000776c00000, 0x0000000776c00000|100%| O|  |TAMS 0x0000000776c00000, 0x0000000776a00000| Updating 
| 950|0x0000000776c00000, 0x0000000776e00000, 0x0000000776e00000|100%| O|  |TAMS 0x0000000776e00000, 0x0000000776c00000| Updating 
| 951|0x0000000776e00000, 0x0000000777000000, 0x0000000777000000|100%| O|  |TAMS 0x0000000777000000, 0x0000000776e00000| Updating 
| 952|0x0000000777000000, 0x0000000777200000, 0x0000000777200000|100%| O|  |TAMS 0x0000000777200000, 0x0000000777000000| Updating 
| 953|0x0000000777200000, 0x0000000777400000, 0x0000000777400000|100%| O|  |TAMS 0x0000000777400000, 0x0000000777200000| Updating 
| 954|0x0000000777400000, 0x0000000777600000, 0x0000000777600000|100%| O|  |TAMS 0x0000000777600000, 0x0000000777400000| Updating 
| 955|0x0000000777600000, 0x0000000777800000, 0x0000000777800000|100%| O|  |TAMS 0x0000000777800000, 0x0000000777600000| Updating 
| 956|0x0000000777800000, 0x0000000777800000, 0x0000000777a00000|  0%| F|  |TAMS 0x0000000777800000, 0x0000000777800000| Untracked 
| 957|0x0000000777a00000, 0x0000000777a00000, 0x0000000777c00000|  0%| F|  |TAMS 0x0000000777a00000, 0x0000000777a00000| Untracked 
| 958|0x0000000777c00000, 0x0000000777c00000, 0x0000000777e00000|  0%| F|  |TAMS 0x0000000777c00000, 0x0000000777c00000| Untracked 
| 959|0x0000000777e00000, 0x0000000777e00000, 0x0000000778000000|  0%| F|  |TAMS 0x0000000777e00000, 0x0000000777e00000| Untracked 
| 960|0x0000000778000000, 0x0000000778000000, 0x0000000778200000|  0%| F|  |TAMS 0x0000000778000000, 0x0000000778000000| Untracked 
| 961|0x0000000778200000, 0x0000000778200000, 0x0000000778400000|  0%| F|  |TAMS 0x0000000778200000, 0x0000000778200000| Untracked 
| 962|0x0000000778400000, 0x0000000778400000, 0x0000000778600000|  0%| F|  |TAMS 0x0000000778400000, 0x0000000778400000| Untracked 
| 963|0x0000000778600000, 0x0000000778600000, 0x0000000778800000|  0%| F|  |TAMS 0x0000000778600000, 0x0000000778600000| Untracked 
| 964|0x0000000778800000, 0x0000000778800000, 0x0000000778a00000|  0%| F|  |TAMS 0x0000000778800000, 0x0000000778800000| Untracked 
| 965|0x0000000778a00000, 0x0000000778a00000, 0x0000000778c00000|  0%| F|  |TAMS 0x0000000778a00000, 0x0000000778a00000| Untracked 
| 966|0x0000000778c00000, 0x0000000778c00000, 0x0000000778e00000|  0%| F|  |TAMS 0x0000000778c00000, 0x0000000778c00000| Untracked 
| 967|0x0000000778e00000, 0x0000000779000000, 0x0000000779000000|100%| O|  |TAMS 0x0000000779000000, 0x0000000778e00000| Updating 
| 968|0x0000000779000000, 0x0000000779000000, 0x0000000779200000|  0%| F|  |TAMS 0x0000000779000000, 0x0000000779000000| Untracked 
| 969|0x0000000779200000, 0x0000000779200000, 0x0000000779400000|  0%| F|  |TAMS 0x0000000779200000, 0x0000000779200000| Untracked 
| 970|0x0000000779400000, 0x0000000779600000, 0x0000000779600000|100%| O|  |TAMS 0x0000000779600000, 0x0000000779400000| Updating 
| 971|0x0000000779600000, 0x0000000779800000, 0x0000000779800000|100%| O|  |TAMS 0x0000000779800000, 0x0000000779600000| Updating 
| 972|0x0000000779800000, 0x0000000779a00000, 0x0000000779a00000|100%| O|  |TAMS 0x0000000779a00000, 0x0000000779800000| Updating 
| 973|0x0000000779a00000, 0x0000000779c00000, 0x0000000779c00000|100%| O|  |TAMS 0x0000000779c00000, 0x0000000779a00000| Updating 
| 974|0x0000000779c00000, 0x0000000779e00000, 0x0000000779e00000|100%| O|  |TAMS 0x0000000779e00000, 0x0000000779c00000| Updating 
| 975|0x0000000779e00000, 0x000000077a000000, 0x000000077a000000|100%| O|  |TAMS 0x000000077a000000, 0x0000000779e00000| Updating 
| 976|0x000000077a000000, 0x000000077a200000, 0x000000077a200000|100%| O|  |TAMS 0x000000077a200000, 0x000000077a000000| Updating 
| 977|0x000000077a200000, 0x000000077a400000, 0x000000077a400000|100%| O|  |TAMS 0x000000077a400000, 0x000000077a200000| Updating 
| 978|0x000000077a400000, 0x000000077a600000, 0x000000077a600000|100%| O|  |TAMS 0x000000077a600000, 0x000000077a400000| Updating 
| 979|0x000000077a600000, 0x000000077a800000, 0x000000077a800000|100%| O|  |TAMS 0x000000077a800000, 0x000000077a600000| Updating 
| 980|0x000000077a800000, 0x000000077aa00000, 0x000000077aa00000|100%| O|  |TAMS 0x000000077aa00000, 0x000000077a800000| Updating 
| 981|0x000000077aa00000, 0x000000077ac00000, 0x000000077ac00000|100%| O|  |TAMS 0x000000077ac00000, 0x000000077aa00000| Updating 
| 982|0x000000077ac00000, 0x000000077ae00000, 0x000000077ae00000|100%| O|  |TAMS 0x000000077ae00000, 0x000000077ac00000| Updating 
| 983|0x000000077ae00000, 0x000000077b000000, 0x000000077b000000|100%| O|  |TAMS 0x000000077b000000, 0x000000077ae00000| Updating 
| 984|0x000000077b000000, 0x000000077b200000, 0x000000077b200000|100%| O|  |TAMS 0x000000077b200000, 0x000000077b000000| Updating 
| 985|0x000000077b200000, 0x000000077b400000, 0x000000077b400000|100%| O|  |TAMS 0x000000077b400000, 0x000000077b200000| Updating 
| 986|0x000000077b400000, 0x000000077b600000, 0x000000077b600000|100%| O|  |TAMS 0x000000077b600000, 0x000000077b400000| Updating 
| 987|0x000000077b600000, 0x000000077b800000, 0x000000077b800000|100%| O|  |TAMS 0x000000077b800000, 0x000000077b600000| Updating 
| 988|0x000000077b800000, 0x000000077ba00000, 0x000000077ba00000|100%| O|  |TAMS 0x000000077ba00000, 0x000000077b800000| Updating 
| 989|0x000000077ba00000, 0x000000077bc00000, 0x000000077bc00000|100%| O|  |TAMS 0x000000077bc00000, 0x000000077ba00000| Updating 
| 990|0x000000077bc00000, 0x000000077be00000, 0x000000077be00000|100%| O|  |TAMS 0x000000077be00000, 0x000000077bc00000| Updating 
| 991|0x000000077be00000, 0x000000077c000000, 0x000000077c000000|100%| O|  |TAMS 0x000000077c000000, 0x000000077be00000| Updating 
| 992|0x000000077c000000, 0x000000077c200000, 0x000000077c200000|100%| O|  |TAMS 0x000000077c200000, 0x000000077c000000| Updating 
| 993|0x000000077c200000, 0x000000077c400000, 0x000000077c400000|100%| O|  |TAMS 0x000000077c400000, 0x000000077c200000| Updating 
| 994|0x000000077c400000, 0x000000077c600000, 0x000000077c600000|100%| O|  |TAMS 0x000000077c600000, 0x000000077c400000| Updating 
| 995|0x000000077c600000, 0x000000077c800000, 0x000000077c800000|100%| O|  |TAMS 0x000000077c800000, 0x000000077c600000| Updating 
| 996|0x000000077c800000, 0x000000077ca00000, 0x000000077ca00000|100%| O|  |TAMS 0x000000077ca00000, 0x000000077c800000| Updating 
| 997|0x000000077ca00000, 0x000000077cc00000, 0x000000077cc00000|100%| O|  |TAMS 0x000000077cc00000, 0x000000077ca00000| Updating 
| 998|0x000000077cc00000, 0x000000077ce00000, 0x000000077ce00000|100%| O|  |TAMS 0x000000077ce00000, 0x000000077cc00000| Updating 
| 999|0x000000077ce00000, 0x000000077d000000, 0x000000077d000000|100%| O|  |TAMS 0x000000077d000000, 0x000000077ce00000| Updating 
|1000|0x000000077d000000, 0x000000077d200000, 0x000000077d200000|100%| O|  |TAMS 0x000000077d200000, 0x000000077d000000| Updating 
|1001|0x000000077d200000, 0x000000077d400000, 0x000000077d400000|100%| O|  |TAMS 0x000000077d400000, 0x000000077d200000| Updating 
|1002|0x000000077d400000, 0x000000077d600000, 0x000000077d600000|100%| O|  |TAMS 0x000000077d600000, 0x000000077d400000| Updating 
|1003|0x000000077d600000, 0x000000077d800000, 0x000000077d800000|100%| O|  |TAMS 0x000000077d800000, 0x000000077d600000| Updating 
|1004|0x000000077d800000, 0x000000077da00000, 0x000000077da00000|100%| O|  |TAMS 0x000000077da00000, 0x000000077d800000| Updating 
|1005|0x000000077da00000, 0x000000077da00000, 0x000000077dc00000|  0%| F|  |TAMS 0x000000077da00000, 0x000000077da00000| Untracked 
|1006|0x000000077dc00000, 0x000000077dc00000, 0x000000077de00000|  0%| F|  |TAMS 0x000000077dc00000, 0x000000077dc00000| Untracked 
|1007|0x000000077de00000, 0x000000077e000000, 0x000000077e000000|100%| O|  |TAMS 0x000000077e000000, 0x000000077de00000| Updating 
|1008|0x000000077e000000, 0x000000077e000000, 0x000000077e200000|  0%| F|  |TAMS 0x000000077e000000, 0x000000077e000000| Untracked 
|1009|0x000000077e200000, 0x000000077e400000, 0x000000077e400000|100%| O|  |TAMS 0x000000077e400000, 0x000000077e200000| Updating 
|1010|0x000000077e400000, 0x000000077e600000, 0x000000077e600000|100%| O|  |TAMS 0x000000077e600000, 0x000000077e400000| Updating 
|1011|0x000000077e600000, 0x000000077e800000, 0x000000077e800000|100%| O|  |TAMS 0x000000077e800000, 0x000000077e600000| Updating 
|1012|0x000000077e800000, 0x000000077ea00000, 0x000000077ea00000|100%| O|  |TAMS 0x000000077ea00000, 0x000000077e800000| Updating 
|1013|0x000000077ea00000, 0x000000077ec00000, 0x000000077ec00000|100%| O|  |TAMS 0x000000077ec00000, 0x000000077ea00000| Updating 
|1014|0x000000077ec00000, 0x000000077ee00000, 0x000000077ee00000|100%| O|  |TAMS 0x000000077ee00000, 0x000000077ec00000| Updating 
|1015|0x000000077ee00000, 0x000000077f000000, 0x000000077f000000|100%| O|  |TAMS 0x000000077f000000, 0x000000077ee00000| Updating 
|1016|0x000000077f000000, 0x000000077f200000, 0x000000077f200000|100%| O|  |TAMS 0x000000077f200000, 0x000000077f000000| Updating 
|1017|0x000000077f200000, 0x000000077f400000, 0x000000077f400000|100%| O|  |TAMS 0x000000077f400000, 0x000000077f200000| Updating 
|1018|0x000000077f400000, 0x000000077f400000, 0x000000077f600000|  0%| F|  |TAMS 0x000000077f400000, 0x000000077f400000| Untracked 
|1019|0x000000077f600000, 0x000000077f600000, 0x000000077f800000|  0%| F|  |TAMS 0x000000077f600000, 0x000000077f600000| Untracked 
|1020|0x000000077f800000, 0x000000077f800000, 0x000000077fa00000|  0%| F|  |TAMS 0x000000077f800000, 0x000000077f800000| Untracked 
|1021|0x000000077fa00000, 0x000000077fc00000, 0x000000077fc00000|100%| O|  |TAMS 0x000000077fc00000, 0x000000077fa00000| Updating 
|1022|0x000000077fc00000, 0x000000077fe00000, 0x000000077fe00000|100%| O|  |TAMS 0x000000077fe00000, 0x000000077fc00000| Updating 
|1023|0x000000077fe00000, 0x0000000780000000, 0x0000000780000000|100%| O|  |TAMS 0x0000000780000000, 0x000000077fe00000| Updating 
|1024|0x0000000780000000, 0x0000000780200000, 0x0000000780200000|100%| O|  |TAMS 0x0000000780200000, 0x0000000780000000| Updating 
|1025|0x0000000780200000, 0x0000000780400000, 0x0000000780400000|100%| O|  |TAMS 0x0000000780400000, 0x0000000780200000| Updating 
|1026|0x0000000780400000, 0x0000000780600000, 0x0000000780600000|100%| O|  |TAMS 0x0000000780600000, 0x0000000780400000| Updating 
|1027|0x0000000780600000, 0x0000000780600000, 0x0000000780800000|  0%| F|  |TAMS 0x0000000780600000, 0x0000000780600000| Untracked 
|1028|0x0000000780800000, 0x0000000780a00000, 0x0000000780a00000|100%| O|  |TAMS 0x0000000780a00000, 0x0000000780800000| Updating 
|1029|0x0000000780a00000, 0x0000000780a00000, 0x0000000780c00000|  0%| F|  |TAMS 0x0000000780a00000, 0x0000000780a00000| Untracked 
|1030|0x0000000780c00000, 0x0000000780c00000, 0x0000000780e00000|  0%| F|  |TAMS 0x0000000780c00000, 0x0000000780c00000| Untracked 
|1031|0x0000000780e00000, 0x0000000781000000, 0x0000000781000000|100%| O|  |TAMS 0x0000000781000000, 0x0000000780e00000| Updating 
|1032|0x0000000781000000, 0x0000000781200000, 0x0000000781200000|100%| O|  |TAMS 0x0000000781200000, 0x0000000781000000| Updating 
|1033|0x0000000781200000, 0x0000000781200000, 0x0000000781400000|  0%| F|  |TAMS 0x0000000781200000, 0x0000000781200000| Untracked 
|1034|0x0000000781400000, 0x0000000781400000, 0x0000000781600000|  0%| F|  |TAMS 0x0000000781400000, 0x0000000781400000| Untracked 
|1035|0x0000000781600000, 0x0000000781600000, 0x0000000781800000|  0%| F|  |TAMS 0x0000000781600000, 0x0000000781600000| Untracked 
|1036|0x0000000781800000, 0x0000000781800000, 0x0000000781a00000|  0%| F|  |TAMS 0x0000000781800000, 0x0000000781800000| Untracked 
|1037|0x0000000781a00000, 0x0000000781c00000, 0x0000000781c00000|100%| O|  |TAMS 0x0000000781c00000, 0x0000000781a00000| Updating 
|1038|0x0000000781c00000, 0x0000000781e00000, 0x0000000781e00000|100%| O|  |TAMS 0x0000000781e00000, 0x0000000781c00000| Updating 
|1039|0x0000000781e00000, 0x0000000782000000, 0x0000000782000000|100%| O|  |TAMS 0x0000000782000000, 0x0000000781e00000| Updating 
|1040|0x0000000782000000, 0x0000000782200000, 0x0000000782200000|100%| O|  |TAMS 0x0000000782200000, 0x0000000782000000| Updating 
|1041|0x0000000782200000, 0x0000000782400000, 0x0000000782400000|100%| O|  |TAMS 0x0000000782400000, 0x0000000782200000| Updating 
|1042|0x0000000782400000, 0x0000000782400000, 0x0000000782600000|  0%| F|  |TAMS 0x0000000782400000, 0x0000000782400000| Untracked 
|1043|0x0000000782600000, 0x0000000782800000, 0x0000000782800000|100%| O|  |TAMS 0x0000000782800000, 0x0000000782600000| Updating 
|1044|0x0000000782800000, 0x0000000782a00000, 0x0000000782a00000|100%| O|  |TAMS 0x0000000782a00000, 0x0000000782800000| Updating 
|1045|0x0000000782a00000, 0x0000000782c00000, 0x0000000782c00000|100%| O|  |TAMS 0x0000000782c00000, 0x0000000782a00000| Updating 
|1046|0x0000000782c00000, 0x0000000782e00000, 0x0000000782e00000|100%| O|  |TAMS 0x0000000782e00000, 0x0000000782c00000| Updating 
|1047|0x0000000782e00000, 0x0000000783000000, 0x0000000783000000|100%| O|  |TAMS 0x0000000783000000, 0x0000000782e00000| Updating 
|1048|0x0000000783000000, 0x0000000783200000, 0x0000000783200000|100%| O|  |TAMS 0x0000000783200000, 0x0000000783000000| Updating 
|1049|0x0000000783200000, 0x0000000783400000, 0x0000000783400000|100%| O|  |TAMS 0x0000000783400000, 0x0000000783200000| Updating 
|1050|0x0000000783400000, 0x0000000783400000, 0x0000000783600000|  0%| F|  |TAMS 0x0000000783400000, 0x0000000783400000| Untracked 
|1051|0x0000000783600000, 0x0000000783600000, 0x0000000783800000|  0%| F|  |TAMS 0x0000000783600000, 0x0000000783600000| Untracked 
|1052|0x0000000783800000, 0x0000000783a00000, 0x0000000783a00000|100%| O|  |TAMS 0x0000000783a00000, 0x0000000783800000| Updating 
|1053|0x0000000783a00000, 0x0000000783a00000, 0x0000000783c00000|  0%| F|  |TAMS 0x0000000783a00000, 0x0000000783a00000| Untracked 
|1054|0x0000000783c00000, 0x0000000783e00000, 0x0000000783e00000|100%| O|  |TAMS 0x0000000783e00000, 0x0000000783c00000| Updating 
|1055|0x0000000783e00000, 0x0000000784000000, 0x0000000784000000|100%| O|  |TAMS 0x0000000784000000, 0x0000000783e00000| Updating 
|1056|0x0000000784000000, 0x0000000784200000, 0x0000000784200000|100%| O|  |TAMS 0x0000000784200000, 0x0000000784000000| Updating 
|1057|0x0000000784200000, 0x0000000784400000, 0x0000000784400000|100%| O|  |TAMS 0x0000000784400000, 0x0000000784200000| Updating 
|1058|0x0000000784400000, 0x0000000784600000, 0x0000000784600000|100%| O|  |TAMS 0x0000000784600000, 0x0000000784400000| Updating 
|1059|0x0000000784600000, 0x0000000784800000, 0x0000000784800000|100%| O|  |TAMS 0x0000000784800000, 0x0000000784600000| Updating 
|1060|0x0000000784800000, 0x0000000784a00000, 0x0000000784a00000|100%| O|  |TAMS 0x0000000784a00000, 0x0000000784800000| Updating 
|1061|0x0000000784a00000, 0x0000000784c00000, 0x0000000784c00000|100%| O|  |TAMS 0x0000000784c00000, 0x0000000784a00000| Updating 
|1062|0x0000000784c00000, 0x0000000784e00000, 0x0000000784e00000|100%| O|  |TAMS 0x0000000784e00000, 0x0000000784c00000| Updating 
|1063|0x0000000784e00000, 0x0000000785000000, 0x0000000785000000|100%| O|  |TAMS 0x0000000785000000, 0x0000000784e00000| Updating 
|1064|0x0000000785000000, 0x0000000785200000, 0x0000000785200000|100%| O|  |TAMS 0x0000000785200000, 0x0000000785000000| Updating 
|1065|0x0000000785200000, 0x0000000785400000, 0x0000000785400000|100%| O|  |TAMS 0x0000000785400000, 0x0000000785200000| Updating 
|1066|0x0000000785400000, 0x0000000785600000, 0x0000000785600000|100%| O|  |TAMS 0x0000000785600000, 0x0000000785400000| Updating 
|1067|0x0000000785600000, 0x0000000785800000, 0x0000000785800000|100%| O|  |TAMS 0x0000000785800000, 0x0000000785600000| Updating 
|1068|0x0000000785800000, 0x0000000785a00000, 0x0000000785a00000|100%| O|  |TAMS 0x0000000785a00000, 0x0000000785800000| Updating 
|1069|0x0000000785a00000, 0x0000000785a00000, 0x0000000785c00000|  0%| F|  |TAMS 0x0000000785a00000, 0x0000000785a00000| Untracked 
|1070|0x0000000785c00000, 0x0000000785e00000, 0x0000000785e00000|100%| O|  |TAMS 0x0000000785e00000, 0x0000000785c00000| Updating 
|1071|0x0000000785e00000, 0x0000000786000000, 0x0000000786000000|100%| O|  |TAMS 0x0000000786000000, 0x0000000785e00000| Updating 
|1072|0x0000000786000000, 0x0000000786200000, 0x0000000786200000|100%| O|  |TAMS 0x0000000786200000, 0x0000000786000000| Updating 
|1073|0x0000000786200000, 0x0000000786400000, 0x0000000786400000|100%| O|  |TAMS 0x0000000786400000, 0x0000000786200000| Updating 
|1074|0x0000000786400000, 0x0000000786600000, 0x0000000786600000|100%| O|  |TAMS 0x0000000786600000, 0x0000000786400000| Updating 
|1075|0x0000000786600000, 0x0000000786600000, 0x0000000786800000|  0%| F|  |TAMS 0x0000000786600000, 0x0000000786600000| Untracked 
|1076|0x0000000786800000, 0x0000000786800000, 0x0000000786a00000|  0%| F|  |TAMS 0x0000000786800000, 0x0000000786800000| Untracked 
|1077|0x0000000786a00000, 0x0000000786a00000, 0x0000000786c00000|  0%| F|  |TAMS 0x0000000786a00000, 0x0000000786a00000| Untracked 
|1078|0x0000000786c00000, 0x0000000786c00000, 0x0000000786e00000|  0%| F|  |TAMS 0x0000000786c00000, 0x0000000786c00000| Untracked 
|1079|0x0000000786e00000, 0x0000000786e00000, 0x0000000787000000|  0%| F|  |TAMS 0x0000000786e00000, 0x0000000786e00000| Untracked 
|1080|0x0000000787000000, 0x0000000787200000, 0x0000000787200000|100%| O|  |TAMS 0x0000000787200000, 0x0000000787000000| Updating 
|1081|0x0000000787200000, 0x0000000787400000, 0x0000000787400000|100%| O|  |TAMS 0x0000000787400000, 0x0000000787200000| Updating 
|1082|0x0000000787400000, 0x0000000787600000, 0x0000000787600000|100%| O|  |TAMS 0x0000000787600000, 0x0000000787400000| Updating 
|1083|0x0000000787600000, 0x0000000787800000, 0x0000000787800000|100%| O|  |TAMS 0x0000000787800000, 0x0000000787600000| Updating 
|1084|0x0000000787800000, 0x0000000787800000, 0x0000000787a00000|  0%| F|  |TAMS 0x0000000787800000, 0x0000000787800000| Untracked 
|1085|0x0000000787a00000, 0x0000000787a00000, 0x0000000787c00000|  0%| F|  |TAMS 0x0000000787a00000, 0x0000000787a00000| Untracked 
|1086|0x0000000787c00000, 0x0000000787e00000, 0x0000000787e00000|100%|HS|  |TAMS 0x0000000787e00000, 0x0000000787c00000| Complete 
|1087|0x0000000787e00000, 0x0000000788000000, 0x0000000788000000|100%| O|  |TAMS 0x0000000788000000, 0x0000000787e00000| Updating 
|1088|0x0000000788000000, 0x0000000788200000, 0x0000000788200000|100%| O|  |TAMS 0x0000000788200000, 0x0000000788000000| Updating 
|1089|0x0000000788200000, 0x0000000788400000, 0x0000000788400000|100%| O|  |TAMS 0x0000000788400000, 0x0000000788200000| Updating 
|1090|0x0000000788400000, 0x0000000788400000, 0x0000000788600000|  0%| F|  |TAMS 0x0000000788400000, 0x0000000788400000| Untracked 
|1091|0x0000000788600000, 0x0000000788800000, 0x0000000788800000|100%| O|  |TAMS 0x0000000788800000, 0x0000000788600000| Untracked 
|1092|0x0000000788800000, 0x0000000788a00000, 0x0000000788a00000|100%| O|  |TAMS 0x0000000788a00000, 0x0000000788800000| Untracked 
|1093|0x0000000788a00000, 0x0000000788c00000, 0x0000000788c00000|100%| O|  |TAMS 0x0000000788c00000, 0x0000000788a00000| Updating 
|1094|0x0000000788c00000, 0x0000000788e00000, 0x0000000788e00000|100%| O|  |TAMS 0x0000000788e00000, 0x0000000788c00000| Updating 
|1095|0x0000000788e00000, 0x0000000789000000, 0x0000000789000000|100%| O|  |TAMS 0x0000000789000000, 0x0000000788e00000| Updating 
|1096|0x0000000789000000, 0x0000000789200000, 0x0000000789200000|100%| O|  |TAMS 0x0000000789200000, 0x0000000789000000| Updating 
|1097|0x0000000789200000, 0x0000000789400000, 0x0000000789400000|100%| O|  |TAMS 0x0000000789400000, 0x0000000789200000| Updating 
|1098|0x0000000789400000, 0x0000000789600000, 0x0000000789600000|100%| O|  |TAMS 0x0000000789600000, 0x0000000789400000| Updating 
|1099|0x0000000789600000, 0x0000000789800000, 0x0000000789800000|100%| O|  |TAMS 0x0000000789800000, 0x0000000789600000| Updating 
|1100|0x0000000789800000, 0x0000000789a00000, 0x0000000789a00000|100%| O|  |TAMS 0x0000000789a00000, 0x0000000789800000| Untracked 
|1101|0x0000000789a00000, 0x0000000789c00000, 0x0000000789c00000|100%| O|  |TAMS 0x0000000789c00000, 0x0000000789a00000| Untracked 
|1102|0x0000000789c00000, 0x0000000789e00000, 0x0000000789e00000|100%| O|  |TAMS 0x0000000789e00000, 0x0000000789c00000| Untracked 
|1103|0x0000000789e00000, 0x000000078a000000, 0x000000078a000000|100%| O|  |TAMS 0x000000078a000000, 0x0000000789e00000| Untracked 
|1104|0x000000078a000000, 0x000000078a200000, 0x000000078a200000|100%| O|  |TAMS 0x000000078a200000, 0x000000078a000000| Untracked 
|1105|0x000000078a200000, 0x000000078a400000, 0x000000078a400000|100%| O|  |TAMS 0x000000078a400000, 0x000000078a200000| Untracked 
|1106|0x000000078a400000, 0x000000078a600000, 0x000000078a600000|100%| O|  |TAMS 0x000000078a600000, 0x000000078a400000| Untracked 
|1107|0x000000078a600000, 0x000000078a800000, 0x000000078a800000|100%| O|  |TAMS 0x000000078a800000, 0x000000078a600000| Untracked 
|1108|0x000000078a800000, 0x000000078aa00000, 0x000000078aa00000|100%| O|  |TAMS 0x000000078aa00000, 0x000000078a800000| Updating 
|1109|0x000000078aa00000, 0x000000078ac00000, 0x000000078ac00000|100%|HS|  |TAMS 0x000000078ac00000, 0x000000078aa00000| Complete 
|1110|0x000000078ac00000, 0x000000078ae00000, 0x000000078ae00000|100%| O|  |TAMS 0x000000078ae00000, 0x000000078ac00000| Untracked 
|1111|0x000000078ae00000, 0x000000078b000000, 0x000000078b000000|100%| O|  |TAMS 0x000000078b000000, 0x000000078ae00000| Untracked 
|1112|0x000000078b000000, 0x000000078b200000, 0x000000078b200000|100%| O|  |TAMS 0x000000078b200000, 0x000000078b000000| Untracked 
|1113|0x000000078b200000, 0x000000078b400000, 0x000000078b400000|100%| O|  |TAMS 0x000000078b400000, 0x000000078b200000| Untracked 
|1114|0x000000078b400000, 0x000000078b600000, 0x000000078b600000|100%| O|  |TAMS 0x000000078b600000, 0x000000078b400000| Untracked 
|1115|0x000000078b600000, 0x000000078b800000, 0x000000078b800000|100%| O|  |TAMS 0x000000078b800000, 0x000000078b600000| Untracked 
|1116|0x000000078b800000, 0x000000078ba00000, 0x000000078ba00000|100%| O|  |TAMS 0x000000078ba00000, 0x000000078b800000| Updating 
|1117|0x000000078ba00000, 0x000000078bc00000, 0x000000078bc00000|100%| O|  |TAMS 0x000000078bc00000, 0x000000078ba00000| Updating 
|1118|0x000000078bc00000, 0x000000078be00000, 0x000000078be00000|100%| O|  |TAMS 0x000000078be00000, 0x000000078bc00000| Updating 
|1119|0x000000078be00000, 0x000000078c000000, 0x000000078c000000|100%|HS|  |TAMS 0x000000078c000000, 0x000000078be00000| Complete 
|1120|0x000000078c000000, 0x000000078c200000, 0x000000078c200000|100%| O|  |TAMS 0x000000078c200000, 0x000000078c000000| Untracked 
|1121|0x000000078c200000, 0x000000078c400000, 0x000000078c400000|100%| O|  |TAMS 0x000000078c400000, 0x000000078c200000| Untracked 
|1122|0x000000078c400000, 0x000000078c600000, 0x000000078c600000|100%| O|  |TAMS 0x000000078c600000, 0x000000078c400000| Updating 
|1123|0x000000078c600000, 0x000000078c800000, 0x000000078c800000|100%| O|  |TAMS 0x000000078c65f800, 0x000000078c600000| Updating 
|1124|0x000000078c800000, 0x000000078ca00000, 0x000000078ca00000|100%| O|  |TAMS 0x000000078c800000, 0x000000078c800000| Untracked 
|1125|0x000000078ca00000, 0x000000078cc00000, 0x000000078cc00000|100%| O|  |TAMS 0x000000078ca00000, 0x000000078ca00000| Untracked 
|1126|0x000000078cc00000, 0x000000078ce00000, 0x000000078ce00000|100%| O|  |TAMS 0x000000078cc00000, 0x000000078cc00000| Untracked 
|1127|0x000000078ce00000, 0x000000078d000000, 0x000000078d000000|100%| O|  |TAMS 0x000000078ce00000, 0x000000078ce00000| Untracked 
|1128|0x000000078d000000, 0x000000078d200000, 0x000000078d200000|100%| O|  |TAMS 0x000000078d000000, 0x000000078d000000| Untracked 
|1129|0x000000078d200000, 0x000000078d400000, 0x000000078d400000|100%| O|  |TAMS 0x000000078d200000, 0x000000078d200000| Untracked 
|1130|0x000000078d400000, 0x000000078d600000, 0x000000078d600000|100%| O|  |TAMS 0x000000078d400000, 0x000000078d400000| Untracked 
|1131|0x000000078d600000, 0x000000078d800000, 0x000000078d800000|100%| O|  |TAMS 0x000000078d600000, 0x000000078d600000| Untracked 
|1132|0x000000078d800000, 0x000000078da00000, 0x000000078da00000|100%| O|  |TAMS 0x000000078d800000, 0x000000078d800000| Untracked 
|1133|0x000000078da00000, 0x000000078dc00000, 0x000000078dc00000|100%| O|  |TAMS 0x000000078da00000, 0x000000078da00000| Untracked 
|1134|0x000000078dc00000, 0x000000078de00000, 0x000000078de00000|100%| O|  |TAMS 0x000000078dc00000, 0x000000078dc00000| Untracked 
|1135|0x000000078de00000, 0x000000078e000000, 0x000000078e000000|100%| O|  |TAMS 0x000000078de00000, 0x000000078de00000| Untracked 
|1136|0x000000078e000000, 0x000000078e200000, 0x000000078e200000|100%| O|  |TAMS 0x000000078e000000, 0x000000078e000000| Untracked 
|1137|0x000000078e200000, 0x000000078e400000, 0x000000078e400000|100%| O|  |TAMS 0x000000078e200000, 0x000000078e200000| Untracked 
|1138|0x000000078e400000, 0x000000078e600000, 0x000000078e600000|100%| O|  |TAMS 0x000000078e400000, 0x000000078e400000| Untracked 
|1139|0x000000078e600000, 0x000000078e800000, 0x000000078e800000|100%| O|  |TAMS 0x000000078e600000, 0x000000078e600000| Untracked 
|1140|0x000000078e800000, 0x000000078ea00000, 0x000000078ea00000|100%| O|  |TAMS 0x000000078e800000, 0x000000078e800000| Untracked 
|1141|0x000000078ea00000, 0x000000078ec00000, 0x000000078ec00000|100%| O|  |TAMS 0x000000078ea00000, 0x000000078ea00000| Untracked 
|1142|0x000000078ec00000, 0x000000078ee00000, 0x000000078ee00000|100%| O|  |TAMS 0x000000078ec00000, 0x000000078ec00000| Untracked 
|1143|0x000000078ee00000, 0x000000078f000000, 0x000000078f000000|100%| O|  |TAMS 0x000000078ee00000, 0x000000078ee00000| Untracked 
|1144|0x000000078f000000, 0x000000078f200000, 0x000000078f200000|100%| O|  |TAMS 0x000000078f000000, 0x000000078f000000| Untracked 
|1145|0x000000078f200000, 0x000000078f400000, 0x000000078f400000|100%| O|  |TAMS 0x000000078f200000, 0x000000078f200000| Untracked 
|1146|0x000000078f400000, 0x000000078f600000, 0x000000078f600000|100%| O|  |TAMS 0x000000078f400000, 0x000000078f400000| Untracked 
|1147|0x000000078f600000, 0x000000078f800000, 0x000000078f800000|100%| O|  |TAMS 0x000000078f600000, 0x000000078f600000| Untracked 
|1148|0x000000078f800000, 0x000000078fa00000, 0x000000078fa00000|100%| O|  |TAMS 0x000000078f800000, 0x000000078f800000| Untracked 
|1149|0x000000078fa00000, 0x000000078fc00000, 0x000000078fc00000|100%| O|  |TAMS 0x000000078fa00000, 0x000000078fa00000| Untracked 
|1150|0x000000078fc00000, 0x000000078fe00000, 0x000000078fe00000|100%| O|  |TAMS 0x000000078fc00000, 0x000000078fc00000| Untracked 
|1151|0x000000078fe00000, 0x000000078ff0c000, 0x0000000790000000| 52%| O|  |TAMS 0x000000078fe00000, 0x000000078fe00000| Updating 
|1152|0x0000000790000000, 0x0000000790000000, 0x0000000790200000|  0%| F|  |TAMS 0x0000000790000000, 0x0000000790000000| Untracked 
|1153|0x0000000790200000, 0x0000000790200000, 0x0000000790400000|  0%| F|  |TAMS 0x0000000790200000, 0x0000000790200000| Untracked 
|1154|0x0000000790400000, 0x0000000790400000, 0x0000000790600000|  0%| F|  |TAMS 0x0000000790400000, 0x0000000790400000| Untracked 
|1155|0x0000000790600000, 0x0000000790600000, 0x0000000790800000|  0%| F|  |TAMS 0x0000000790600000, 0x0000000790600000| Untracked 
|1156|0x0000000790800000, 0x0000000790800000, 0x0000000790a00000|  0%| F|  |TAMS 0x0000000790800000, 0x0000000790800000| Untracked 
|1157|0x0000000790a00000, 0x0000000790a00000, 0x0000000790c00000|  0%| F|  |TAMS 0x0000000790a00000, 0x0000000790a00000| Untracked 
|1158|0x0000000790c00000, 0x0000000790c00000, 0x0000000790e00000|  0%| F|  |TAMS 0x0000000790c00000, 0x0000000790c00000| Untracked 
|1159|0x0000000790e00000, 0x0000000790e00000, 0x0000000791000000|  0%| F|  |TAMS 0x0000000790e00000, 0x0000000790e00000| Untracked 
|1160|0x0000000791000000, 0x0000000791000000, 0x0000000791200000|  0%| F|  |TAMS 0x0000000791000000, 0x0000000791000000| Untracked 
|1161|0x0000000791200000, 0x0000000791200000, 0x0000000791400000|  0%| F|  |TAMS 0x0000000791200000, 0x0000000791200000| Untracked 
|1162|0x0000000791400000, 0x0000000791400000, 0x0000000791600000|  0%| F|  |TAMS 0x0000000791400000, 0x0000000791400000| Untracked 
|1163|0x0000000791600000, 0x0000000791600000, 0x0000000791800000|  0%| F|  |TAMS 0x0000000791600000, 0x0000000791600000| Untracked 
|1164|0x0000000791800000, 0x0000000791800000, 0x0000000791a00000|  0%| F|  |TAMS 0x0000000791800000, 0x0000000791800000| Untracked 
|1165|0x0000000791a00000, 0x0000000791a00000, 0x0000000791c00000|  0%| F|  |TAMS 0x0000000791a00000, 0x0000000791a00000| Untracked 
|1166|0x0000000791c00000, 0x0000000791c00000, 0x0000000791e00000|  0%| F|  |TAMS 0x0000000791c00000, 0x0000000791c00000| Untracked 
|1167|0x0000000791e00000, 0x0000000791e00000, 0x0000000792000000|  0%| F|  |TAMS 0x0000000791e00000, 0x0000000791e00000| Untracked 
|1168|0x0000000792000000, 0x0000000792000000, 0x0000000792200000|  0%| F|  |TAMS 0x0000000792000000, 0x0000000792000000| Untracked 
|1169|0x0000000792200000, 0x0000000792200000, 0x0000000792400000|  0%| F|  |TAMS 0x0000000792200000, 0x0000000792200000| Untracked 
|1170|0x0000000792400000, 0x0000000792400000, 0x0000000792600000|  0%| F|  |TAMS 0x0000000792400000, 0x0000000792400000| Untracked 
|1171|0x0000000792600000, 0x0000000792600000, 0x0000000792800000|  0%| F|  |TAMS 0x0000000792600000, 0x0000000792600000| Untracked 
|1172|0x0000000792800000, 0x0000000792800000, 0x0000000792a00000|  0%| F|  |TAMS 0x0000000792800000, 0x0000000792800000| Untracked 
|1173|0x0000000792a00000, 0x0000000792a00000, 0x0000000792c00000|  0%| F|  |TAMS 0x0000000792a00000, 0x0000000792a00000| Untracked 
|1174|0x0000000792c00000, 0x0000000792c00000, 0x0000000792e00000|  0%| F|  |TAMS 0x0000000792c00000, 0x0000000792c00000| Untracked 
|1175|0x0000000792e00000, 0x0000000792e00000, 0x0000000793000000|  0%| F|  |TAMS 0x0000000792e00000, 0x0000000792e00000| Untracked 
|1176|0x0000000793000000, 0x0000000793000000, 0x0000000793200000|  0%| F|  |TAMS 0x0000000793000000, 0x0000000793000000| Untracked 
|1177|0x0000000793200000, 0x0000000793200000, 0x0000000793400000|  0%| F|  |TAMS 0x0000000793200000, 0x0000000793200000| Untracked 
|1178|0x0000000793400000, 0x0000000793400000, 0x0000000793600000|  0%| F|  |TAMS 0x0000000793400000, 0x0000000793400000| Untracked 
|1179|0x0000000793600000, 0x0000000793600000, 0x0000000793800000|  0%| F|  |TAMS 0x0000000793600000, 0x0000000793600000| Untracked 
|1180|0x0000000793800000, 0x0000000793800000, 0x0000000793a00000|  0%| F|  |TAMS 0x0000000793800000, 0x0000000793800000| Untracked 
|1181|0x0000000793a00000, 0x0000000793a00000, 0x0000000793c00000|  0%| F|  |TAMS 0x0000000793a00000, 0x0000000793a00000| Untracked 
|1182|0x0000000793c00000, 0x0000000793c00000, 0x0000000793e00000|  0%| F|  |TAMS 0x0000000793c00000, 0x0000000793c00000| Untracked 
|1183|0x0000000793e00000, 0x0000000793e00000, 0x0000000794000000|  0%| F|  |TAMS 0x0000000793e00000, 0x0000000793e00000| Untracked 
|1184|0x0000000794000000, 0x0000000794000000, 0x0000000794200000|  0%| F|  |TAMS 0x0000000794000000, 0x0000000794000000| Untracked 
|1185|0x0000000794200000, 0x0000000794200000, 0x0000000794400000|  0%| F|  |TAMS 0x0000000794200000, 0x0000000794200000| Untracked 
|1186|0x0000000794400000, 0x0000000794400000, 0x0000000794600000|  0%| F|  |TAMS 0x0000000794400000, 0x0000000794400000| Untracked 
|1187|0x0000000794600000, 0x0000000794600000, 0x0000000794800000|  0%| F|  |TAMS 0x0000000794600000, 0x0000000794600000| Untracked 
|1188|0x0000000794800000, 0x0000000794800000, 0x0000000794a00000|  0%| F|  |TAMS 0x0000000794800000, 0x0000000794800000| Untracked 
|1189|0x0000000794a00000, 0x0000000794a00000, 0x0000000794c00000|  0%| F|  |TAMS 0x0000000794a00000, 0x0000000794a00000| Untracked 
|1190|0x0000000794c00000, 0x0000000794c00000, 0x0000000794e00000|  0%| F|  |TAMS 0x0000000794c00000, 0x0000000794c00000| Untracked 
|1191|0x0000000794e00000, 0x0000000794e00000, 0x0000000795000000|  0%| F|  |TAMS 0x0000000794e00000, 0x0000000794e00000| Untracked 
|1192|0x0000000795000000, 0x0000000795000000, 0x0000000795200000|  0%| F|  |TAMS 0x0000000795000000, 0x0000000795000000| Untracked 
|1193|0x0000000795200000, 0x0000000795200000, 0x0000000795400000|  0%| F|  |TAMS 0x0000000795200000, 0x0000000795200000| Untracked 
|1194|0x0000000795400000, 0x0000000795400000, 0x0000000795600000|  0%| F|  |TAMS 0x0000000795400000, 0x0000000795400000| Untracked 
|1195|0x0000000795600000, 0x0000000795600000, 0x0000000795800000|  0%| F|  |TAMS 0x0000000795600000, 0x0000000795600000| Untracked 
|1196|0x0000000795800000, 0x0000000795800000, 0x0000000795a00000|  0%| F|  |TAMS 0x0000000795800000, 0x0000000795800000| Untracked 
|1197|0x0000000795a00000, 0x0000000795a00000, 0x0000000795c00000|  0%| F|  |TAMS 0x0000000795a00000, 0x0000000795a00000| Untracked 
|1198|0x0000000795c00000, 0x0000000795c00000, 0x0000000795e00000|  0%| F|  |TAMS 0x0000000795c00000, 0x0000000795c00000| Untracked 
|1199|0x0000000795e00000, 0x0000000796000000, 0x0000000796000000|100%| S|CS|TAMS 0x0000000795e00000, 0x0000000795e00000| Complete 
|1200|0x0000000796000000, 0x0000000796200000, 0x0000000796200000|100%| S|CS|TAMS 0x0000000796000000, 0x0000000796000000| Complete 
|1201|0x0000000796200000, 0x0000000796400000, 0x0000000796400000|100%| S|CS|TAMS 0x0000000796200000, 0x0000000796200000| Complete 
|1202|0x0000000796400000, 0x0000000796600000, 0x0000000796600000|100%| S|CS|TAMS 0x0000000796400000, 0x0000000796400000| Complete 
|1203|0x0000000796600000, 0x0000000796800000, 0x0000000796800000|100%| S|CS|TAMS 0x0000000796600000, 0x0000000796600000| Complete 
|1204|0x0000000796800000, 0x0000000796a00000, 0x0000000796a00000|100%| S|CS|TAMS 0x0000000796800000, 0x0000000796800000| Complete 
|1205|0x0000000796a00000, 0x0000000796c00000, 0x0000000796c00000|100%| S|CS|TAMS 0x0000000796a00000, 0x0000000796a00000| Complete 
|1206|0x0000000796c00000, 0x0000000796c00000, 0x0000000796e00000|  0%| F|  |TAMS 0x0000000796c00000, 0x0000000796c00000| Untracked 
|1207|0x0000000796e00000, 0x0000000797000000, 0x0000000797000000|100%| S|CS|TAMS 0x0000000796e00000, 0x0000000796e00000| Complete 
|1208|0x0000000797000000, 0x0000000797000000, 0x0000000797200000|  0%| F|  |TAMS 0x0000000797000000, 0x0000000797000000| Untracked 
|1209|0x0000000797200000, 0x0000000797200000, 0x0000000797400000|  0%| F|  |TAMS 0x0000000797200000, 0x0000000797200000| Untracked 
|1210|0x0000000797400000, 0x0000000797400000, 0x0000000797600000|  0%| F|  |TAMS 0x0000000797400000, 0x0000000797400000| Untracked 
|1211|0x0000000797600000, 0x0000000797600000, 0x0000000797800000|  0%| F|  |TAMS 0x0000000797600000, 0x0000000797600000| Untracked 
|1212|0x0000000797800000, 0x0000000797800000, 0x0000000797a00000|  0%| F|  |TAMS 0x0000000797800000, 0x0000000797800000| Untracked 
|1213|0x0000000797a00000, 0x0000000797a00000, 0x0000000797c00000|  0%| F|  |TAMS 0x0000000797a00000, 0x0000000797a00000| Untracked 
|1214|0x0000000797c00000, 0x0000000797c00000, 0x0000000797e00000|  0%| F|  |TAMS 0x0000000797c00000, 0x0000000797c00000| Untracked 
|1215|0x0000000797e00000, 0x0000000797e00000, 0x0000000798000000|  0%| F|  |TAMS 0x0000000797e00000, 0x0000000797e00000| Untracked 
|1216|0x0000000798000000, 0x0000000798000000, 0x0000000798200000|  0%| F|  |TAMS 0x0000000798000000, 0x0000000798000000| Untracked 
|1217|0x0000000798200000, 0x0000000798200000, 0x0000000798400000|  0%| F|  |TAMS 0x0000000798200000, 0x0000000798200000| Untracked 
|1218|0x0000000798400000, 0x0000000798400000, 0x0000000798600000|  0%| F|  |TAMS 0x0000000798400000, 0x0000000798400000| Untracked 
|1219|0x0000000798600000, 0x0000000798600000, 0x0000000798800000|  0%| F|  |TAMS 0x0000000798600000, 0x0000000798600000| Untracked 
|1220|0x0000000798800000, 0x0000000798800000, 0x0000000798a00000|  0%| F|  |TAMS 0x0000000798800000, 0x0000000798800000| Untracked 
|1221|0x0000000798a00000, 0x0000000798a00000, 0x0000000798c00000|  0%| F|  |TAMS 0x0000000798a00000, 0x0000000798a00000| Untracked 
|1222|0x0000000798c00000, 0x0000000798c00000, 0x0000000798e00000|  0%| F|  |TAMS 0x0000000798c00000, 0x0000000798c00000| Untracked 
|1223|0x0000000798e00000, 0x0000000798e00000, 0x0000000799000000|  0%| F|  |TAMS 0x0000000798e00000, 0x0000000798e00000| Untracked 
|1224|0x0000000799000000, 0x0000000799000000, 0x0000000799200000|  0%| F|  |TAMS 0x0000000799000000, 0x0000000799000000| Untracked 
|1225|0x0000000799200000, 0x0000000799200000, 0x0000000799400000|  0%| F|  |TAMS 0x0000000799200000, 0x0000000799200000| Untracked 
|1226|0x0000000799400000, 0x0000000799400000, 0x0000000799600000|  0%| F|  |TAMS 0x0000000799400000, 0x0000000799400000| Untracked 
|1227|0x0000000799600000, 0x0000000799600000, 0x0000000799800000|  0%| F|  |TAMS 0x0000000799600000, 0x0000000799600000| Untracked 
|1228|0x0000000799800000, 0x0000000799800000, 0x0000000799a00000|  0%| F|  |TAMS 0x0000000799800000, 0x0000000799800000| Untracked 
|1229|0x0000000799a00000, 0x0000000799a00000, 0x0000000799c00000|  0%| F|  |TAMS 0x0000000799a00000, 0x0000000799a00000| Untracked 
|1230|0x0000000799c00000, 0x0000000799c00000, 0x0000000799e00000|  0%| F|  |TAMS 0x0000000799c00000, 0x0000000799c00000| Untracked 
|1231|0x0000000799e00000, 0x0000000799e00000, 0x000000079a000000|  0%| F|  |TAMS 0x0000000799e00000, 0x0000000799e00000| Untracked 
|1232|0x000000079a000000, 0x000000079a000000, 0x000000079a200000|  0%| F|  |TAMS 0x000000079a000000, 0x000000079a000000| Untracked 
|1233|0x000000079a200000, 0x000000079a200000, 0x000000079a400000|  0%| F|  |TAMS 0x000000079a200000, 0x000000079a200000| Untracked 
|1234|0x000000079a400000, 0x000000079a400000, 0x000000079a600000|  0%| F|  |TAMS 0x000000079a400000, 0x000000079a400000| Untracked 
|1235|0x000000079a600000, 0x000000079a600000, 0x000000079a800000|  0%| F|  |TAMS 0x000000079a600000, 0x000000079a600000| Untracked 
|1236|0x000000079a800000, 0x000000079a800000, 0x000000079aa00000|  0%| F|  |TAMS 0x000000079a800000, 0x000000079a800000| Untracked 
|1237|0x000000079aa00000, 0x000000079aa00000, 0x000000079ac00000|  0%| F|  |TAMS 0x000000079aa00000, 0x000000079aa00000| Untracked 
|1238|0x000000079ac00000, 0x000000079ac00000, 0x000000079ae00000|  0%| F|  |TAMS 0x000000079ac00000, 0x000000079ac00000| Untracked 
|1239|0x000000079ae00000, 0x000000079ae00000, 0x000000079b000000|  0%| F|  |TAMS 0x000000079ae00000, 0x000000079ae00000| Untracked 
|1240|0x000000079b000000, 0x000000079b000000, 0x000000079b200000|  0%| F|  |TAMS 0x000000079b000000, 0x000000079b000000| Untracked 
|1241|0x000000079b200000, 0x000000079b200000, 0x000000079b400000|  0%| F|  |TAMS 0x000000079b200000, 0x000000079b200000| Untracked 
|1242|0x000000079b400000, 0x000000079b400000, 0x000000079b600000|  0%| F|  |TAMS 0x000000079b400000, 0x000000079b400000| Untracked 
|1243|0x000000079b600000, 0x000000079b600000, 0x000000079b800000|  0%| F|  |TAMS 0x000000079b600000, 0x000000079b600000| Untracked 
|1244|0x000000079b800000, 0x000000079b800000, 0x000000079ba00000|  0%| F|  |TAMS 0x000000079b800000, 0x000000079b800000| Untracked 
|1245|0x000000079ba00000, 0x000000079ba00000, 0x000000079bc00000|  0%| F|  |TAMS 0x000000079ba00000, 0x000000079ba00000| Untracked 
|1246|0x000000079bc00000, 0x000000079bc00000, 0x000000079be00000|  0%| F|  |TAMS 0x000000079bc00000, 0x000000079bc00000| Untracked 
|1247|0x000000079be00000, 0x000000079be00000, 0x000000079c000000|  0%| F|  |TAMS 0x000000079be00000, 0x000000079be00000| Untracked 
|1248|0x000000079c000000, 0x000000079c000000, 0x000000079c200000|  0%| F|  |TAMS 0x000000079c000000, 0x000000079c000000| Untracked 
|1249|0x000000079c200000, 0x000000079c200000, 0x000000079c400000|  0%| F|  |TAMS 0x000000079c200000, 0x000000079c200000| Untracked 
|1250|0x000000079c400000, 0x000000079c400000, 0x000000079c600000|  0%| F|  |TAMS 0x000000079c400000, 0x000000079c400000| Untracked 
|1251|0x000000079c600000, 0x000000079c600000, 0x000000079c800000|  0%| F|  |TAMS 0x000000079c600000, 0x000000079c600000| Untracked 
|1252|0x000000079c800000, 0x000000079c800000, 0x000000079ca00000|  0%| F|  |TAMS 0x000000079c800000, 0x000000079c800000| Untracked 
|1253|0x000000079ca00000, 0x000000079ca00000, 0x000000079cc00000|  0%| F|  |TAMS 0x000000079ca00000, 0x000000079ca00000| Untracked 
|1254|0x000000079cc00000, 0x000000079cc00000, 0x000000079ce00000|  0%| F|  |TAMS 0x000000079cc00000, 0x000000079cc00000| Untracked 
|1255|0x000000079ce00000, 0x000000079ce00000, 0x000000079d000000|  0%| F|  |TAMS 0x000000079ce00000, 0x000000079ce00000| Untracked 
|1256|0x000000079d000000, 0x000000079d000000, 0x000000079d200000|  0%| F|  |TAMS 0x000000079d000000, 0x000000079d000000| Untracked 
|1257|0x000000079d200000, 0x000000079d200000, 0x000000079d400000|  0%| F|  |TAMS 0x000000079d200000, 0x000000079d200000| Untracked 
|1258|0x000000079d400000, 0x000000079d400000, 0x000000079d600000|  0%| F|  |TAMS 0x000000079d400000, 0x000000079d400000| Untracked 
|1259|0x000000079d600000, 0x000000079d600000, 0x000000079d800000|  0%| F|  |TAMS 0x000000079d600000, 0x000000079d600000| Untracked 
|1260|0x000000079d800000, 0x000000079d800000, 0x000000079da00000|  0%| F|  |TAMS 0x000000079d800000, 0x000000079d800000| Untracked 
|1261|0x000000079da00000, 0x000000079da00000, 0x000000079dc00000|  0%| F|  |TAMS 0x000000079da00000, 0x000000079da00000| Untracked 
|1262|0x000000079dc00000, 0x000000079dc00000, 0x000000079de00000|  0%| F|  |TAMS 0x000000079dc00000, 0x000000079dc00000| Untracked 
|1263|0x000000079de00000, 0x000000079de00000, 0x000000079e000000|  0%| F|  |TAMS 0x000000079de00000, 0x000000079de00000| Untracked 
|1264|0x000000079e000000, 0x000000079e000000, 0x000000079e200000|  0%| F|  |TAMS 0x000000079e000000, 0x000000079e000000| Untracked 
|1265|0x000000079e200000, 0x000000079e200000, 0x000000079e400000|  0%| F|  |TAMS 0x000000079e200000, 0x000000079e200000| Untracked 
|1266|0x000000079e400000, 0x000000079e400000, 0x000000079e600000|  0%| F|  |TAMS 0x000000079e400000, 0x000000079e400000| Untracked 
|1267|0x000000079e600000, 0x000000079e600000, 0x000000079e800000|  0%| F|  |TAMS 0x000000079e600000, 0x000000079e600000| Untracked 
|1268|0x000000079e800000, 0x000000079e800000, 0x000000079ea00000|  0%| F|  |TAMS 0x000000079e800000, 0x000000079e800000| Untracked 
|1269|0x000000079ea00000, 0x000000079eafad48, 0x000000079ec00000| 48%| E|  |TAMS 0x000000079ea00000, 0x000000079ea00000| Complete 

Card table byte_map: [0x0000025f00800000,0x0000025f01000000] _byte_map_base: 0x0000025efd000000

Marking Bits (Prev, Next): (CMBitMap*) 0x0000025f688f1200, (CMBitMap*) 0x0000025f688f1240
 Prev Bits: [0x0000025f01800000, 0x0000025f05800000)
 Next Bits: [0x0000025f05800000, 0x0000025f09800000)

Polling page: 0x0000025f666d0000

Metaspace:

Usage:
  Non-class:    342.52 MB used.
      Class:     50.05 MB used.
       Both:    392.57 MB used.

Virtual space:
  Non-class space:      384.00 MB reserved,     345.44 MB ( 90%) committed,  6 nodes.
      Class space:      832.00 MB reserved,      52.00 MB (  6%) committed,  1 nodes.
             Both:        1.19 GB reserved,     397.44 MB ( 33%) committed. 

Chunk freelists:
   Non-Class:  7.47 MB
       Class:  12.34 MB
        Both:  19.80 MB

MaxMetaspaceSize: 1.00 GB
CompressedClassSpaceSize: 832.00 MB
Initial GC threshold: 21.00 MB
Current GC threshold: 502.31 MB
CDS: on
MetaspaceReclaimPolicy: balanced
 - commit_granule_bytes: 65536.
 - commit_granule_words: 8192.
 - virtual_space_node_default_size: 8388608.
 - enlarge_chunks_in_place: 1.
 - new_chunks_are_fully_committed: 0.
 - uncommit_free_chunks: 1.
 - use_allocation_guard: 0.
 - handle_deallocations: 1.


Internal statistics:

num_allocs_failed_limit: 52.
num_arena_births: 6046.
num_arena_deaths: 344.
num_vsnodes_births: 7.
num_vsnodes_deaths: 0.
num_space_committed: 6394.
num_space_uncommitted: 47.
num_chunks_returned_to_freelist: 841.
num_chunks_taken_from_freelist: 26675.
num_chunk_merges: 247.
num_chunk_splits: 16209.
num_chunks_enlarged: 8047.
num_inconsistent_stats: 0.

CodeHeap 'non-profiled nmethods': size=120000Kb used=66911Kb max_used=67534Kb free=53088Kb
 bounds [0x0000025f77e90000, 0x0000025f7c090000, 0x0000025f7f3c0000]
CodeHeap 'profiled nmethods': size=120000Kb used=119721Kb max_used=119999Kb free=278Kb
 bounds [0x0000025f703c0000, 0x0000025f778f0000, 0x0000025f778f0000]
CodeHeap 'non-nmethods': size=5760Kb used=2189Kb max_used=2250Kb free=3571Kb
 bounds [0x0000025f778f0000, 0x0000025f77b60000, 0x0000025f77e90000]
 total_blobs=58121 nmethods=56799 adapters=1227
 compilation: enabled
              stopped_count=0, restarted_count=0
 full_count=0

Compilation events (20 events):
Event: 333.059 Thread 0x0000025f7fd11510 83711       2       com.android.tools.r8.graph.k1::l1 (25 bytes)
Event: 333.060 Thread 0x0000025f7fd11510 nmethod 83711 0x0000025f74e98d10 code [0x0000025f74e98ea0, 0x0000025f74e990b8]
Event: 333.060 Thread 0x0000025f7fd11510 83712       3       com.android.tools.r8.naming.e0::a (50 bytes)
Event: 333.061 Thread 0x0000025f7fd11510 nmethod 83712 0x0000025f7b5e7190 code [0x0000025f7b5e73a0, 0x0000025f7b5e7a18]
Event: 333.061 Thread 0x0000025f7fd11510 83713       3       com.google.common.collect.AbstractMapBasedMultimap::wrapList (33 bytes)
Event: 333.061 Thread 0x0000025f7fd11510 nmethod 83713 0x0000025f76c70090 code [0x0000025f76c70260, 0x0000025f76c70678]
Event: 333.062 Thread 0x0000025f7fd11510 83715       3       com.android.tools.r8.naming.Z$$Lambda$12789/0x0000025f103f3120::apply (11 bytes)
Event: 333.062 Thread 0x0000025f7fd11510 nmethod 83715 0x0000025f76a44310 code [0x0000025f76a444c0, 0x0000025f76a44858]
Event: 333.070 Thread 0x0000025f7fd11510 83718       3       com.android.tools.r8.naming.b0::a (137 bytes)
Event: 333.072 Thread 0x0000025f7fd11510 nmethod 83718 0x0000025f7a2b7990 code [0x0000025f7a2b7c80, 0x0000025f7a2b9388]
Event: 333.072 Thread 0x0000025f7fd11510 83719       3       com.android.tools.r8.naming.b0$$Lambda$12790/0x0000025f103f3358::<init> (10 bytes)
Event: 333.072 Thread 0x0000025f7fd11510 nmethod 83719 0x0000025f75796e10 code [0x0000025f75796fa0, 0x0000025f75797158]
Event: 333.079 Thread 0x0000025f7fd0ebf0 nmethod 83491 0x0000025f7b7c4090 code [0x0000025f7b7c43a0, 0x0000025f7b7c5dc0]
Event: 333.080 Thread 0x0000025f7fd0ebf0 83483       4       com.android.aaptcompiler.TableExtractor::parseXml (494 bytes)
Event: 333.081 Thread 0x0000025f7fd11510 83721       3       com.android.tools.r8.naming.b0$$Lambda$12790/0x0000025f103f3358::test (16 bytes)
Event: 333.081 Thread 0x0000025f7fd11510 nmethod 83721 0x0000025f7721dd90 code [0x0000025f7721df40, 0x0000025f7721e288]
Event: 333.091 Thread 0x0000025f7fd11510 83724       3       com.android.tools.r8.graph.L4::h (12 bytes)
Event: 333.091 Thread 0x0000025f7fd11510 nmethod 83724 0x0000025f73c18810 code [0x0000025f73c189a0, 0x0000025f73c18ad8]
Event: 333.120 Thread 0x0000025f49a300b0 nmethod 83703 0x0000025f7b556290 code [0x0000025f7b5565e0, 0x0000025f7b558a78]
Event: 333.120 Thread 0x0000025f49a300b0 83648       4       com.android.tools.r8.internal.HY::a (42 bytes)

GC Heap History (20 events):
Event: 329.981 GC heap before
{Heap before GC invocations=210 (full 0):
 garbage-first heap   total 2600960K, used 2354323K [0x0000000700000000, 0x0000000800000000)
  region size 2048K, 63 young (129024K), 7 survivors (14336K)
 Metaspace       used 401054K, committed 404864K, reserved 1245184K
  class space    used 51110K, committed 52864K, reserved 851968K
}
Event: 329.992 GC heap after
{Heap after GC invocations=211 (full 0):
 garbage-first heap   total 2600960K, used 2239368K [0x0000000700000000, 0x0000000800000000)
  region size 2048K, 6 young (12288K), 6 survivors (12288K)
 Metaspace       used 401054K, committed 404864K, reserved 1245184K
  class space    used 51110K, committed 52864K, reserved 851968K
}
Event: 330.297 GC heap before
{Heap before GC invocations=211 (full 0):
 garbage-first heap   total 2600960K, used 2356104K [0x0000000700000000, 0x0000000800000000)
  region size 2048K, 63 young (129024K), 6 survivors (12288K)
 Metaspace       used 401202K, committed 405056K, reserved 1245184K
  class space    used 51136K, committed 52928K, reserved 851968K
}
Event: 330.306 GC heap after
{Heap after GC invocations=212 (full 0):
 garbage-first heap   total 2600960K, used 2244121K [0x0000000700000000, 0x0000000800000000)
  region size 2048K, 7 young (14336K), 7 survivors (14336K)
 Metaspace       used 401202K, committed 405056K, reserved 1245184K
  class space    used 51136K, committed 52928K, reserved 851968K
}
Event: 330.949 GC heap before
{Heap before GC invocations=212 (full 0):
 garbage-first heap   total 2600960K, used 2360857K [0x0000000700000000, 0x0000000800000000)
  region size 2048K, 63 young (129024K), 7 survivors (14336K)
 Metaspace       used 402132K, committed 405952K, reserved 1245184K
  class space    used 51303K, committed 53056K, reserved 851968K
}
Event: 330.958 GC heap after
{Heap after GC invocations=213 (full 0):
 garbage-first heap   total 2600960K, used 2253004K [0x0000000700000000, 0x0000000800000000)
  region size 2048K, 7 young (14336K), 7 survivors (14336K)
 Metaspace       used 402132K, committed 405952K, reserved 1245184K
  class space    used 51303K, committed 53056K, reserved 851968K
}
Event: 331.214 GC heap before
{Heap before GC invocations=213 (full 0):
 garbage-first heap   total 2600960K, used 2367692K [0x0000000700000000, 0x0000000800000000)
  region size 2048K, 63 young (129024K), 7 survivors (14336K)
 Metaspace       used 402228K, committed 406016K, reserved 1245184K
  class space    used 51309K, committed 53056K, reserved 851968K
}
Event: 331.223 GC heap after
{Heap after GC invocations=214 (full 0):
 garbage-first heap   total 2600960K, used 2257880K [0x0000000700000000, 0x0000000800000000)
  region size 2048K, 3 young (6144K), 3 survivors (6144K)
 Metaspace       used 402228K, committed 406016K, reserved 1245184K
  class space    used 51309K, committed 53056K, reserved 851968K
}
Event: 331.527 GC heap before
{Heap before GC invocations=214 (full 0):
 garbage-first heap   total 2600960K, used 2380760K [0x0000000700000000, 0x0000000800000000)
  region size 2048K, 63 young (129024K), 3 survivors (6144K)
 Metaspace       used 402409K, committed 406208K, reserved 1245184K
  class space    used 51359K, committed 53120K, reserved 851968K
}
Event: 331.543 GC heap after
{Heap after GC invocations=215 (full 0):
 garbage-first heap   total 2600960K, used 2287348K [0x0000000700000000, 0x0000000800000000)
  region size 2048K, 8 young (16384K), 8 survivors (16384K)
 Metaspace       used 402409K, committed 406208K, reserved 1245184K
  class space    used 51359K, committed 53120K, reserved 851968K
}
Event: 331.812 GC heap before
{Heap before GC invocations=215 (full 0):
 garbage-first heap   total 2600960K, used 2399987K [0x0000000700000000, 0x0000000800000000)
  region size 2048K, 63 young (129024K), 8 survivors (16384K)
 Metaspace       used 402475K, committed 406272K, reserved 1245184K
  class space    used 51368K, committed 53120K, reserved 851968K
}
Event: 331.829 GC heap after
{Heap after GC invocations=216 (full 0):
 garbage-first heap   total 2600960K, used 2298457K [0x0000000700000000, 0x0000000800000000)
  region size 2048K, 5 young (10240K), 5 survivors (10240K)
 Metaspace       used 402475K, committed 406272K, reserved 1245184K
  class space    used 51368K, committed 53120K, reserved 851968K
}
Event: 331.978 GC heap before
{Heap before GC invocations=216 (full 0):
 garbage-first heap   total 2600960K, used 2415193K [0x0000000700000000, 0x0000000800000000)
  region size 2048K, 63 young (129024K), 5 survivors (10240K)
 Metaspace       used 402475K, committed 406272K, reserved 1245184K
  class space    used 51368K, committed 53120K, reserved 851968K
}
Event: 331.987 GC heap after
{Heap after GC invocations=217 (full 0):
 garbage-first heap   total 2600960K, used 2301916K [0x0000000700000000, 0x0000000800000000)
  region size 2048K, 6 young (12288K), 6 survivors (12288K)
 Metaspace       used 402475K, committed 406272K, reserved 1245184K
  class space    used 51368K, committed 53120K, reserved 851968K
}
Event: 332.238 GC heap before
{Heap before GC invocations=217 (full 0):
 garbage-first heap   total 2600960K, used 2418652K [0x0000000700000000, 0x0000000800000000)
  region size 2048K, 63 young (129024K), 6 survivors (12288K)
 Metaspace       used 402768K, committed 406592K, reserved 1245184K
  class space    used 51409K, committed 53184K, reserved 851968K
}
Event: 332.251 GC heap after
{Heap after GC invocations=218 (full 0):
 garbage-first heap   total 2600960K, used 2316670K [0x0000000700000000, 0x0000000800000000)
  region size 2048K, 8 young (16384K), 8 survivors (16384K)
 Metaspace       used 402768K, committed 406592K, reserved 1245184K
  class space    used 51409K, committed 53184K, reserved 851968K
}
Event: 332.546 GC heap before
{Heap before GC invocations=218 (full 0):
 garbage-first heap   total 2600960K, used 2427262K [0x0000000700000000, 0x0000000800000000)
  region size 2048K, 63 young (129024K), 8 survivors (16384K)
 Metaspace       used 402915K, committed 406720K, reserved 1245184K
  class space    used 51428K, committed 53184K, reserved 851968K
}
Event: 332.555 GC heap after
{Heap after GC invocations=219 (full 0):
 garbage-first heap   total 2600960K, used 2317027K [0x0000000700000000, 0x0000000800000000)
  region size 2048K, 3 young (6144K), 3 survivors (6144K)
 Metaspace       used 402915K, committed 406720K, reserved 1245184K
  class space    used 51428K, committed 53184K, reserved 851968K
}
Event: 333.099 GC heap before
{Heap before GC invocations=219 (full 0):
 garbage-first heap   total 2600960K, used 2437859K [0x0000000700000000, 0x0000000800000000)
  region size 2048K, 63 young (129024K), 3 survivors (6144K)
 Metaspace       used 403128K, committed 406976K, reserved 1245184K
  class space    used 51452K, committed 53248K, reserved 851968K
}
Event: 333.117 GC heap after
{Heap after GC invocations=220 (full 0):
 garbage-first heap   total 2600960K, used 2374704K [0x0000000700000000, 0x0000000800000000)
  region size 2048K, 8 young (16384K), 8 survivors (16384K)
 Metaspace       used 403128K, committed 406976K, reserved 1245184K
  class space    used 51452K, committed 53248K, reserved 851968K
}

Dll operation events (17 events):
Event: 0.008 Loaded shared library C:\Program Files\Microsoft\jdk-17.0.15.6-hotspot\bin\java.dll
Event: 0.019 Loaded shared library C:\Program Files\Microsoft\jdk-17.0.15.6-hotspot\bin\jsvml.dll
Event: 0.047 Loaded shared library C:\Program Files\Microsoft\jdk-17.0.15.6-hotspot\bin\zip.dll
Event: 0.050 Loaded shared library C:\Program Files\Microsoft\jdk-17.0.15.6-hotspot\bin\instrument.dll
Event: 0.052 Loaded shared library C:\Program Files\Microsoft\jdk-17.0.15.6-hotspot\bin\net.dll
Event: 0.053 Loaded shared library C:\Program Files\Microsoft\jdk-17.0.15.6-hotspot\bin\nio.dll
Event: 0.055 Loaded shared library C:\Program Files\Microsoft\jdk-17.0.15.6-hotspot\bin\zip.dll
Event: 0.231 Loaded shared library C:\Program Files\Microsoft\jdk-17.0.15.6-hotspot\bin\jimage.dll
Event: 0.395 Loaded shared library C:\Program Files\Microsoft\jdk-17.0.15.6-hotspot\bin\verify.dll
Event: 0.416 Loaded shared library C:\Users\satej\.gradle\native\660c5614fbf4a5f2a75b1949f50a0caf5cd603558e7d8a26e50b933a0cfb79d1\windows-amd64\native-platform.dll
Event: 0.423 Loaded shared library C:\Users\satej\.gradle\native\0.2.8\x86_64-windows-gnu\gradle-fileevents.dll
Event: 1.154 Loaded shared library C:\Program Files\Microsoft\jdk-17.0.15.6-hotspot\bin\management.dll
Event: 1.156 Loaded shared library C:\Program Files\Microsoft\jdk-17.0.15.6-hotspot\bin\management_ext.dll
Event: 1.302 Loaded shared library C:\Program Files\Microsoft\jdk-17.0.15.6-hotspot\bin\extnet.dll
Event: 1.463 Loaded shared library C:\Program Files\Microsoft\jdk-17.0.15.6-hotspot\bin\sunmscapi.dll
Event: 9.334 Loaded shared library C:\Program Files\Microsoft\jdk-17.0.15.6-hotspot\bin\rmi.dll
Event: 270.380 Loaded shared library C:\Program Files\Microsoft\jdk-17.0.15.6-hotspot\bin\awt.dll

Deoptimization events (20 events):
Event: 332.934 Thread 0x0000025f53f3b000 Uncommon trap: trap_request=0xffffffde fr.pc=0x0000025f79cd2cc8 relative=0x0000000000000128
Event: 332.934 Thread 0x0000025f53f3b000 Uncommon trap: reason=class_check action=maybe_recompile pc=0x0000025f79cd2cc8 method=com.android.tools.r8.naming.c0.c(Lcom/android/tools/r8/graph/z2;)Ljava/lang/Object; @ 6 c2
Event: 332.934 Thread 0x0000025f53f3b000 DEOPT PACKING pc=0x0000025f79cd2cc8 sp=0x0000006b1d3fd7a0
Event: 332.934 Thread 0x0000025f53f3b000 DEOPT UNPACKING pc=0x0000025f779469a3 sp=0x0000006b1d3fd738 mode 2
Event: 332.934 Thread 0x0000025f53f3b000 Uncommon trap: trap_request=0xffffffde fr.pc=0x0000025f79cd2cc8 relative=0x0000000000000128
Event: 332.934 Thread 0x0000025f53f3b000 Uncommon trap: reason=class_check action=maybe_recompile pc=0x0000025f79cd2cc8 method=com.android.tools.r8.naming.c0.c(Lcom/android/tools/r8/graph/z2;)Ljava/lang/Object; @ 6 c2
Event: 332.934 Thread 0x0000025f53f3b000 DEOPT PACKING pc=0x0000025f79cd2cc8 sp=0x0000006b1d3fd5a0
Event: 332.934 Thread 0x0000025f53f3b000 DEOPT UNPACKING pc=0x0000025f779469a3 sp=0x0000006b1d3fd538 mode 2
Event: 332.938 Thread 0x0000025f53f3b000 Uncommon trap: trap_request=0xffffffde fr.pc=0x0000025f79cd2cc8 relative=0x0000000000000128
Event: 332.938 Thread 0x0000025f53f3b000 Uncommon trap: reason=class_check action=maybe_recompile pc=0x0000025f79cd2cc8 method=com.android.tools.r8.naming.c0.c(Lcom/android/tools/r8/graph/z2;)Ljava/lang/Object; @ 6 c2
Event: 332.938 Thread 0x0000025f53f3b000 DEOPT PACKING pc=0x0000025f79cd2cc8 sp=0x0000006b1d3fd210
Event: 332.938 Thread 0x0000025f53f3b000 DEOPT UNPACKING pc=0x0000025f779469a3 sp=0x0000006b1d3fd1a8 mode 2
Event: 332.940 Thread 0x0000025f41466150 DEOPT PACKING pc=0x0000025f71514699 sp=0x0000006b198fa570
Event: 332.940 Thread 0x0000025f41466150 DEOPT UNPACKING pc=0x0000025f77947143 sp=0x0000006b198f9a50 mode 0
Event: 333.054 Thread 0x0000025f41466150 DEOPT PACKING pc=0x0000025f71f1ea51 sp=0x0000006b198fa500
Event: 333.054 Thread 0x0000025f41466150 DEOPT UNPACKING pc=0x0000025f77947143 sp=0x0000006b198f99f8 mode 0
Event: 333.059 Thread 0x0000025f53f3b000 Uncommon trap: trap_request=0xffffff45 fr.pc=0x0000025f7b77b47c relative=0x000000000000139c
Event: 333.059 Thread 0x0000025f53f3b000 Uncommon trap: reason=unstable_if action=reinterpret pc=0x0000025f7b77b47c method=com.android.tools.r8.naming.e0.a(Lcom/android/tools/r8/graph/J2;Lcom/android/tools/r8/graph/z2;)Z @ 27 c2
Event: 333.059 Thread 0x0000025f53f3b000 DEOPT PACKING pc=0x0000025f7b77b47c sp=0x0000006b1d3fd7c0
Event: 333.059 Thread 0x0000025f53f3b000 DEOPT UNPACKING pc=0x0000025f779469a3 sp=0x0000006b1d3fd780 mode 2

Classes loaded (20 events):
Event: 323.713 Loading class java/io/MYAPP_UPLOAD_KEY_ALIAS
Event: 323.713 Loading class java/io/MYAPP_UPLOAD_KEY_ALIAS done
Event: 323.713 Loading class java/net/MYAPP_UPLOAD_KEY_ALIAS
Event: 323.713 Loading class java/net/MYAPP_UPLOAD_KEY_ALIAS done
Event: 323.718 Loading class java/lang/MYAPP_UPLOAD_KEY_PASSWORD
Event: 323.718 Loading class java/lang/MYAPP_UPLOAD_KEY_PASSWORD done
Event: 323.718 Loading class java/util/MYAPP_UPLOAD_KEY_PASSWORD
Event: 323.718 Loading class java/util/MYAPP_UPLOAD_KEY_PASSWORD done
Event: 323.719 Loading class java/io/MYAPP_UPLOAD_KEY_PASSWORD
Event: 323.719 Loading class java/io/MYAPP_UPLOAD_KEY_PASSWORD done
Event: 323.721 Loading class java/net/MYAPP_UPLOAD_KEY_PASSWORD
Event: 323.721 Loading class java/net/MYAPP_UPLOAD_KEY_PASSWORD done
Event: 324.043 Loading class java/lang/Copy
Event: 324.043 Loading class java/lang/Copy done
Event: 324.044 Loading class java/util/Copy
Event: 324.044 Loading class java/util/Copy done
Event: 324.044 Loading class java/io/Copy
Event: 324.044 Loading class java/io/Copy done
Event: 324.044 Loading class java/net/Copy
Event: 324.044 Loading class java/net/Copy done

Classes unloaded (20 events):
Event: 333.121 Thread 0x0000025f7fcdfc80 Unloading class 0x0000025f0ee80000 'androidx/fragment/lint/UnsafeFragmentLifecycleObserverDetector'
Event: 333.121 Thread 0x0000025f7fcdfc80 Unloading class 0x0000025f0ee7e498 'androidx/fragment/lint/FragmentTagDetector$Companion'
Event: 333.121 Thread 0x0000025f7fcdfc80 Unloading class 0x0000025f0ee7e000 'androidx/fragment/lint/FragmentTagDetector'
Event: 333.121 Thread 0x0000025f7fcdfc80 Unloading class 0x0000025f0ee7c400 'androidx/fragment/lint/FragmentIssueRegistry'
Event: 333.121 Thread 0x0000025f7fcdfc80 Unloading class 0x0000025f0ee83668 'androidx/fragment/lint/AttachAndDetachInSameTransactionDetector$Issues'
Event: 333.121 Thread 0x0000025f7fcdfc80 Unloading class 0x0000025f0ee83150 'androidx/fragment/lint/AttachAndDetachInSameTransactionDetector'
Event: 333.121 Thread 0x0000025f7fcdfc80 Unloading class 0x0000025f0ee82f50 'androidx/fragment/lint/UnsafeRepeatOnLifecycleDetector$Companion'
Event: 333.121 Thread 0x0000025f7fcdfc80 Unloading class 0x0000025f0ee82a30 'androidx/fragment/lint/UnsafeRepeatOnLifecycleDetector'
Event: 333.121 Thread 0x0000025f7fcdfc80 Unloading class 0x0000025f0ee7fd18 'androidx/fragment/lint/OnCreateDialogIncorrectCallbackDetector$Issues'
Event: 333.121 Thread 0x0000025f7fcdfc80 Unloading class 0x0000025f0ee82518 'androidx/fragment/lint/OnCreateDialogIncorrectCallbackDetector'
Event: 333.121 Thread 0x0000025f7fcdfc80 Unloading class 0x0000025f0ee7fb18 'androidx/fragment/lint/UseGetLayoutInflater$Issues'
Event: 333.121 Thread 0x0000025f7fcdfc80 Unloading class 0x0000025f0ee82000 'androidx/fragment/lint/UseGetLayoutInflater'
Event: 333.121 Thread 0x0000025f7fcdfc80 Unloading class 0x0000025f0ee7f918 'androidx/fragment/lint/UseRequireInsteadOfGetKt'
Event: 333.121 Thread 0x0000025f7fcdfc80 Unloading class 0x0000025f0ee7f718 'androidx/fragment/lint/UseRequireInsteadOfGet$Companion'
Event: 333.121 Thread 0x0000025f7fcdfc80 Unloading class 0x0000025f0ee7f200 'androidx/fragment/lint/UseRequireInsteadOfGet'
Event: 333.121 Thread 0x0000025f7fcdfc80 Unloading class 0x0000025f0ee7f000 'androidx/fragment/lint/UnsafeFragmentLifecycleObserverDetector$Issues'
Event: 333.121 Thread 0x0000025f7fcdfc80 Unloading class 0x0000025f0ee7da00 'androidx/fragment/lint/UnsafeFragmentLifecycleObserverDetector'
Event: 333.121 Thread 0x0000025f7fcdfc80 Unloading class 0x0000025f0ee7d800 'androidx/fragment/lint/FragmentTagDetector$Companion'
Event: 333.121 Thread 0x0000025f7fcdfc80 Unloading class 0x0000025f0ee7ca60 'androidx/fragment/lint/FragmentTagDetector'
Event: 333.121 Thread 0x0000025f7fcdfc80 Unloading class 0x0000025f0ee7c800 'androidx/fragment/lint/FragmentIssueRegistry'

Classes redefined (0 events):
No events

Internal exceptions (20 events):
Event: 333.057 Thread 0x0000025f41466150 Exception <a 'sun/nio/fs/WindowsException'{0x0000000797998530}> (0x0000000797998530) 
thrown [s\src\hotspot\share\prims\jni.cpp, line 516]
Event: 333.060 Thread 0x0000025f41466150 Exception <a 'sun/nio/fs/WindowsException'{0x00000007979b0f98}> (0x00000007979b0f98) 
thrown [s\src\hotspot\share\prims\jni.cpp, line 516]
Event: 333.062 Thread 0x0000025f41466150 Exception <a 'sun/nio/fs/WindowsException'{0x00000007979d41b8}> (0x00000007979d41b8) 
thrown [s\src\hotspot\share\prims\jni.cpp, line 516]
Event: 333.065 Thread 0x0000025f41466150 Exception <a 'sun/nio/fs/WindowsException'{0x00000007976c9408}> (0x00000007976c9408) 
thrown [s\src\hotspot\share\prims\jni.cpp, line 516]
Event: 333.067 Thread 0x0000025f41466150 Exception <a 'sun/nio/fs/WindowsException'{0x00000007976e7700}> (0x00000007976e7700) 
thrown [s\src\hotspot\share\prims\jni.cpp, line 516]
Event: 333.070 Thread 0x0000025f41466150 Exception <a 'sun/nio/fs/WindowsException'{0x00000007977c61e0}> (0x00000007977c61e0) 
thrown [s\src\hotspot\share\prims\jni.cpp, line 516]
Event: 333.072 Thread 0x0000025f41466150 Exception <a 'sun/nio/fs/WindowsException'{0x00000007977e8cd8}> (0x00000007977e8cd8) 
thrown [s\src\hotspot\share\prims\jni.cpp, line 516]
Event: 333.074 Thread 0x0000025f41466150 Exception <a 'sun/nio/fs/WindowsException'{0x00000007974ce7a8}> (0x00000007974ce7a8) 
thrown [s\src\hotspot\share\prims\jni.cpp, line 516]
Event: 333.076 Thread 0x0000025f41466150 Exception <a 'sun/nio/fs/WindowsException'{0x00000007974f12e0}> (0x00000007974f12e0) 
thrown [s\src\hotspot\share\prims\jni.cpp, line 516]
Event: 333.079 Thread 0x0000025f41466150 Exception <a 'sun/nio/fs/WindowsException'{0x00000007975cf268}> (0x00000007975cf268) 
thrown [s\src\hotspot\share\prims\jni.cpp, line 516]
Event: 333.081 Thread 0x0000025f41466150 Exception <a 'sun/nio/fs/WindowsException'{0x00000007975fc470}> (0x00000007975fc470) 
thrown [s\src\hotspot\share\prims\jni.cpp, line 516]
Event: 333.084 Thread 0x0000025f41466150 Exception <a 'sun/nio/fs/WindowsException'{0x000000079721ab10}> (0x000000079721ab10) 
thrown [s\src\hotspot\share\prims\jni.cpp, line 516]
Event: 333.086 Thread 0x0000025f41466150 Exception <a 'sun/nio/fs/WindowsException'{0x00000007972ee528}> (0x00000007972ee528) 
thrown [s\src\hotspot\share\prims\jni.cpp, line 516]
Event: 333.089 Thread 0x0000025f41466150 Exception <a 'sun/nio/fs/WindowsException'{0x00000007973cc3d0}> (0x00000007973cc3d0) 
thrown [s\src\hotspot\share\prims\jni.cpp, line 516]
Event: 333.090 Thread 0x0000025f41466150 Exception <a 'sun/nio/fs/WindowsException'{0x00000007973d74e0}> (0x00000007973d74e0) 
thrown [s\src\hotspot\share\prims\jni.cpp, line 516]
Event: 333.093 Thread 0x0000025f41466150 Exception <a 'sun/nio/fs/WindowsException'{0x00000007970d52b0}> (0x00000007970d52b0) 
thrown [s\src\hotspot\share\prims\jni.cpp, line 516]
Event: 333.095 Thread 0x0000025f41466150 Exception <a 'sun/nio/fs/WindowsException'{0x00000007971b2e60}> (0x00000007971b2e60) 
thrown [s\src\hotspot\share\prims\jni.cpp, line 516]
Event: 333.097 Thread 0x0000025f41466150 Exception <a 'sun/nio/fs/WindowsException'{0x00000007971cc3d8}> (0x00000007971cc3d8) 
thrown [s\src\hotspot\share\prims\jni.cpp, line 516]
Event: 333.099 Thread 0x0000025f41466150 Exception <a 'sun/nio/fs/WindowsException'{0x00000007971e1a20}> (0x00000007971e1a20) 
thrown [s\src\hotspot\share\prims\jni.cpp, line 516]
Event: 333.120 Thread 0x0000025f41466150 Exception <a 'sun/nio/fs/WindowsException'{0x000000079eadc970}> (0x000000079eadc970) 
thrown [s\src\hotspot\share\prims\jni.cpp, line 516]

VM Operations (20 events):
Event: 331.223 Executing VM operation: G1CollectForAllocation done
Event: 331.526 Executing VM operation: G1CollectForAllocation
Event: 331.543 Executing VM operation: G1CollectForAllocation done
Event: 331.812 Executing VM operation: G1CollectForAllocation
Event: 331.829 Executing VM operation: G1CollectForAllocation done
Event: 331.978 Executing VM operation: G1CollectForAllocation
Event: 331.987 Executing VM operation: G1CollectForAllocation done
Event: 332.039 Executing VM operation: HandshakeAllThreads
Event: 332.039 Executing VM operation: HandshakeAllThreads done
Event: 332.040 Executing VM operation: HandshakeAllThreads
Event: 332.040 Executing VM operation: HandshakeAllThreads done
Event: 332.238 Executing VM operation: G1CollectForAllocation
Event: 332.251 Executing VM operation: G1CollectForAllocation done
Event: 332.261 Executing VM operation: HandshakeAllThreads
Event: 332.264 Executing VM operation: HandshakeAllThreads done
Event: 332.546 Executing VM operation: G1CollectForAllocation
Event: 332.555 Executing VM operation: G1CollectForAllocation done
Event: 333.099 Executing VM operation: G1CollectForAllocation
Event: 333.117 Executing VM operation: G1CollectForAllocation done
Event: 333.120 Executing VM operation: G1PauseRemark

Memory protections (0 events):
No events

Nmethod flushes (20 events):
Event: 332.371 Thread 0x0000025f7fd17330 flushing  nmethod 0x0000025f77645090
Event: 332.372 Thread 0x0000025f7fd17330 flushing  nmethod 0x0000025f77692490
Event: 332.372 Thread 0x0000025f7fd17330 flushing  nmethod 0x0000025f776f1a10
Event: 332.372 Thread 0x0000025f7fd17330 flushing  nmethod 0x0000025f776f6790
Event: 332.372 Thread 0x0000025f7fd17330 flushing  nmethod 0x0000025f776fc410
Event: 332.372 Thread 0x0000025f7fd17330 flushing  nmethod 0x0000025f77733210
Event: 332.372 Thread 0x0000025f7fd17330 flushing  nmethod 0x0000025f7774a910
Event: 332.372 Thread 0x0000025f7fd17330 flushing  nmethod 0x0000025f77765c90
Event: 332.372 Thread 0x0000025f7fd17330 flushing  nmethod 0x0000025f77777090
Event: 332.372 Thread 0x0000025f7fd17330 flushing  nmethod 0x0000025f7777ea90
Event: 332.372 Thread 0x0000025f7fd17330 flushing  nmethod 0x0000025f777cf610
Event: 332.372 Thread 0x0000025f7fd17330 flushing  nmethod 0x0000025f777e0190
Event: 332.372 Thread 0x0000025f7fd17330 flushing  nmethod 0x0000025f777e7f10
Event: 332.372 Thread 0x0000025f7fd17330 flushing  nmethod 0x0000025f77810490
Event: 332.373 Thread 0x0000025f7fd17330 flushing  nmethod 0x0000025f7784e790
Event: 332.373 Thread 0x0000025f7fd17330 flushing  nmethod 0x0000025f77853d90
Event: 332.373 Thread 0x0000025f7fd17330 flushing  nmethod 0x0000025f77893490
Event: 332.373 Thread 0x0000025f7fd17330 flushing  nmethod 0x0000025f778cbc90
Event: 332.373 Thread 0x0000025f7fd17330 flushing  nmethod 0x0000025f778cc090
Event: 332.373 Thread 0x0000025f7fd17330 flushing  nmethod 0x0000025f778cc790

Events (20 events):
Event: 301.781 Thread 0x0000025f4717cf50 Thread exited: 0x0000025f4717cf50
Event: 301.781 Thread 0x0000025f471801f0 Thread exited: 0x0000025f471801f0
Event: 301.781 Thread 0x0000025f4717f7d0 Thread exited: 0x0000025f4717f7d0
Event: 301.781 Thread 0x0000025f53f39bc0 Thread exited: 0x0000025f53f39bc0
Event: 301.781 Thread 0x0000025f53f38780 Thread exited: 0x0000025f53f38780
Event: 301.784 Thread 0x0000025f4717ca40 Thread exited: 0x0000025f4717ca40
Event: 301.784 Thread 0x0000025f4717e8a0 Thread exited: 0x0000025f4717e8a0
Event: 301.789 Thread 0x0000025f4717d970 Thread exited: 0x0000025f4717d970
Event: 301.801 Thread 0x0000025f4717bb10 Thread exited: 0x0000025f4717bb10
Event: 301.803 Thread 0x0000025f4717b600 Thread exited: 0x0000025f4717b600
Event: 302.698 Thread 0x0000025f63142af0 Thread exited: 0x0000025f63142af0
Event: 303.461 Thread 0x0000025f53f33b90 Thread added: 0x0000025f821ceed0
Event: 305.603 Thread 0x0000025f471746a0 Thread exited: 0x0000025f471746a0
Event: 313.878 Thread 0x0000025f53f37850 Thread added: 0x0000025f5f493e20
Event: 316.024 Thread 0x0000025f53f37d60 Thread exited: 0x0000025f53f37d60
Event: 319.571 Thread 0x0000025f821ceed0 Thread added: 0x0000025f5d7fa890
Event: 321.717 Thread 0x0000025f53f33b90 Thread exited: 0x0000025f53f33b90
Event: 327.443 Thread 0x0000025f65fd5a10 Thread added: 0x0000025f5d4afc60
Event: 329.620 Thread 0x0000025f5f493e20 Thread exited: 0x0000025f5f493e20
Event: 332.265 Thread 0x0000025f5d4afc60 Thread added: 0x0000025f821cf3e0


Dynamic libraries:
0x00007ff625c70000 - 0x00007ff625c7e000 	C:\Program Files\Microsoft\jdk-17.0.15.6-hotspot\bin\java.exe
0x00007ffe66880000 - 0x00007ffe66ae7000 	C:\WINDOWS\SYSTEM32\ntdll.dll
0x00007ffe660b0000 - 0x00007ffe6617a000 	C:\WINDOWS\System32\KERNEL32.DLL
0x00007ffe63bd0000 - 0x00007ffe63fd2000 	C:\WINDOWS\System32\KERNELBASE.dll
0x00007ffe64140000 - 0x00007ffe6428c000 	C:\WINDOWS\System32\ucrtbase.dll
0x00007ffe44d10000 - 0x00007ffe44d2d000 	C:\Program Files\Microsoft\jdk-17.0.15.6-hotspot\bin\VCRUNTIME140.dll
0x00007ffe59900000 - 0x00007ffe59917000 	C:\Program Files\Microsoft\jdk-17.0.15.6-hotspot\bin\jli.dll
0x00007ffe66190000 - 0x00007ffe6635f000 	C:\WINDOWS\System32\USER32.dll
0x00007ffe64110000 - 0x00007ffe64137000 	C:\WINDOWS\System32\win32u.dll
0x00007ffe445f0000 - 0x00007ffe44880000 	C:\WINDOWS\WinSxS\amd64_microsoft.windows.common-controls_6595b64144ccf1df_6.0.26100.9278_none_3e0d1ba8e3303201\COMCTL32.dll
0x00007ffe66510000 - 0x00007ffe6653b000 	C:\WINDOWS\System32\GDI32.dll
0x00007ffe65310000 - 0x00007ffe653b9000 	C:\WINDOWS\System32\msvcrt.dll
0x00007ffe63fe0000 - 0x00007ffe64109000 	C:\WINDOWS\System32\gdi32full.dll
0x00007ffe63a90000 - 0x00007ffe63b33000 	C:\WINDOWS\System32\msvcp_win.dll
0x00007ffe663d0000 - 0x00007ffe66401000 	C:\WINDOWS\System32\IMM32.DLL
0x00007ffe590d0000 - 0x00007ffe590dc000 	C:\Program Files\Microsoft\jdk-17.0.15.6-hotspot\bin\vcruntime140_1.dll
0x00007ffe09570000 - 0x00007ffe095fd000 	C:\Program Files\Microsoft\jdk-17.0.15.6-hotspot\bin\msvcp140.dll
0x00007ffd905b0000 - 0x00007ffd91222000 	C:\Program Files\Microsoft\jdk-17.0.15.6-hotspot\bin\server\jvm.dll
0x00007ffe65a70000 - 0x00007ffe65b2c000 	C:\WINDOWS\System32\ADVAPI32.dll
0x00007ffe65260000 - 0x00007ffe65309000 	C:\WINDOWS\System32\sechost.dll
0x00007ffe665b0000 - 0x00007ffe666c8000 	C:\WINDOWS\System32\RPCRT4.dll
0x00007ffe647e0000 - 0x00007ffe64860000 	C:\WINDOWS\System32\WS2_32.dll
0x00007ffe63180000 - 0x00007ffe631de000 	C:\WINDOWS\SYSTEM32\POWRPROF.dll
0x00007ffe51790000 - 0x00007ffe517c6000 	C:\WINDOWS\SYSTEM32\WINMM.dll
0x00007ffe57540000 - 0x00007ffe5754b000 	C:\WINDOWS\SYSTEM32\VERSION.dll
0x00007ffe630e0000 - 0x00007ffe630f5000 	C:\WINDOWS\SYSTEM32\UMPDC.dll
0x00007ffe62750000 - 0x00007ffe6276b000 	C:\WINDOWS\SYSTEM32\kernel.appcore.dll
0x00007ffe58530000 - 0x00007ffe5853a000 	C:\Program Files\Microsoft\jdk-17.0.15.6-hotspot\bin\jimage.dll
0x00007ffe60d00000 - 0x00007ffe60f42000 	C:\WINDOWS\SYSTEM32\DBGHELP.DLL
0x00007ffe65c40000 - 0x00007ffe65fc4000 	C:\WINDOWS\System32\combase.dll
0x00007ffe65fd0000 - 0x00007ffe660a9000 	C:\WINDOWS\System32\OLEAUT32.dll
0x00007ffe40880000 - 0x00007ffe408bb000 	C:\WINDOWS\SYSTEM32\dbgcore.DLL
0x00007ffe64360000 - 0x00007ffe6440c000 	C:\WINDOWS\System32\bcryptPrimitives.dll
0x00007ffe40450000 - 0x00007ffe4045e000 	C:\Program Files\Microsoft\jdk-17.0.15.6-hotspot\bin\instrument.dll
0x00007ffe39ba0000 - 0x00007ffe39bc5000 	C:\Program Files\Microsoft\jdk-17.0.15.6-hotspot\bin\java.dll
0x00007ffdfbb10000 - 0x00007ffdfbbe6000 	C:\Program Files\Microsoft\jdk-17.0.15.6-hotspot\bin\jsvml.dll
0x00007ffe64ac0000 - 0x00007ffe65258000 	C:\WINDOWS\System32\SHELL32.dll
0x00007ffe61370000 - 0x00007ffe61c1e000 	C:\WINDOWS\SYSTEM32\windows.storage.dll
0x00007ffe66410000 - 0x00007ffe6650b000 	C:\WINDOWS\System32\SHCORE.dll
0x00007ffe66540000 - 0x00007ffe665a6000 	C:\WINDOWS\System32\shlwapi.dll
0x00007ffe639b0000 - 0x00007ffe639d9000 	C:\WINDOWS\SYSTEM32\profapi.dll
0x00007ffe3fb00000 - 0x00007ffe3fb18000 	C:\Program Files\Microsoft\jdk-17.0.15.6-hotspot\bin\zip.dll
0x00007ffe419a0000 - 0x00007ffe419ba000 	C:\Program Files\Microsoft\jdk-17.0.15.6-hotspot\bin\net.dll
0x00007ffe58e70000 - 0x00007ffe58f9a000 	C:\WINDOWS\SYSTEM32\WINHTTP.dll
0x00007ffe62d90000 - 0x00007ffe62dfc000 	C:\WINDOWS\system32\mswsock.dll
0x00007ffe407a0000 - 0x00007ffe407b6000 	C:\Program Files\Microsoft\jdk-17.0.15.6-hotspot\bin\nio.dll
0x00007ffe419e0000 - 0x00007ffe419f0000 	C:\Program Files\Microsoft\jdk-17.0.15.6-hotspot\bin\verify.dll
0x00007ffdd4850000 - 0x00007ffdd4877000 	C:\Users\satej\.gradle\native\660c5614fbf4a5f2a75b1949f50a0caf5cd603558e7d8a26e50b933a0cfb79d1\windows-amd64\native-platform.dll
0x00007ffdf5280000 - 0x00007ffdf52f7000 	C:\Users\satej\.gradle\native\0.2.8\x86_64-windows-gnu\gradle-fileevents.dll
0x00007ffe582a0000 - 0x00007ffe582aa000 	C:\Program Files\Microsoft\jdk-17.0.15.6-hotspot\bin\management.dll
0x00007ffe42dd0000 - 0x00007ffe42ddb000 	C:\Program Files\Microsoft\jdk-17.0.15.6-hotspot\bin\management_ext.dll
0x00007ffe66770000 - 0x00007ffe66778000 	C:\WINDOWS\System32\PSAPI.DLL
0x00007ffe62110000 - 0x00007ffe62143000 	C:\WINDOWS\SYSTEM32\IPHLPAPI.DLL
0x00007ffe66180000 - 0x00007ffe6618a000 	C:\WINDOWS\System32\NSI.dll
0x00007ffe5a820000 - 0x00007ffe5a83d000 	C:\WINDOWS\SYSTEM32\dhcpcsvc6.DLL
0x00007ffe5a770000 - 0x00007ffe5a795000 	C:\WINDOWS\SYSTEM32\dhcpcsvc.DLL
0x00007ffe62150000 - 0x00007ffe622a8000 	C:\WINDOWS\SYSTEM32\DNSAPI.dll
0x00007ffe62b60000 - 0x00007ffe62b6d000 	C:\WINDOWS\SYSTEM32\DSPARSE.dll
0x00007ffe41c50000 - 0x00007ffe41c59000 	C:\Program Files\Microsoft\jdk-17.0.15.6-hotspot\bin\extnet.dll
0x00007ffe630a0000 - 0x00007ffe630bb000 	C:\WINDOWS\SYSTEM32\CRYPTSP.dll
0x00007ffe626b0000 - 0x00007ffe626e9000 	C:\WINDOWS\system32\rsaenh.dll
0x00007ffe62e40000 - 0x00007ffe62e74000 	C:\WINDOWS\SYSTEM32\USERENV.dll
0x00007ffe63980000 - 0x00007ffe639aa000 	C:\WINDOWS\SYSTEM32\bcrypt.dll
0x00007ffe630c0000 - 0x00007ffe630cc000 	C:\WINDOWS\SYSTEM32\CRYPTBASE.dll
0x00007ffe3fcf0000 - 0x00007ffe3fcfe000 	C:\Program Files\Microsoft\jdk-17.0.15.6-hotspot\bin\sunmscapi.dll
0x00007ffe64420000 - 0x00007ffe6459e000 	C:\WINDOWS\System32\CRYPT32.dll
0x00007ffe63370000 - 0x00007ffe633a0000 	C:\WINDOWS\SYSTEM32\ncrypt.dll
0x00007ffe63320000 - 0x00007ffe6335f000 	C:\WINDOWS\SYSTEM32\NTASN1.dll
0x00007ffe28690000 - 0x00007ffe28698000 	C:\WINDOWS\system32\wshunix.dll
0x00007ffe3f920000 - 0x00007ffe3f927000 	C:\Program Files\Microsoft\jdk-17.0.15.6-hotspot\bin\rmi.dll
0x00007ffe628f0000 - 0x00007ffe62926000 	C:\WINDOWS\SYSTEM32\ntmarta.dll
0x00007ffdc3d50000 - 0x00007ffdc3ee0000 	C:\Program Files\Microsoft\jdk-17.0.15.6-hotspot\bin\awt.dll
0x00007ffe60450000 - 0x00007ffe604ef000 	C:\WINDOWS\SYSTEM32\apphelp.dll
0x00007ffe60620000 - 0x00007ffe606c7000 	C:\WINDOWS\system32\uxtheme.dll
0x00007ffe64960000 - 0x00007ffe64abb000 	C:\WINDOWS\System32\MSCTF.dll
0x00007ffe653c0000 - 0x00007ffe65559000 	C:\WINDOWS\System32\ole32.dll
0x00007ffe58290000 - 0x00007ffe5829b000 	C:\Windows\System32\rasadhlp.dll
0x00007ffe5ce30000 - 0x00007ffe5ceb6000 	C:\WINDOWS\System32\fwpuclnt.dll

dbghelp: loaded successfully - version: 4.0.5 - missing functions: none
symbol engine: initialized successfully - sym options: 0x614 - pdb path: .;C:\Program Files\Microsoft\jdk-17.0.15.6-hotspot\bin;C:\WINDOWS\SYSTEM32;C:\WINDOWS\WinSxS\amd64_microsoft.windows.common-controls_6595b64144ccf1df_6.0.26100.9278_none_3e0d1ba8e3303201;C:\Program Files\Microsoft\jdk-17.0.15.6-hotspot\bin\server;C:\Users\satej\.gradle\native\660c5614fbf4a5f2a75b1949f50a0caf5cd603558e7d8a26e50b933a0cfb79d1\windows-amd64;C:\Users\satej\.gradle\native\0.2.8\x86_64-windows-gnu

VM Arguments:
jvm_args: --add-opens=java.base/java.lang=ALL-UNNAMED --add-opens=java.base/java.lang.invoke=ALL-UNNAMED --add-opens=java.base/java.util=ALL-UNNAMED --add-opens=java.prefs/java.util.prefs=ALL-UNNAMED --add-exports=jdk.compiler/com.sun.tools.javac.api=ALL-UNNAMED --add-exports=jdk.compiler/com.sun.tools.javac.util=ALL-UNNAMED --add-opens=java.base/java.util=ALL-UNNAMED --add-opens=java.prefs/java.util.prefs=ALL-UNNAMED --add-opens=java.base/java.nio.charset=ALL-UNNAMED --add-opens=java.base/java.net=ALL-UNNAMED --add-opens=java.base/java.util.concurrent=ALL-UNNAMED --add-opens=java.base/java.util.concurrent.atomic=ALL-UNNAMED --add-opens=java.xml/javax.xml.namespace=ALL-UNNAMED --add-opens=java.base/java.time=ALL-UNNAMED -XX:MaxMetaspaceSize=1024m -Xmx4096m -Dfile.encoding=windows-1252 -Duser.country=IN -Duser.language=en -Duser.variant -javaagent:C:\Users\satej\.gradle\wrapper\dists\gradle-9.3.1-bin\23ovyewtku6u96viwx3xl3oks\gradle-9.3.1\lib\agents\gradle-instrumentation-agent-9.3.1.jar 
java_command: org.gradle.launcher.daemon.bootstrap.GradleDaemon 9.3.1
java_class_path (initial): C:\Users\satej\.gradle\wrapper\dists\gradle-9.3.1-bin\23ovyewtku6u96viwx3xl3oks\gradle-9.3.1\lib\gradle-daemon-main-9.3.1.jar
Launcher Type: SUN_STANDARD

[Global flags]
     intx CICompilerCount                          = 4                                         {product} {ergonomic}
   size_t CompressedClassSpaceSize                 = 872415232                                 {product} {ergonomic}
     uint ConcGCThreads                            = 3                                         {product} {ergonomic}
     uint G1ConcRefinementThreads                  = 10                                        {product} {ergonomic}
   size_t G1HeapRegionSize                         = 2097152                                   {product} {ergonomic}
    uintx GCDrainStackTargetSize                   = 64                                        {product} {ergonomic}
   size_t InitialHeapSize                          = 264241152                                 {product} {ergonomic}
   size_t MarkStackSize                            = 4194304                                   {product} {ergonomic}
   size_t MaxHeapSize                              = 4294967296                                {product} {command line}
   size_t MaxMetaspaceSize                         = 1073741824                                {product} {command line}
   size_t MaxNewSize                               = 2575302656                                {product} {ergonomic}
   size_t MinHeapDeltaBytes                        = 2097152                                   {product} {ergonomic}
   size_t MinHeapSize                              = 8388608                                   {product} {ergonomic}
    uintx NonNMethodCodeHeapSize                   = 5839372                                {pd product} {ergonomic}
    uintx NonProfiledCodeHeapSize                  = 122909434                              {pd product} {ergonomic}
    uintx ProfiledCodeHeapSize                     = 122909434                              {pd product} {ergonomic}
    uintx ReservedCodeCacheSize                    = 251658240                              {pd product} {ergonomic}
     bool SegmentedCodeCache                       = true                                      {product} {ergonomic}
   size_t SoftMaxHeapSize                          = 4294967296                             {manageable} {ergonomic}
     bool UseCompressedClassPointers               = true                           {product lp64_product} {ergonomic}
     bool UseCompressedOops                        = true                           {product lp64_product} {ergonomic}
     bool UseG1GC                                  = true                                      {product} {ergonomic}
     bool UseLargePagesIndividualAllocation        = false                                  {pd product} {ergonomic}

Logging:
Log output configuration:
 #0: stdout all=warning uptime,level,tags
 #1: stderr all=off uptime,level,tags

Environment Variables:
JAVA_HOME=C:\Program Files\Microsoft\jdk-17.0.15.6-hotspot
PATH=c:\Users\satej\AppData\Roaming\Code\User\globalStorage\github.copilot-chat\debugCommand;c:\Users\satej\AppData\Roaming\Code\User\globalStorage\github.copilot-chat\copilotCli;C:\Python314\Scripts\;C:\Python314\;C:\Program Files\Microsoft\jdk-17.0.15.6-hotspot\bin;C:\ProgramData\chocolatey\bin;C:\Users\satej\AppData\Local\Android\Sdk\emulator;C:\Program Files\Git\cmd;C:\Windows\System32;C:\Windows\System32\OpenSSH\;C:\Program Files\Docker\Docker\resources\bin;C:\Program Files\Microsoft SQL Server\Client SDK\ODBC\130\Tools\Binn\;C:\Program Files\Microsoft SQL Server\140\DTS\Binn\;C:\Program Files\Microsoft SQL Server\140\Tools\Binn\;C:\Program Files\Microsoft SQL Server\150\Tools\Binn\;C:\Program Files\Microsoft SQL Server\Client SDK\ODBC\170\Tools\Binn\;C:\Program Files\dotnet\;C:\Program Files\CMake\bin;C:\Program Files\Microsoft SQL Server\170\Tools\Binn\;C:\Program Files\cursor\resources\app\bin;C:\msys64\mingw64\bin;C:\Program Files\nodejs\;C:\Users\satej\AppData\Local\Programs\Python\Python310\Scripts\;C:\Users\satej\AppData\Local\Programs\Python\Python310\;C:\Users\satej\AppData\Local\Programs\Python\Python312\Scripts\;C:\Users\satej\AppData\Local\Programs\Python\Python312\;C:\Users\satej\AppData\Local\Programs\Python\Python311\Scripts\;C:\Users\satej\AppData\Local\Programs\Python\Python311\;C:\Users\satej\AppData\Local\Programs\Python\Python313\Scripts\;C:\Users\satej\AppData\Local\Programs\Python\Python313\;C:\Users\satej\AppData\Local\Microsoft\WindowsApps;C:\Users\satej\AppData\Local\Programs\Microsoft VS Code\bin;C:\Users\satej\AppData\Local\Android\Sdk;C:\Users\satej\AppData\Local\Android\Sdk\platform-tools;C:\Users\satej\Downloads\flutter_windows_3.24.3-stable\flutter\bin;C:\Program Files\JetBrains\PyCharm Community Edition 2024.3.1.1\bin;;C:\Program Files\JetBrains\IntelliJ IDEA Community Edition 2024.3.2\bin;;C:\Program Files\Microsoft\jdk-17.0.15.6-hotspot\;C:\Program Files\Git\cmd;C:\Users\satej\.dotnet\tools;C:\Users\satej\AppData\Local\Microsoft\WinGet\Packages\yt-dlp.FFmpeg_Microsoft.Winget.Source_8wekyb3d8bbwe\ffmpeg-N-121271-g74115b017c-win64-gpl/bin;C:\Users\satej\AppData\Local\Microsoft\WinGet\Packages\yt-dlp.yt-dlp_Microsoft.Winget.Source_8wekyb3d8bbwe;C:\Users\satej\AppData\Roaming\npm;c:\Users\satej\.vscode\extensions\vscjava.vscode-java-debug-0.59.0\bundled\scripts\noConfigScripts
USERNAME=satej
LANG=en_US.UTF-8
OS=Windows_NT
PROCESSOR_IDENTIFIER=Intel64 Family 6 Model 154 Stepping 3, GenuineIntel
TMP=C:\Users\satej\AppData\Local\Temp
TEMP=C:\Users\satej\AppData\Local\Temp



Periodic native trim disabled


---------------  S Y S T E M  ---------------

OS:
 Windows 11 , 64 bit Build 26100 (10.0.26100.9278)
OS uptime: 1 days 17:26 hours
Hyper-V role detected

CPU: total 12 (initial active 12) (6 cores per cpu, 2 threads per core) family 6 model 154 stepping 3 microcode 0x434, cx8, cmov, fxsr, ht, mmx, 3dnowpref, sse, sse2, sse3, ssse3, sse4.1, sse4.2, popcnt, lzcnt, tsc, tscinvbit, avx, avx2, aes, erms, clmul, bmi1, bmi2, adx, sha, fma, vzeroupper, clflush, clflushopt, clwb, hv
Processor Information for processor 0
  Max Mhz: 2000, Current Mhz: 2000, Mhz Limit: 2000
Processor Information for processor 1
  Max Mhz: 2000, Current Mhz: 2000, Mhz Limit: 2000
Processor Information for processor 2
  Max Mhz: 2000, Current Mhz: 2000, Mhz Limit: 2000
Processor Information for processor 3
  Max Mhz: 2000, Current Mhz: 2000, Mhz Limit: 2000
Processor Information for processor 4
  Max Mhz: 2000, Current Mhz: 2000, Mhz Limit: 2000
Processor Information for processor 5
  Max Mhz: 2000, Current Mhz: 2000, Mhz Limit: 2000
Processor Information for processor 6
  Max Mhz: 2000, Current Mhz: 2000, Mhz Limit: 2000
Processor Information for processor 7
  Max Mhz: 2000, Current Mhz: 2000, Mhz Limit: 2000
Processor Information for processor 8
  Max Mhz: 2000, Current Mhz: 1466, Mhz Limit: 2000
Processor Information for processor 9
  Max Mhz: 2000, Current Mhz: 2000, Mhz Limit: 2000
Processor Information for processor 10
  Max Mhz: 2000, Current Mhz: 1466, Mhz Limit: 2000
Processor Information for processor 11
  Max Mhz: 2000, Current Mhz: 2000, Mhz Limit: 2000

Memory: 4k page, system-wide physical 16052M (857M free)
TotalPageFile size 35190M (AvailPageFile size 987M)
current process WorkingSet (physical memory assigned to process): 3379M, peak: 3379M
current process commit charge ("private bytes"): 3684M, peak: 4698M

vm_info: OpenJDK 64-Bit Server VM (17.0.15+6-LTS) for windows-amd64 JRE (17.0.15+6-LTS), built on Apr  9 2025 22:27:25 by "MicrosoftCorporation" with unknown MS VC++:1939

END.
