#
# There is insufficient memory for the Java Runtime Environment to continue.
# Native memory allocation (malloc) failed to allocate 1210976 bytes. Error detail: Chunk::new
# Possible reasons:
#   The system is out of physical RAM or swap space
#   This process is running with CompressedOops enabled, and the Java Heap may be blocking the growth of the native heap
# Possible solutions:
#   Reduce memory load on the system
#   Increase physical memory or swap space
#   Check if swap backing store is full
#   Decrease Java heap size (-Xmx/-Xms)
#   Decrease number of Java threads
#   Decrease Java thread stack sizes (-Xss)
#   Set larger code cache with -XX:ReservedCodeCacheSize=
#   JVM is running with Zero Based Compressed Oops mode in which the Java heap is
#     placed in the first 32GB address space. The Java Heap base address is the
#     maximum limit for the native heap growth. Please use -XX:HeapBaseMinAddress
#     to set the Java Heap base and to place the Java Heap above 32GB virtual address.
# This output file may be truncated or incomplete.
#
#  Out of Memory Error (arena.cpp:191), pid=2140, tid=21600
#
# JRE version: OpenJDK Runtime Environment Microsoft-11369865 (17.0.15+6) (build 17.0.15+6-LTS)
# Java VM: OpenJDK 64-Bit Server VM Microsoft-11369865 (17.0.15+6-LTS, mixed mode, sharing, tiered, compressed oops, compressed class ptrs, g1 gc, windows-amd64)
# No core dump will be written. Minidumps are not enabled by default on client versions of Windows
#

---------------  S U M M A R Y ------------

Command Line: --add-opens=java.base/java.lang=ALL-UNNAMED --add-opens=java.base/java.lang.invoke=ALL-UNNAMED --add-opens=java.base/java.util=ALL-UNNAMED --add-opens=java.prefs/java.util.prefs=ALL-UNNAMED --add-exports=jdk.compiler/com.sun.tools.javac.api=ALL-UNNAMED --add-exports=jdk.compiler/com.sun.tools.javac.util=ALL-UNNAMED --add-opens=java.base/java.util=ALL-UNNAMED --add-opens=java.prefs/java.util.prefs=ALL-UNNAMED --add-opens=java.base/java.nio.charset=ALL-UNNAMED --add-opens=java.base/java.net=ALL-UNNAMED --add-opens=java.base/java.util.concurrent=ALL-UNNAMED --add-opens=java.base/java.util.concurrent.atomic=ALL-UNNAMED --add-opens=java.xml/javax.xml.namespace=ALL-UNNAMED --add-opens=java.base/java.time=ALL-UNNAMED -XX:MaxMetaspaceSize=1024m -Xmx4096m -Dfile.encoding=windows-1252 -Duser.country=IN -Duser.language=en -Duser.variant -javaagent:C:\Users\satej\.gradle\wrapper\dists\gradle-9.3.1-bin\23ovyewtku6u96viwx3xl3oks\gradle-9.3.1\lib\agents\gradle-instrumentation-agent-9.3.1.jar org.gradle.launcher.daemon.bootstrap.GradleDaemon 9.3.1

Host: 12th Gen Intel(R) Core(TM) i5-12450H, 12 cores, 15G,  Windows 11 , 64 bit Build 26100 (10.0.26100.9278)
Time: Wed Sep  9 14:00:49 2026 India Standard Time elapsed time: 211.297089 seconds (0d 0h 3m 31s)

---------------  T H R E A D  ---------------

Current thread (0x0000028d7fb127b0):  JavaThread "C2 CompilerThread0" daemon [_thread_in_native, id=21600, stack(0x000000f644d00000,0x000000f644e00000)]


Current CompileTask:
C2: 211297 32903       4       com.android.tools.r8.graph.K3::a (214 bytes)

Stack: [0x000000f644d00000,0x000000f644e00000]
Native frames: (J=compiled Java code, j=interpreted, Vv=VM code, C=native code)
V  [jvm.dll+0x6887a9]
V  [jvm.dll+0x83f5a8]
V  [jvm.dll+0x841053]
V  [jvm.dll+0x8416c3]
V  [jvm.dll+0x2496ef]
V  [jvm.dll+0xad134]
V  [jvm.dll+0xad7cc]
V  [jvm.dll+0x2b0e1f]
V  [jvm.dll+0x58e789]
V  [jvm.dll+0x223972]
V  [jvm.dll+0x223d6f]
V  [jvm.dll+0x21cb10]
V  [jvm.dll+0x219c3b]
V  [jvm.dll+0x1a55f6]
V  [jvm.dll+0x22a39a]
V  [jvm.dll+0x2284db]
V  [jvm.dll+0x7f4e28]
V  [jvm.dll+0x7ef2dc]
V  [jvm.dll+0x687687]
C  [ucrtbase.dll+0x2cd30]
C  [KERNEL32.DLL+0x2ccb7]
C  [ntdll.dll+0xacaec]


---------------  P R O C E S S  ---------------

Threads class SMR info:
_java_thread_list=0x0000028d59130f50, length=247, elements={
0x0000028d6fd70d60, 0x0000028d7fae9d10, 0x0000028d7faea7e0, 0x0000028d7fb08100,
0x0000028d7fb0a9e0, 0x0000028d7fb0b2b0, 0x0000028d7fb0bb80, 0x0000028d7fb127b0,
0x0000028d7fb1b8e0, 0x0000028d7fb3cf40, 0x0000028d7fad8200, 0x0000028d135dadb0,
0x0000028d4e973920, 0x0000028d4da5db90, 0x0000028d13d89060, 0x0000028d4e4c80a0,
0x0000028d4e62a770, 0x0000028d4e62a260, 0x0000028d4e628910, 0x0000028d4e62b190,
0x0000028d4e62bbb0, 0x0000028d4e62ac80, 0x0000028d4e62b6a0, 0x0000028d4e628e20,
0x0000028d4e629330, 0x0000028d4e629840, 0x0000028d51cd3ff0, 0x0000028d51cd5e50,
0x0000028d51cd4a10, 0x0000028d51cd5430, 0x0000028d51cd6360, 0x0000028d51cd35d0,
0x0000028d51cd2bb0, 0x0000028d51cd4500, 0x0000028d522fce00, 0x0000028d522fe240,
0x0000028d522fdd30, 0x0000028d523005b0, 0x0000028d522fe750, 0x0000028d522fec60,
0x0000028d522ffb90, 0x0000028d523000a0, 0x0000028d52300ac0, 0x0000028d522fd310,
0x0000028d52300fd0, 0x0000028d522fd820, 0x0000028d523019f0, 0x0000028d52301f00,
0x0000028d523014e0, 0x0000028d52302410, 0x0000028d52302920, 0x0000028d52302e30,
0x0000028d52303340, 0x0000028d52303850, 0x0000028d52303d60, 0x0000028d4e628400,
0x0000028d4e629d50, 0x0000028d51578af0, 0x0000028d5157c7b0, 0x0000028d51579000,
0x0000028d51579a20, 0x0000028d5157c2a0, 0x0000028d5157ccc0, 0x0000028d5157bd90,
0x0000028d51579510, 0x0000028d5157d1d0, 0x0000028d5157b370, 0x0000028d5157d6e0,
0x0000028d51579f30, 0x0000028d5157dbf0, 0x0000028d5157a440, 0x0000028d5157b880,
0x0000028d5157e100, 0x0000028d5157a950, 0x0000028d5157e610, 0x0000028d5157ae60,
0x0000028d5157eb20, 0x0000028d50d13ef0, 0x0000028d50d10c50, 0x0000028d50d14910,
0x0000028d50d12fc0, 0x0000028d50d11160, 0x0000028d50d14e20, 0x0000028d50d134d0,
0x0000028d50d125a0, 0x0000028d50d11670, 0x0000028d50d11b80, 0x0000028d50d12090,
0x0000028d50d16c80, 0x0000028d50d180c0, 0x0000028d50d176a0, 0x0000028d50d17190,
0x0000028d50d15d50, 0x0000028d50d185d0, 0x0000028d50d17bb0, 0x0000028d50d16260,
0x0000028d50d15330, 0x0000028d50d15840, 0x0000028d50d16770, 0x0000028d4e9c9160,
0x0000028d4e9ca5a0, 0x0000028d4e9ca090, 0x0000028d4e9c7d20, 0x0000028d4e9c8230,
0x0000028d4e9cafc0, 0x0000028d4e9c7810, 0x0000028d4e9caab0, 0x0000028d4e9cb4d0,
0x0000028d4e9cb9e0, 0x0000028d4e9cbef0, 0x0000028d4e9c8740, 0x0000028d4e9cc400,
0x0000028d4e9c8c50, 0x0000028d4e9cc910, 0x0000028d4e9cce20, 0x0000028d4e9c9670,
0x0000028d4e9cd330, 0x0000028d4e9c9b80, 0x0000028d4e9ce770, 0x0000028d4e9cd840,
0x0000028d4e9cdd50, 0x0000028d4e9ce260, 0x0000028d4e9cec80, 0x0000028d4e9cf190,
0x0000028d4df48910, 0x0000028d4df4ac80, 0x0000028d4df49330, 0x0000028d4df47ef0,
0x0000028d4df49d50, 0x0000028d4df49840, 0x0000028d4df4a260, 0x0000028d4df4a770,
0x0000028d4df4bbb0, 0x0000028d4df4b190, 0x0000028d4df4b6a0, 0x0000028d4df48400,
0x0000028d4df4c5d0, 0x0000028d4df4c0c0, 0x0000028d4df48e20, 0x0000028d4df4cae0,
0x0000028d4df4e940, 0x0000028d4df4ee50, 0x0000028d4df4df20, 0x0000028d4df4cff0,
0x0000028d4df4e430, 0x0000028d4df4d500, 0x0000028d4df4da10, 0x0000028d4df4f360,
0x0000028d4df4f870, 0x0000028d4ebfd3b0, 0x0000028d4ebfab30, 0x0000028d4ebfa620,
0x0000028d4ebfe7f0, 0x0000028d4ebfc480, 0x0000028d4ebfb550, 0x0000028d4ebfba60,
0x0000028d4ebfcea0, 0x0000028d4ebfb040, 0x0000028d4ebfd8c0, 0x0000028d4ebfbf70,
0x0000028d4ebfc990, 0x0000028d4ebfa110, 0x0000028d4ebff720, 0x0000028d4ebfddd0,
0x0000028d4ec00140, 0x0000028d4ebfed00, 0x0000028d4ebff210, 0x0000028d4ec01070,
0x0000028d4ec01a90, 0x0000028d4ebffc30, 0x0000028d4ec00650, 0x0000028d4ebfe2e0,
0x0000028d4e5a5f70, 0x0000028d4e5a6480, 0x0000028d4e5a9210, 0x0000028d4e5a7dd0,
0x0000028d4e5a6990, 0x0000028d4e5a87f0, 0x0000028d4e5a6ea0, 0x0000028d4e5a73b0,
0x0000028d4e5a8d00, 0x0000028d4e5ab580, 0x0000028d4e5aab60, 0x0000028d4e5abfa0,
0x0000028d4e5a9720, 0x0000028d4e5aba90, 0x0000028d4e5a9c30, 0x0000028d52fd28e0,
0x0000028d52fd0060, 0x0000028d52fcf130, 0x0000028d52fd0570, 0x0000028d5d4d72b0,
0x0000028d5d4d5e70, 0x0000028d5d4d77c0, 0x0000028d5d4da040, 0x0000028d5d4d9b30,
0x0000028d5d4dc8c0, 0x0000028d5d4daf70, 0x0000028d5d4dbea0, 0x0000028d5d4db480,
0x0000028d5d4d9110, 0x0000028d5d4e0070, 0x0000028d5d4e0580, 0x0000028d5d4dcdd0,
0x0000028d5d4de720, 0x0000028d5d4df650, 0x0000028d5d4dd7f0, 0x0000028d5d4ddd00,
0x0000028d5d4de210, 0x0000028d5d4e0a90, 0x0000028d5d4dfb60, 0x0000028d5d4dd2e0,
0x0000028d5d4e19c0, 0x0000028d5d4e1ed0, 0x0000028d5d4e23e0, 0x0000028d5d4e5170,
0x0000028d5d4e3d30, 0x0000028d5d4e3820, 0x0000028d5d4e2e00, 0x0000028d52fd23d0,
0x0000028d52fd3d20, 0x0000028d5157f540, 0x0000028d4ec00b60, 0x0000028d522ff680,
0x0000028d5c7d6440, 0x0000028d5c7d7370, 0x0000028d5c7d5f30, 0x0000028d5c7d45e0,
0x0000028d5c7d6950, 0x0000028d5c7d6e60, 0x0000028d5c7d7880, 0x0000028d5c7d7d90,
0x0000028d5c7d4af0, 0x0000028d5c7dba50, 0x0000028d5c7d8cc0, 0x0000028d5c7d9bf0,
0x0000028d5c7db540, 0x0000028d5c7dbf60, 0x0000028d5c7d91d0, 0x0000028d5c7d87b0,
0x0000028d5c7dce90, 0x0000028d5c7d96e0, 0x0000028d5c7dc980, 0x0000028d5c7dc470,
0x0000028d5c7dd3a0, 0x0000028d594444d0, 0x0000028d5e4438b0
}

Java Threads: ( => current thread )
  0x0000028d6fd70d60 JavaThread "main" [_thread_blocked, id=11712, stack(0x000000f644000000,0x000000f644100000)]
  0x0000028d7fae9d10 JavaThread "Reference Handler" daemon [_thread_blocked, id=24412, stack(0x000000f644700000,0x000000f644800000)]
  0x0000028d7faea7e0 JavaThread "Finalizer" daemon [_thread_blocked, id=19152, stack(0x000000f644800000,0x000000f644900000)]
  0x0000028d7fb08100 JavaThread "Signal Dispatcher" daemon [_thread_blocked, id=29032, stack(0x000000f644900000,0x000000f644a00000)]
  0x0000028d7fb0a9e0 JavaThread "Attach Listener" daemon [_thread_blocked, id=16696, stack(0x000000f644a00000,0x000000f644b00000)]
  0x0000028d7fb0b2b0 JavaThread "Service Thread" daemon [_thread_blocked, id=17040, stack(0x000000f644b00000,0x000000f644c00000)]
  0x0000028d7fb0bb80 JavaThread "Monitor Deflation Thread" daemon [_thread_blocked, id=20572, stack(0x000000f644c00000,0x000000f644d00000)]
=>0x0000028d7fb127b0 JavaThread "C2 CompilerThread0" daemon [_thread_in_native, id=21600, stack(0x000000f644d00000,0x000000f644e00000)]
  0x0000028d7fb1b8e0 JavaThread "C1 CompilerThread0" daemon [_thread_blocked, id=22644, stack(0x000000f644e00000,0x000000f644f00000)]
  0x0000028d7fb3cf40 JavaThread "Sweeper thread" daemon [_thread_blocked, id=29564, stack(0x000000f644f00000,0x000000f645000000)]
  0x0000028d7fad8200 JavaThread "Common-Cleaner" daemon [_thread_blocked, id=23484, stack(0x000000f645000000,0x000000f645100000)]
  0x0000028d135dadb0 JavaThread "Notification Thread" daemon [_thread_blocked, id=24456, stack(0x000000f645100000,0x000000f645200000)]
  0x0000028d4e973920 JavaThread "Daemon health stats" [_thread_blocked, id=29368, stack(0x000000f645a00000,0x000000f645b00000)]
  0x0000028d4da5db90 JavaThread "Incoming local TCP Connector on port 53662" [_thread_in_native, id=22648, stack(0x000000f645b00000,0x000000f645c00000)]
  0x0000028d13d89060 JavaThread "Daemon periodic checks" [_thread_blocked, id=8416, stack(0x000000f645c00000,0x000000f645d00000)]
  0x0000028d4e4c80a0 JavaThread "Daemon" [_thread_blocked, id=14432, stack(0x000000f645d00000,0x000000f645e00000)]
  0x0000028d4e62a770 JavaThread "Handler for socket connection from /127.0.0.1:53662 to /127.0.0.1:53663" [_thread_in_native, id=19852, stack(0x000000f645e00000,0x000000f645f00000)]
  0x0000028d4e62a260 JavaThread "Cancel handler" [_thread_blocked, id=12576, stack(0x000000f645f00000,0x000000f646000000)]
  0x0000028d4e628910 JavaThread "Daemon worker" [_thread_blocked, id=9460, stack(0x000000f646000000,0x000000f646100000)]
  0x0000028d4e62b190 JavaThread "Asynchronous log dispatcher for DefaultDaemonConnection: socket connection from /127.0.0.1:53662 to /127.0.0.1:53663" [_thread_blocked, id=25260, stack(0x000000f646100000,0x000000f646200000)]
  0x0000028d4e62bbb0 JavaThread "Stdin handler" [_thread_blocked, id=18308, stack(0x000000f646200000,0x000000f646300000)]
  0x0000028d4e62ac80 JavaThread "Daemon client event forwarder" [_thread_blocked, id=12240, stack(0x000000f646300000,0x000000f646400000)]
  0x0000028d4e62b6a0 JavaThread "Cache worker for journal cache (C:\Users\satej\.gradle\caches\journal-1)" [_thread_blocked, id=2908, stack(0x000000f646800000,0x000000f646900000)]
  0x0000028d4e628e20 JavaThread "File lock request listener" [_thread_in_native, id=29048, stack(0x000000f646900000,0x000000f646a00000)]
  0x0000028d4e629330 JavaThread "Cache worker for file hash cache (C:\Users\satej\.gradle\caches\9.3.1\fileHashes)" [_thread_blocked, id=15768, stack(0x000000f646a00000,0x000000f646b00000)]
  0x0000028d4e629840 JavaThread "Cache worker for file hash cache (D:\GrowBusinessNetwork\gbn-22-6-2026\android\.gradle\9.3.1\fileHashes)" [_thread_blocked, id=20124, stack(0x000000f646d00000,0x000000f646e00000)]
  0x0000028d51cd3ff0 JavaThread "Cache worker for Build Output Cleanup Cache (D:\GrowBusinessNetwork\gbn-22-6-2026\android\.gradle\buildOutputCleanup)" [_thread_blocked, id=8760, stack(0x000000f646e00000,0x000000f646f00000)]
  0x0000028d51cd5e50 JavaThread "File watcher server" daemon [_thread_in_native, id=21740, stack(0x000000f646f00000,0x000000f647000000)]
  0x0000028d51cd4a10 JavaThread "File watcher consumer" daemon [_thread_blocked, id=3792, stack(0x000000f647000000,0x000000f647100000)]
  0x0000028d51cd5430 JavaThread "Cache worker for checksums cache (D:\GrowBusinessNetwork\gbn-22-6-2026\android\.gradle\9.3.1\checksums)" [_thread_blocked, id=23496, stack(0x000000f645400000,0x000000f645500000)]
  0x0000028d51cd6360 JavaThread "Cache worker for file content cache (C:\Users\satej\.gradle\caches\9.3.1\fileContent)" [_thread_blocked, id=24028, stack(0x000000f647100000,0x000000f647200000)]
  0x0000028d51cd35d0 JavaThread "Cache worker for cache directory md-supplier (C:\Users\satej\.gradle\caches\9.3.1\md-supplier)" [_thread_blocked, id=3520, stack(0x000000f647200000,0x000000f647300000)]
  0x0000028d51cd2bb0 JavaThread "Cache worker for cache directory md-rule (C:\Users\satej\.gradle\caches\9.3.1\md-rule)" [_thread_blocked, id=9464, stack(0x000000f647300000,0x000000f647400000)]
  0x0000028d51cd4500 JavaThread "jar transforms" [_thread_blocked, id=28744, stack(0x000000f647500000,0x000000f647600000)]
  0x0000028d522fce00 JavaThread "Cache worker for Build Output Cleanup Cache (D:\GrowBusinessNetwork\gbn-22-6-2026\node_modules\@react-native\gradle-plugin\.gradle\buildOutputCleanup)" [_thread_blocked, id=8448, stack(0x000000f647600000,0x000000f647700000)]
  0x0000028d522fe240 JavaThread "Unconstrained build operations" [_thread_blocked, id=13720, stack(0x000000f647700000,0x000000f647800000)]
  0x0000028d522fdd30 JavaThread "Unconstrained build operations Thread 2" [_thread_blocked, id=13860, stack(0x000000f647800000,0x000000f647900000)]
  0x0000028d523005b0 JavaThread "Unconstrained build operations Thread 3" [_thread_blocked, id=1388, stack(0x000000f647900000,0x000000f647a00000)]
  0x0000028d522fe750 JavaThread "Unconstrained build operations Thread 4" [_thread_blocked, id=22692, stack(0x000000f647a00000,0x000000f647b00000)]
  0x0000028d522fec60 JavaThread "Unconstrained build operations Thread 5" [_thread_blocked, id=25280, stack(0x000000f647b00000,0x000000f647c00000)]
  0x0000028d522ffb90 JavaThread "Unconstrained build operations Thread 6" [_thread_blocked, id=25224, stack(0x000000f647c00000,0x000000f647d00000)]
  0x0000028d523000a0 JavaThread "Unconstrained build operations Thread 7" [_thread_blocked, id=22208, stack(0x000000f647d00000,0x000000f647e00000)]
  0x0000028d52300ac0 JavaThread "Unconstrained build operations Thread 8" [_thread_blocked, id=29576, stack(0x000000f647e00000,0x000000f647f00000)]
  0x0000028d522fd310 JavaThread "Unconstrained build operations Thread 9" [_thread_blocked, id=27972, stack(0x000000f647f00000,0x000000f648000000)]
  0x0000028d52300fd0 JavaThread "Unconstrained build operations Thread 10" [_thread_blocked, id=21900, stack(0x000000f648000000,0x000000f648100000)]
  0x0000028d522fd820 JavaThread "Unconstrained build operations Thread 11" [_thread_blocked, id=14508, stack(0x000000f648100000,0x000000f648200000)]
  0x0000028d523019f0 JavaThread "Unconstrained build operations Thread 12" [_thread_blocked, id=26160, stack(0x000000f648200000,0x000000f648300000)]
  0x0000028d52301f00 JavaThread "Unconstrained build operations Thread 13" [_thread_blocked, id=22960, stack(0x000000f648300000,0x000000f648400000)]
  0x0000028d523014e0 JavaThread "Unconstrained build operations Thread 14" [_thread_blocked, id=28976, stack(0x000000f648400000,0x000000f648500000)]
  0x0000028d52302410 JavaThread "Unconstrained build operations Thread 15" [_thread_blocked, id=29056, stack(0x000000f648500000,0x000000f648600000)]
  0x0000028d52302920 JavaThread "Unconstrained build operations Thread 16" [_thread_blocked, id=400, stack(0x000000f648600000,0x000000f648700000)]
  0x0000028d52302e30 JavaThread "Unconstrained build operations Thread 17" [_thread_blocked, id=17940, stack(0x000000f648700000,0x000000f648800000)]
  0x0000028d52303340 JavaThread "Unconstrained build operations Thread 18" [_thread_blocked, id=27128, stack(0x000000f648800000,0x000000f648900000)]
  0x0000028d52303850 JavaThread "Unconstrained build operations Thread 19" [_thread_blocked, id=25016, stack(0x000000f648900000,0x000000f648a00000)]
  0x0000028d52303d60 JavaThread "Unconstrained build operations Thread 20" [_thread_blocked, id=3360, stack(0x000000f648a00000,0x000000f648b00000)]
  0x0000028d4e628400 JavaThread "Unconstrained build operations Thread 21" [_thread_blocked, id=23864, stack(0x000000f648b00000,0x000000f648c00000)]
  0x0000028d4e629d50 JavaThread "Unconstrained build operations Thread 22" [_thread_blocked, id=13840, stack(0x000000f648c00000,0x000000f648d00000)]
  0x0000028d51578af0 JavaThread "Unconstrained build operations Thread 23" [_thread_blocked, id=11828, stack(0x000000f648d00000,0x000000f648e00000)]
  0x0000028d5157c7b0 JavaThread "Unconstrained build operations Thread 24" [_thread_blocked, id=8496, stack(0x000000f648e00000,0x000000f648f00000)]
  0x0000028d51579000 JavaThread "Unconstrained build operations Thread 25" [_thread_blocked, id=10852, stack(0x000000f648f00000,0x000000f649000000)]
  0x0000028d51579a20 JavaThread "Unconstrained build operations Thread 26" [_thread_blocked, id=11484, stack(0x000000f649000000,0x000000f649100000)]
  0x0000028d5157c2a0 JavaThread "Unconstrained build operations Thread 27" [_thread_blocked, id=17740, stack(0x000000f649100000,0x000000f649200000)]
  0x0000028d5157ccc0 JavaThread "Unconstrained build operations Thread 28" [_thread_blocked, id=19352, stack(0x000000f649200000,0x000000f649300000)]
  0x0000028d5157bd90 JavaThread "Unconstrained build operations Thread 29" [_thread_blocked, id=16332, stack(0x000000f649300000,0x000000f649400000)]
  0x0000028d51579510 JavaThread "Unconstrained build operations Thread 30" [_thread_blocked, id=29568, stack(0x000000f649400000,0x000000f649500000)]
  0x0000028d5157d1d0 JavaThread "Unconstrained build operations Thread 31" [_thread_blocked, id=29620, stack(0x000000f649500000,0x000000f649600000)]
  0x0000028d5157b370 JavaThread "Unconstrained build operations Thread 32" [_thread_blocked, id=15816, stack(0x000000f649600000,0x000000f649700000)]
  0x0000028d5157d6e0 JavaThread "Unconstrained build operations Thread 33" [_thread_blocked, id=10308, stack(0x000000f649700000,0x000000f649800000)]
  0x0000028d51579f30 JavaThread "Unconstrained build operations Thread 34" [_thread_blocked, id=5112, stack(0x000000f649800000,0x000000f649900000)]
  0x0000028d5157dbf0 JavaThread "Unconstrained build operations Thread 35" [_thread_blocked, id=15972, stack(0x000000f649900000,0x000000f649a00000)]
  0x0000028d5157a440 JavaThread "Unconstrained build operations Thread 36" [_thread_blocked, id=20812, stack(0x000000f649a00000,0x000000f649b00000)]
  0x0000028d5157b880 JavaThread "Unconstrained build operations Thread 37" [_thread_blocked, id=27900, stack(0x000000f649b00000,0x000000f649c00000)]
  0x0000028d5157e100 JavaThread "Unconstrained build operations Thread 38" [_thread_blocked, id=15156, stack(0x000000f649c00000,0x000000f649d00000)]
  0x0000028d5157a950 JavaThread "Unconstrained build operations Thread 39" [_thread_blocked, id=26720, stack(0x000000f649d00000,0x000000f649e00000)]
  0x0000028d5157e610 JavaThread "build event listener" [_thread_blocked, id=5236, stack(0x000000f649e00000,0x000000f649f00000)]
  0x0000028d5157ae60 JavaThread "Memory manager" [_thread_blocked, id=23212, stack(0x000000f647400000,0x000000f647500000)]
  0x0000028d5157eb20 JavaThread "Problems report writer" [_thread_blocked, id=10096, stack(0x000000f649f00000,0x000000f64a000000)]
  0x0000028d50d13ef0 JavaThread "ForkJoinPool.commonPool-worker-2" daemon [_thread_blocked, id=28444, stack(0x000000f64a200000,0x000000f64a300000)]
  0x0000028d50d10c50 JavaThread "ForkJoinPool.commonPool-worker-3" daemon [_thread_blocked, id=4560, stack(0x000000f64a300000,0x000000f64a400000)]
  0x0000028d50d14910 JavaThread "ForkJoinPool.commonPool-worker-4" daemon [_thread_blocked, id=18420, stack(0x000000f64a400000,0x000000f64a500000)]
  0x0000028d50d12fc0 JavaThread "ForkJoinPool.commonPool-worker-6" daemon [_thread_blocked, id=25060, stack(0x000000f64a500000,0x000000f64a600000)]
  0x0000028d50d11160 JavaThread "ForkJoinPool.commonPool-worker-7" daemon [_thread_blocked, id=23656, stack(0x000000f64a700000,0x000000f64a800000)]
  0x0000028d50d14e20 JavaThread "ForkJoinPool.commonPool-worker-8" daemon [_thread_blocked, id=17168, stack(0x000000f64a800000,0x000000f64a900000)]
  0x0000028d50d134d0 JavaThread "ForkJoinPool.commonPool-worker-9" daemon [_thread_blocked, id=19096, stack(0x000000f64a900000,0x000000f64aa00000)]
  0x0000028d50d125a0 JavaThread "ForkJoinPool.commonPool-worker-10" daemon [_thread_blocked, id=26916, stack(0x000000f64aa00000,0x000000f64ab00000)]
  0x0000028d50d11670 JavaThread "included builds" [_thread_blocked, id=3392, stack(0x000000f64ab00000,0x000000f64ac00000)]
  0x0000028d50d11b80 JavaThread "Execution worker" [_thread_blocked, id=21128, stack(0x000000f64ac00000,0x000000f64ad00000)]
  0x0000028d50d12090 JavaThread "Execution worker Thread 2" [_thread_blocked, id=25316, stack(0x000000f64ad00000,0x000000f64ae00000)]
  0x0000028d50d16c80 JavaThread "Execution worker Thread 3" [_thread_blocked, id=932, stack(0x000000f64ae00000,0x000000f64af00000)]
  0x0000028d50d180c0 JavaThread "Execution worker Thread 4" [_thread_blocked, id=14476, stack(0x000000f64af00000,0x000000f64b000000)]
  0x0000028d50d176a0 JavaThread "Execution worker Thread 5" [_thread_blocked, id=14940, stack(0x000000f64b000000,0x000000f64b100000)]
  0x0000028d50d17190 JavaThread "Execution worker Thread 6" [_thread_blocked, id=19848, stack(0x000000f64b100000,0x000000f64b200000)]
  0x0000028d50d15d50 JavaThread "Execution worker Thread 7" [_thread_blocked, id=29000, stack(0x000000f64b200000,0x000000f64b300000)]
  0x0000028d50d185d0 JavaThread "Execution worker Thread 8" [_thread_blocked, id=28304, stack(0x000000f64b300000,0x000000f64b400000)]
  0x0000028d50d17bb0 JavaThread "Execution worker Thread 9" [_thread_blocked, id=16720, stack(0x000000f64b400000,0x000000f64b500000)]
  0x0000028d50d16260 JavaThread "Execution worker Thread 10" [_thread_blocked, id=13908, stack(0x000000f64b500000,0x000000f64b600000)]
  0x0000028d50d15330 JavaThread "Execution worker Thread 11" [_thread_blocked, id=19616, stack(0x000000f64b600000,0x000000f64b700000)]
  0x0000028d50d15840 JavaThread "Cache worker for execution history cache (D:\GrowBusinessNetwork\gbn-22-6-2026\node_modules\@react-native\gradle-plugin\.gradle\9.3.1\executionHistory)" [_thread_blocked, id=17460, stack(0x000000f64b700000,0x000000f64b800000)]
  0x0000028d50d16770 JavaThread "Unconstrained build operations Thread 40" [_thread_blocked, id=28228, stack(0x000000f64b800000,0x000000f64b900000)]
  0x0000028d4e9c9160 JavaThread "Unconstrained build operations Thread 41" [_thread_blocked, id=22972, stack(0x000000f64b900000,0x000000f64ba00000)]
  0x0000028d4e9ca5a0 JavaThread "Unconstrained build operations Thread 42" [_thread_blocked, id=19180, stack(0x000000f64ba00000,0x000000f64bb00000)]
  0x0000028d4e9ca090 JavaThread "Unconstrained build operations Thread 43" [_thread_blocked, id=13716, stack(0x000000f64bb00000,0x000000f64bc00000)]
  0x0000028d4e9c7d20 JavaThread "Unconstrained build operations Thread 44" [_thread_blocked, id=5540, stack(0x000000f64bc00000,0x000000f64bd00000)]
  0x0000028d4e9c8230 JavaThread "Unconstrained build operations Thread 45" [_thread_blocked, id=24228, stack(0x000000f64bd00000,0x000000f64be00000)]
  0x0000028d4e9cafc0 JavaThread "Unconstrained build operations Thread 46" [_thread_blocked, id=928, stack(0x000000f64be00000,0x000000f64bf00000)]
  0x0000028d4e9c7810 JavaThread "Unconstrained build operations Thread 47" [_thread_blocked, id=24792, stack(0x000000f64bf00000,0x000000f64c000000)]
  0x0000028d4e9caab0 JavaThread "Unconstrained build operations Thread 48" [_thread_blocked, id=12568, stack(0x000000f64c000000,0x000000f64c100000)]
  0x0000028d4e9cb4d0 JavaThread "Unconstrained build operations Thread 49" [_thread_blocked, id=6056, stack(0x000000f64c100000,0x000000f64c200000)]
  0x0000028d4e9cb9e0 JavaThread "Unconstrained build operations Thread 50" [_thread_blocked, id=17568, stack(0x000000f64c200000,0x000000f64c300000)]
  0x0000028d4e9cbef0 JavaThread "Unconstrained build operations Thread 51" [_thread_blocked, id=12296, stack(0x000000f64c300000,0x000000f64c400000)]
  0x0000028d4e9c8740 JavaThread "Unconstrained build operations Thread 52" [_thread_blocked, id=4208, stack(0x000000f64c400000,0x000000f64c500000)]
  0x0000028d4e9cc400 JavaThread "Unconstrained build operations Thread 53" [_thread_blocked, id=27520, stack(0x000000f64c500000,0x000000f64c600000)]
  0x0000028d4e9c8c50 JavaThread "Unconstrained build operations Thread 54" [_thread_blocked, id=24652, stack(0x000000f64c600000,0x000000f64c700000)]
  0x0000028d4e9cc910 JavaThread "Unconstrained build operations Thread 55" [_thread_blocked, id=9960, stack(0x000000f64c700000,0x000000f64c800000)]
  0x0000028d4e9cce20 JavaThread "Unconstrained build operations Thread 56" [_thread_blocked, id=12248, stack(0x000000f64c800000,0x000000f64c900000)]
  0x0000028d4e9c9670 JavaThread "Unconstrained build operations Thread 57" [_thread_blocked, id=20420, stack(0x000000f64c900000,0x000000f64ca00000)]
  0x0000028d4e9cd330 JavaThread "Unconstrained build operations Thread 58" [_thread_blocked, id=22388, stack(0x000000f64ca00000,0x000000f64cb00000)]
  0x0000028d4e9c9b80 JavaThread "Unconstrained build operations Thread 59" [_thread_blocked, id=13200, stack(0x000000f64cb00000,0x000000f64cc00000)]
  0x0000028d4e9ce770 JavaThread "Unconstrained build operations Thread 60" [_thread_blocked, id=9476, stack(0x000000f64cc00000,0x000000f64cd00000)]
  0x0000028d4e9cd840 JavaThread "Unconstrained build operations Thread 61" [_thread_blocked, id=14648, stack(0x000000f64cd00000,0x000000f64ce00000)]
  0x0000028d4e9cdd50 JavaThread "Unconstrained build operations Thread 62" [_thread_blocked, id=10716, stack(0x000000f64ce00000,0x000000f64cf00000)]
  0x0000028d4e9ce260 JavaThread "Unconstrained build operations Thread 63" [_thread_blocked, id=18784, stack(0x000000f64cf00000,0x000000f64d000000)]
  0x0000028d4e9cec80 JavaThread "Unconstrained build operations Thread 64" [_thread_blocked, id=28812, stack(0x000000f64d000000,0x000000f64d100000)]
  0x0000028d4e9cf190 JavaThread "Unconstrained build operations Thread 65" [_thread_blocked, id=3672, stack(0x000000f64d100000,0x000000f64d200000)]
  0x0000028d4df48910 JavaThread "Unconstrained build operations Thread 66" [_thread_blocked, id=17072, stack(0x000000f64d200000,0x000000f64d300000)]
  0x0000028d4df4ac80 JavaThread "Unconstrained build operations Thread 67" [_thread_blocked, id=26260, stack(0x000000f64d300000,0x000000f64d400000)]
  0x0000028d4df49330 JavaThread "Unconstrained build operations Thread 68" [_thread_blocked, id=5148, stack(0x000000f64d400000,0x000000f64d500000)]
  0x0000028d4df47ef0 JavaThread "Unconstrained build operations Thread 69" [_thread_blocked, id=20556, stack(0x000000f64d500000,0x000000f64d600000)]
  0x0000028d4df49d50 JavaThread "Unconstrained build operations Thread 70" [_thread_blocked, id=6308, stack(0x000000f64d600000,0x000000f64d700000)]
  0x0000028d4df49840 JavaThread "Unconstrained build operations Thread 71" [_thread_blocked, id=20592, stack(0x000000f64d700000,0x000000f64d800000)]
  0x0000028d4df4a260 JavaThread "Unconstrained build operations Thread 72" [_thread_blocked, id=20964, stack(0x000000f64d800000,0x000000f64d900000)]
  0x0000028d4df4a770 JavaThread "Unconstrained build operations Thread 73" [_thread_blocked, id=7724, stack(0x000000f64d900000,0x000000f64da00000)]
  0x0000028d4df4bbb0 JavaThread "Unconstrained build operations Thread 74" [_thread_blocked, id=28104, stack(0x000000f64da00000,0x000000f64db00000)]
  0x0000028d4df4b190 JavaThread "Unconstrained build operations Thread 75" [_thread_blocked, id=15128, stack(0x000000f64db00000,0x000000f64dc00000)]
  0x0000028d4df4b6a0 JavaThread "Unconstrained build operations Thread 76" [_thread_blocked, id=23772, stack(0x000000f64dc00000,0x000000f64dd00000)]
  0x0000028d4df48400 JavaThread "Unconstrained build operations Thread 77" [_thread_blocked, id=28456, stack(0x000000f64dd00000,0x000000f64de00000)]
  0x0000028d4df4c5d0 JavaThread "Unconstrained build operations Thread 78" [_thread_blocked, id=29540, stack(0x000000f64de00000,0x000000f64df00000)]
  0x0000028d4df4c0c0 JavaThread "Unconstrained build operations Thread 79" [_thread_blocked, id=13020, stack(0x000000f64df00000,0x000000f64e000000)]
  0x0000028d4df48e20 JavaThread "Unconstrained build operations Thread 80" [_thread_blocked, id=26024, stack(0x000000f64e000000,0x000000f64e100000)]
  0x0000028d4df4cae0 JavaThread "Unconstrained build operations Thread 81" [_thread_blocked, id=27700, stack(0x000000f64e100000,0x000000f64e200000)]
  0x0000028d4df4e940 JavaThread "Unconstrained build operations Thread 82" [_thread_blocked, id=13620, stack(0x000000f64e200000,0x000000f64e300000)]
  0x0000028d4df4ee50 JavaThread "Unconstrained build operations Thread 83" [_thread_blocked, id=16244, stack(0x000000f64e300000,0x000000f64e400000)]
  0x0000028d4df4df20 JavaThread "Unconstrained build operations Thread 84" [_thread_blocked, id=24496, stack(0x000000f64e400000,0x000000f64e500000)]
  0x0000028d4df4cff0 JavaThread "Unconstrained build operations Thread 85" [_thread_blocked, id=1464, stack(0x000000f64e500000,0x000000f64e600000)]
  0x0000028d4df4e430 JavaThread "Unconstrained build operations Thread 86" [_thread_blocked, id=24568, stack(0x000000f64e600000,0x000000f64e700000)]
  0x0000028d4df4d500 JavaThread "Unconstrained build operations Thread 87" [_thread_blocked, id=10160, stack(0x000000f64e700000,0x000000f64e800000)]
  0x0000028d4df4da10 JavaThread "Unconstrained build operations Thread 88" [_thread_blocked, id=3844, stack(0x000000f64e800000,0x000000f64e900000)]
  0x0000028d4df4f360 JavaThread "Unconstrained build operations Thread 89" [_thread_blocked, id=28156, stack(0x000000f64e900000,0x000000f64ea00000)]
  0x0000028d4df4f870 JavaThread "Unconstrained build operations Thread 90" [_thread_blocked, id=1600, stack(0x000000f64ea00000,0x000000f64eb00000)]
  0x0000028d4ebfd3b0 JavaThread "Unconstrained build operations Thread 91" [_thread_blocked, id=3336, stack(0x000000f64eb00000,0x000000f64ec00000)]
  0x0000028d4ebfab30 JavaThread "Unconstrained build operations Thread 92" [_thread_blocked, id=208, stack(0x000000f64ec00000,0x000000f64ed00000)]
  0x0000028d4ebfa620 JavaThread "Unconstrained build operations Thread 93" [_thread_blocked, id=18340, stack(0x000000f64ed00000,0x000000f64ee00000)]
  0x0000028d4ebfe7f0 JavaThread "Unconstrained build operations Thread 94" [_thread_blocked, id=23836, stack(0x000000f64ee00000,0x000000f64ef00000)]
  0x0000028d4ebfc480 JavaThread "Unconstrained build operations Thread 95" [_thread_blocked, id=24064, stack(0x000000f64ef00000,0x000000f64f000000)]
  0x0000028d4ebfb550 JavaThread "Unconstrained build operations Thread 96" [_thread_blocked, id=28804, stack(0x000000f64f000000,0x000000f64f100000)]
  0x0000028d4ebfba60 JavaThread "Unconstrained build operations Thread 97" [_thread_blocked, id=27840, stack(0x000000f64f100000,0x000000f64f200000)]
  0x0000028d4ebfcea0 JavaThread "Unconstrained build operations Thread 98" [_thread_blocked, id=21908, stack(0x000000f64f200000,0x000000f64f300000)]
  0x0000028d4ebfb040 JavaThread "Unconstrained build operations Thread 99" [_thread_blocked, id=22740, stack(0x000000f64f300000,0x000000f64f400000)]
  0x0000028d4ebfd8c0 JavaThread "Unconstrained build operations Thread 100" [_thread_blocked, id=28244, stack(0x000000f64f400000,0x000000f64f500000)]
  0x0000028d4ebfbf70 JavaThread "Unconstrained build operations Thread 101" [_thread_blocked, id=16392, stack(0x000000f64f500000,0x000000f64f600000)]
  0x0000028d4ebfc990 JavaThread "Unconstrained build operations Thread 102" [_thread_blocked, id=26308, stack(0x000000f64f600000,0x000000f64f700000)]
  0x0000028d4ebfa110 JavaThread "Unconstrained build operations Thread 103" [_thread_blocked, id=8220, stack(0x000000f64f700000,0x000000f64f800000)]
  0x0000028d4ebff720 JavaThread "Unconstrained build operations Thread 104" [_thread_blocked, id=20120, stack(0x000000f64f800000,0x000000f64f900000)]
  0x0000028d4ebfddd0 JavaThread "Unconstrained build operations Thread 105" [_thread_blocked, id=27084, stack(0x000000f64f900000,0x000000f64fa00000)]
  0x0000028d4ec00140 JavaThread "Unconstrained build operations Thread 106" [_thread_blocked, id=23300, stack(0x000000f64fa00000,0x000000f64fb00000)]
  0x0000028d4ebfed00 JavaThread "Unconstrained build operations Thread 107" [_thread_blocked, id=20736, stack(0x000000f64fb00000,0x000000f64fc00000)]
  0x0000028d4ebff210 JavaThread "Unconstrained build operations Thread 108" [_thread_blocked, id=20940, stack(0x000000f64fc00000,0x000000f64fd00000)]
  0x0000028d4ec01070 JavaThread "Unconstrained build operations Thread 109" [_thread_blocked, id=26096, stack(0x000000f64fd00000,0x000000f64fe00000)]
  0x0000028d4ec01a90 JavaThread "Unconstrained build operations Thread 110" [_thread_blocked, id=29388, stack(0x000000f64fe00000,0x000000f64ff00000)]
  0x0000028d4ebffc30 JavaThread "Unconstrained build operations Thread 111" [_thread_blocked, id=28096, stack(0x000000f64ff00000,0x000000f650000000)]
  0x0000028d4ec00650 JavaThread "Unconstrained build operations Thread 112" [_thread_blocked, id=28816, stack(0x000000f650000000,0x000000f650100000)]
  0x0000028d4ebfe2e0 JavaThread "jar transforms Thread 2" [_thread_blocked, id=29592, stack(0x000000f650100000,0x000000f650200000)]
  0x0000028d4e5a5f70 JavaThread "jar transforms Thread 3" [_thread_blocked, id=17500, stack(0x000000f650200000,0x000000f650300000)]
  0x0000028d4e5a6480 JavaThread "Unconstrained build operations Thread 113" [_thread_blocked, id=23100, stack(0x000000f650300000,0x000000f650400000)]
  0x0000028d4e5a9210 JavaThread "Unconstrained build operations Thread 114" [_thread_blocked, id=4224, stack(0x000000f650400000,0x000000f650500000)]
  0x0000028d4e5a7dd0 JavaThread "Unconstrained build operations Thread 115" [_thread_blocked, id=5124, stack(0x000000f650500000,0x000000f650600000)]
  0x0000028d4e5a6990 JavaThread "Unconstrained build operations Thread 116" [_thread_blocked, id=22924, stack(0x000000f650600000,0x000000f650700000)]
  0x0000028d4e5a87f0 JavaThread "Unconstrained build operations Thread 117" [_thread_blocked, id=13188, stack(0x000000f650700000,0x000000f650800000)]
  0x0000028d4e5a6ea0 JavaThread "Unconstrained build operations Thread 118" [_thread_blocked, id=26508, stack(0x000000f650800000,0x000000f650900000)]
  0x0000028d4e5a73b0 JavaThread "Unconstrained build operations Thread 119" [_thread_blocked, id=8452, stack(0x000000f650900000,0x000000f650a00000)]
  0x0000028d4e5a8d00 JavaThread "Unconstrained build operations Thread 120" [_thread_blocked, id=21508, stack(0x000000f650a00000,0x000000f650b00000)]
  0x0000028d4e5ab580 JavaThread "jar transforms Thread 4" [_thread_blocked, id=20836, stack(0x000000f650b00000,0x000000f650c00000)]
  0x0000028d4e5aab60 JavaThread "jar transforms Thread 5" [_thread_blocked, id=17844, stack(0x000000f650c00000,0x000000f650d00000)]
  0x0000028d4e5abfa0 JavaThread "jar transforms Thread 6" [_thread_blocked, id=12380, stack(0x000000f650d00000,0x000000f650e00000)]
  0x0000028d4e5a9720 JavaThread "build event listener" [_thread_blocked, id=28388, stack(0x000000f650e00000,0x000000f650f00000)]
  0x0000028d4e5aba90 JavaThread "jar transforms Thread 7" [_thread_blocked, id=17184, stack(0x000000f650f00000,0x000000f651000000)]
  0x0000028d4e5a9c30 JavaThread "jar transforms Thread 8" [_thread_blocked, id=20524, stack(0x000000f651000000,0x000000f651100000)]
  0x0000028d52fd28e0 JavaThread "jar transforms Thread 9" [_thread_blocked, id=2008, stack(0x000000f651100000,0x000000f651200000)]
  0x0000028d52fd0060 JavaThread "jar transforms Thread 10" [_thread_blocked, id=8912, stack(0x000000f651200000,0x000000f651300000)]
  0x0000028d52fcf130 JavaThread "jar transforms Thread 11" [_thread_blocked, id=15648, stack(0x000000f651300000,0x000000f651400000)]
  0x0000028d52fd0570 JavaThread "jar transforms Thread 12" [_thread_blocked, id=16752, stack(0x000000f651400000,0x000000f651500000)]
  0x0000028d5d4d72b0 JavaThread "pool-3-thread-1" [_thread_blocked, id=24504, stack(0x000000f651600000,0x000000f651700000)]
  0x0000028d5d4d5e70 JavaThread "build event listener" [_thread_blocked, id=3044, stack(0x000000f651700000,0x000000f651800000)]
  0x0000028d5d4d77c0 JavaThread "Cache worker for execution history cache (D:\GrowBusinessNetwork\gbn-22-6-2026\android\.gradle\9.3.1\executionHistory)" [_thread_blocked, id=23232, stack(0x000000f651800000,0x000000f651900000)]
  0x0000028d5d4da040 JavaThread "WorkerExecutor Queue" [_thread_blocked, id=7932, stack(0x000000f651900000,0x000000f651a00000)]
  0x0000028d5d4d9b30 JavaThread "pool-4-thread-1" [_thread_blocked, id=29364, stack(0x000000f651a00000,0x000000f651b00000)]
  0x0000028d5d4dc8c0 JavaThread "stderr" [_thread_in_native, id=8576, stack(0x000000f651b00000,0x000000f651c00000)]
  0x0000028d5d4daf70 JavaThread "stdout" [_thread_in_native, id=15664, stack(0x000000f651c00000,0x000000f651d00000)]
  0x0000028d5d4dbea0 JavaThread "Exec process" [_thread_in_native, id=8900, stack(0x000000f651d00000,0x000000f651e00000)]
  0x0000028d5d4db480 JavaThread "Exec process Thread 2" [_thread_in_native, id=24184, stack(0x000000f651e00000,0x000000f651f00000)]
  0x0000028d5d4d9110 JavaThread "Exec process Thread 3" [_thread_in_native, id=2072, stack(0x000000f651f00000,0x000000f652000000)]
  0x0000028d5d4e0070 JavaThread "WorkerExecutor Queue Thread 2" [_thread_blocked, id=26748, stack(0x000000f652000000,0x000000f652100000)]
  0x0000028d5d4e0580 JavaThread "WorkerExecutor Queue Thread 3" [_thread_in_Java, id=21104, stack(0x000000f652100000,0x000000f652200000)]
  0x0000028d5d4dcdd0 JavaThread "WorkerExecutor Queue Thread 4" [_thread_blocked, id=5864, stack(0x000000f652200000,0x000000f652300000)]
  0x0000028d5d4de720 JavaThread "WorkerExecutor Queue Thread 5" [_thread_blocked, id=11408, stack(0x000000f652300000,0x000000f652400000)]
  0x0000028d5d4df650 JavaThread "WorkerExecutor Queue Thread 6" [_thread_blocked, id=17504, stack(0x000000f652400000,0x000000f652500000)]
  0x0000028d5d4dd7f0 JavaThread "stderr" [_thread_in_native, id=24392, stack(0x000000f652500000,0x000000f652600000)]
  0x0000028d5d4ddd00 JavaThread "stdout" [_thread_in_native, id=4764, stack(0x000000f652600000,0x000000f652700000)]
  0x0000028d5d4de210 JavaThread "stderr" [_thread_in_native, id=1008, stack(0x000000f652700000,0x000000f652800000)]
  0x0000028d5d4e0a90 JavaThread "stdout" [_thread_in_native, id=17580, stack(0x000000f652800000,0x000000f652900000)]
  0x0000028d5d4dfb60 JavaThread "stderr" [_thread_in_native, id=13176, stack(0x000000f652900000,0x000000f652a00000)]
  0x0000028d5d4dd2e0 JavaThread "stdout" [_thread_in_native, id=20296, stack(0x000000f652a00000,0x000000f652b00000)]
  0x0000028d5d4e19c0 JavaThread "WorkerExecutor Queue Thread 7" [_thread_blocked, id=23344, stack(0x000000f643e00000,0x000000f643f00000)]
  0x0000028d5d4e1ed0 JavaThread "RMI Scheduler(0)" daemon [_thread_blocked, id=25792, stack(0x000000f643f00000,0x000000f644000000)]
  0x0000028d5d4e23e0 JavaThread "RMI RenewClean-[127.0.0.1:17824,org.jetbrains.kotlin.daemon.common.LoopbackNetworkInterface$ClientLoopbackSocketFactory@2814bf64]" daemon [_thread_blocked, id=3964, stack(0x000000f652b00000,0x000000f652c00000)]
  0x0000028d5d4e5170 JavaThread "RMI GC Daemon" daemon [_thread_blocked, id=15752, stack(0x000000f652c00000,0x000000f652d00000)]
  0x0000028d5d4e3d30 JavaThread "RMI TCP Accept-0" daemon [_thread_in_native, id=13372, stack(0x000000f652d00000,0x000000f652e00000)]
  0x0000028d5d4e3820 JavaThread "RMI Reaper" [_thread_blocked, id=11052, stack(0x000000f652e00000,0x000000f652f00000)]
  0x0000028d5d4e2e00 JavaThread "Cache worker for Java compile cache (C:\Users\satej\.gradle\caches\9.3.1\javaCompile)" [_thread_blocked, id=15348, stack(0x000000f643d00000,0x000000f643e00000)]
  0x0000028d52fd23d0 JavaThread "Build operations" [_thread_blocked, id=25748, stack(0x000000f653100000,0x000000f653200000)]
  0x0000028d52fd3d20 JavaThread "Build operations Thread 2" [_thread_blocked, id=16028, stack(0x000000f653200000,0x000000f653300000)]
  0x0000028d5157f540 JavaThread "Build operations Thread 3" [_thread_blocked, id=4256, stack(0x000000f653300000,0x000000f653400000)]
  0x0000028d4ec00b60 JavaThread "Build operations Thread 4" [_thread_blocked, id=23668, stack(0x000000f653400000,0x000000f653500000)]
  0x0000028d522ff680 JavaThread "Build operations Thread 5" [_thread_blocked, id=27752, stack(0x000000f653500000,0x000000f653600000)]
  0x0000028d5c7d6440 JavaThread "Build operations Thread 6" [_thread_blocked, id=4508, stack(0x000000f653600000,0x000000f653700000)]
  0x0000028d5c7d7370 JavaThread "Build operations Thread 7" [_thread_blocked, id=4100, stack(0x000000f653700000,0x000000f653800000)]
  0x0000028d5c7d5f30 JavaThread "Build operations Thread 8" [_thread_blocked, id=26232, stack(0x000000f653800000,0x000000f653900000)]
  0x0000028d5c7d45e0 JavaThread "Build operations Thread 9" [_thread_blocked, id=17112, stack(0x000000f653900000,0x000000f653a00000)]
  0x0000028d5c7d6950 JavaThread "Build operations Thread 10" [_thread_blocked, id=2548, stack(0x000000f653a00000,0x000000f653b00000)]
  0x0000028d5c7d6e60 JavaThread "Build operations Thread 11" [_thread_blocked, id=10212, stack(0x000000f653b00000,0x000000f653c00000)]
  0x0000028d5c7d7880 JavaThread "WorkerExecutor Queue Thread 8" [_thread_blocked, id=14920, stack(0x000000f653e00000,0x000000f653f00000)]
  0x0000028d5c7d7d90 JavaThread "WorkerExecutor Queue Thread 9" [_thread_blocked, id=26596, stack(0x000000f653f00000,0x000000f654000000)]
  0x0000028d5c7d4af0 JavaThread "WorkerExecutor Queue Thread 10" [_thread_blocked, id=6212, stack(0x000000f64a600000,0x000000f64a700000)]
  0x0000028d5c7dba50 JavaThread "ForkJoinPool-1-worker-1" daemon [_thread_blocked, id=10180, stack(0x000000f64a000000,0x000000f64a100000)]
  0x0000028d5c7d8cc0 JavaThread "ForkJoinPool-1-worker-2" daemon [_thread_blocked, id=29152, stack(0x000000f651500000,0x000000f651600000)]
  0x0000028d5c7d9bf0 JavaThread "ForkJoinPool-1-worker-3" daemon [_thread_blocked, id=11592, stack(0x000000f652f00000,0x000000f653000000)]
  0x0000028d5c7db540 JavaThread "ForkJoinPool-1-worker-4" daemon [_thread_blocked, id=8704, stack(0x000000f645300000,0x000000f645400000)]
  0x0000028d5c7dbf60 JavaThread "ForkJoinPool-1-worker-5" daemon [_thread_blocked, id=14184, stack(0x000000f653000000,0x000000f653100000)]
  0x0000028d5c7d91d0 JavaThread "ForkJoinPool-1-worker-6" daemon [_thread_blocked, id=26788, stack(0x000000f654000000,0x000000f654100000)]
  0x0000028d5c7d87b0 JavaThread "ForkJoinPool-1-worker-7" daemon [_thread_blocked, id=25248, stack(0x000000f654100000,0x000000f654200000)]
  0x0000028d5c7dce90 JavaThread "ForkJoinPool-1-worker-8" daemon [_thread_blocked, id=20960, stack(0x000000f654200000,0x000000f654300000)]
  0x0000028d5c7d96e0 JavaThread "ForkJoinPool-1-worker-10" daemon [_thread_blocked, id=17100, stack(0x000000f654300000,0x000000f654400000)]
  0x0000028d5c7dc980 JavaThread "ForkJoinPool-1-worker-9" daemon [_thread_blocked, id=14796, stack(0x000000f654400000,0x000000f654500000)]
  0x0000028d5c7dc470 JavaThread "ForkJoinPool-1-worker-11" daemon [_thread_blocked, id=19280, stack(0x000000f654500000,0x000000f654600000)]
  0x0000028d5c7dd3a0 JavaThread "ForkJoinPool-1-worker-12" daemon [_thread_blocked, id=29076, stack(0x000000f654600000,0x000000f654700000)]
  0x0000028d594444d0 JavaThread "C2 CompilerThread1" daemon [_thread_in_native, id=16156, stack(0x000000f654700000,0x000000f654800000)]
  0x0000028d5e4438b0 JavaThread "C2 CompilerThread2" daemon [_thread_in_native, id=9956, stack(0x000000f64a100000,0x000000f64a200000)]

Other Threads:
  0x0000028d7fae5920 VMThread "VM Thread" [stack: 0x000000f644600000,0x000000f644700000] [id=26248]
  0x0000028d135db290 WatcherThread [stack: 0x000000f645200000,0x000000f645300000] [id=4204]
  0x0000028d6fde2590 GCTaskThread "GC Thread#0" [stack: 0x000000f644100000,0x000000f644200000] [id=21192]
  0x0000028d13946620 GCTaskThread "GC Thread#1" [stack: 0x000000f645500000,0x000000f645600000] [id=16932]
  0x0000028d136c0740 GCTaskThread "GC Thread#2" [stack: 0x000000f645600000,0x000000f645700000] [id=5340]
  0x0000028d13a3cbc0 GCTaskThread "GC Thread#3" [stack: 0x000000f645700000,0x000000f645800000] [id=6288]
  0x0000028d136c0a00 GCTaskThread "GC Thread#4" [stack: 0x000000f645800000,0x000000f645900000] [id=25400]
  0x0000028d138e9200 GCTaskThread "GC Thread#5" [stack: 0x000000f645900000,0x000000f645a00000] [id=16800]
  0x0000028d13b863a0 GCTaskThread "GC Thread#6" [stack: 0x000000f646400000,0x000000f646500000] [id=29140]
  0x0000028d13b86ea0 GCTaskThread "GC Thread#7" [stack: 0x000000f646500000,0x000000f646600000] [id=14480]
  0x0000028d13b87160 GCTaskThread "GC Thread#8" [stack: 0x000000f646600000,0x000000f646700000] [id=29484]
  0x0000028d13b87c60 GCTaskThread "GC Thread#9" [stack: 0x000000f646700000,0x000000f646800000] [id=28176]
  0x0000028d6fdf33f0 ConcurrentGCThread "G1 Main Marker" [stack: 0x000000f644200000,0x000000f644300000] [id=5740]
  0x0000028d6fdf3d20 ConcurrentGCThread "G1 Conc#0" [stack: 0x000000f644300000,0x000000f644400000] [id=21024]
  0x0000028d13b879a0 ConcurrentGCThread "G1 Conc#1" [stack: 0x000000f646b00000,0x000000f646c00000] [id=11780]
  0x0000028d51cf3a30 ConcurrentGCThread "G1 Conc#2" [stack: 0x000000f646c00000,0x000000f646d00000] [id=4716]
  0x0000028d6fe1d0a0 ConcurrentGCThread "G1 Refine#0" [stack: 0x000000f644400000,0x000000f644500000] [id=15756]
  0x0000028d5d5f83d0 ConcurrentGCThread "G1 Refine#1" [stack: 0x000000f654900000,0x000000f654a00000] [id=10844]
  0x0000028d5d5f4910 ConcurrentGCThread "G1 Refine#2" [stack: 0x000000f654a00000,0x000000f654b00000] [id=3812]
  0x0000028d516439b0 ConcurrentGCThread "G1 Refine#3" [stack: 0x000000f654b00000,0x000000f654c00000] [id=16072]
  0x0000028d4e5f17b0 ConcurrentGCThread "G1 Refine#4" [stack: 0x000000f654c00000,0x000000f654d00000] [id=23132]
  0x0000028d52be5200 ConcurrentGCThread "G1 Refine#5" [stack: 0x000000f654d00000,0x000000f654e00000] [id=7856]
  0x0000028d52be4f10 ConcurrentGCThread "G1 Refine#6" [stack: 0x000000f654e00000,0x000000f654f00000] [id=9808]
  0x0000028d52be6c70 ConcurrentGCThread "G1 Refine#7" [stack: 0x000000f654f00000,0x000000f655000000] [id=2620]
  0x0000028d52be54f0 ConcurrentGCThread "G1 Refine#8" [stack: 0x000000f655000000,0x000000f655100000] [id=18132]
  0x0000028d52be5dc0 ConcurrentGCThread "G1 Refine#9" [stack: 0x000000f655100000,0x000000f655200000] [id=20188]
  0x0000028d6fe1d880 ConcurrentGCThread "G1 Service" [stack: 0x000000f644500000,0x000000f644600000] [id=5620]

Threads with active compile tasks:
C2 CompilerThread0   211339 32903       4       com.android.tools.r8.graph.K3::a (214 bytes)
C2 CompilerThread1   211339 32883       4       com.android.tools.r8.graph.M3::a (104 bytes)
C2 CompilerThread2   211339 32894   !   4       com.android.tools.r8.graph.M3::a (699 bytes)

VM state: not at safepoint (normal execution)

VM Mutex/Monitor currently owned by a thread: None

Heap address: 0x0000000700000000, size: 4096 MB, Compressed Oops mode: Zero based, Oop shift amount: 3

CDS archive(s) mapped at: [0x0000028d14000000-0x0000028d14bb0000-0x0000028d14bb0000), size 12255232, SharedBaseAddress: 0x0000028d14000000, ArchiveRelocationMode: 1.
Compressed class space mapped at: 0x0000028d15000000-0x0000028d49000000, reserved size: 872415232
Narrow klass base: 0x0000028d14000000, Narrow klass shift: 0, Narrow klass range: 0x100000000

GC Precious Log:
 CPUs: 12 total, 12 available
 Memory: 16052M
 Large Page Support: Disabled
 NUMA Support: Disabled
 Compressed Oops: Enabled (Zero based)
 Heap Region Size: 2M
 Heap Min Capacity: 8M
 Heap Initial Capacity: 252M
 Heap Max Capacity: 4G
 Pre-touch: Disabled
 Parallel Workers: 10
 Concurrent Workers: 3
 Concurrent Refinement Workers: 10
 Periodic GC: Disabled

Heap:
 garbage-first heap   total 1423360K, used 1221989K [0x0000000700000000, 0x0000000800000000)
  region size 2048K, 104 young (212992K), 13 survivors (26624K)
 Metaspace       used 164662K, committed 167424K, reserved 1048576K
  class space    used 22670K, committed 23936K, reserved 851968K

Heap Regions: E=young(eden), S=young(survivor), O=old, HS=humongous(starts), HC=humongous(continues), CS=collection set, F=free, OA=open archive, CA=closed archive, TAMS=top-at-mark-start (previous, next)
|   0|0x0000000700000000, 0x0000000700200000, 0x0000000700200000|100%|HS|  |TAMS 0x0000000700200000, 0x0000000700000000| Complete 
|   1|0x0000000700200000, 0x0000000700400000, 0x0000000700400000|100%|HC|  |TAMS 0x0000000700400000, 0x0000000700200000| Complete 
|   2|0x0000000700400000, 0x0000000700600000, 0x0000000700600000|100%| O|  |TAMS 0x0000000700600000, 0x0000000700400000| Untracked 
|   3|0x0000000700600000, 0x0000000700800000, 0x0000000700800000|100%| O|  |TAMS 0x0000000700800000, 0x0000000700600000| Untracked 
|   4|0x0000000700800000, 0x0000000700a00000, 0x0000000700a00000|100%| O|  |TAMS 0x0000000700a00000, 0x0000000700800000| Untracked 
|   5|0x0000000700a00000, 0x0000000700c00000, 0x0000000700c00000|100%| O|  |TAMS 0x0000000700c00000, 0x0000000700a00000| Untracked 
|   6|0x0000000700c00000, 0x0000000700e00000, 0x0000000700e00000|100%| O|  |TAMS 0x0000000700e00000, 0x0000000700c00000| Untracked 
|   7|0x0000000700e00000, 0x0000000701000000, 0x0000000701000000|100%| O|  |TAMS 0x0000000701000000, 0x0000000700e00000| Untracked 
|   8|0x0000000701000000, 0x0000000701200000, 0x0000000701200000|100%| O|  |TAMS 0x0000000701200000, 0x0000000701000000| Untracked 
|   9|0x0000000701200000, 0x0000000701400000, 0x0000000701400000|100%| O|  |TAMS 0x0000000701400000, 0x0000000701200000| Untracked 
|  10|0x0000000701400000, 0x0000000701600000, 0x0000000701600000|100%| O|  |TAMS 0x0000000701600000, 0x0000000701400000| Untracked 
|  11|0x0000000701600000, 0x0000000701800000, 0x0000000701800000|100%| O|  |TAMS 0x0000000701800000, 0x0000000701600000| Untracked 
|  12|0x0000000701800000, 0x0000000701a00000, 0x0000000701a00000|100%| O|  |TAMS 0x0000000701a00000, 0x0000000701800000| Untracked 
|  13|0x0000000701a00000, 0x0000000701c00000, 0x0000000701c00000|100%| O|  |TAMS 0x0000000701c00000, 0x0000000701a00000| Untracked 
|  14|0x0000000701c00000, 0x0000000701e00000, 0x0000000701e00000|100%| O|  |TAMS 0x0000000701e00000, 0x0000000701c00000| Untracked 
|  15|0x0000000701e00000, 0x0000000702000000, 0x0000000702000000|100%| O|  |TAMS 0x0000000702000000, 0x0000000701e00000| Untracked 
|  16|0x0000000702000000, 0x0000000702200000, 0x0000000702200000|100%| O|  |TAMS 0x0000000702200000, 0x0000000702000000| Untracked 
|  17|0x0000000702200000, 0x0000000702400000, 0x0000000702400000|100%| O|  |TAMS 0x0000000702400000, 0x0000000702200000| Untracked 
|  18|0x0000000702400000, 0x0000000702600000, 0x0000000702600000|100%|HS|  |TAMS 0x0000000702600000, 0x0000000702400000| Complete 
|  19|0x0000000702600000, 0x0000000702800000, 0x0000000702800000|100%|HC|  |TAMS 0x0000000702800000, 0x0000000702600000| Complete 
|  20|0x0000000702800000, 0x0000000702a00000, 0x0000000702a00000|100%|HS|  |TAMS 0x0000000702a00000, 0x0000000702800000| Complete 
|  21|0x0000000702a00000, 0x0000000702c00000, 0x0000000702c00000|100%|HC|  |TAMS 0x0000000702c00000, 0x0000000702a00000| Complete 
|  22|0x0000000702c00000, 0x0000000702e00000, 0x0000000702e00000|100%| O|  |TAMS 0x0000000702e00000, 0x0000000702c00000| Untracked 
|  23|0x0000000702e00000, 0x0000000703000000, 0x0000000703000000|100%| O|  |TAMS 0x0000000703000000, 0x0000000702e00000| Untracked 
|  24|0x0000000703000000, 0x0000000703200000, 0x0000000703200000|100%| O|  |TAMS 0x0000000703200000, 0x0000000703000000| Untracked 
|  25|0x0000000703200000, 0x0000000703400000, 0x0000000703400000|100%| O|  |TAMS 0x0000000703400000, 0x0000000703200000| Untracked 
|  26|0x0000000703400000, 0x0000000703600000, 0x0000000703600000|100%| O|  |TAMS 0x0000000703600000, 0x0000000703400000| Untracked 
|  27|0x0000000703600000, 0x0000000703800000, 0x0000000703800000|100%| O|  |TAMS 0x0000000703800000, 0x0000000703600000| Untracked 
|  28|0x0000000703800000, 0x0000000703a00000, 0x0000000703a00000|100%| O|  |TAMS 0x0000000703a00000, 0x0000000703800000| Untracked 
|  29|0x0000000703a00000, 0x0000000703c00000, 0x0000000703c00000|100%| O|  |TAMS 0x0000000703c00000, 0x0000000703a00000| Untracked 
|  30|0x0000000703c00000, 0x0000000703e00000, 0x0000000703e00000|100%| O|  |TAMS 0x0000000703e00000, 0x0000000703c00000| Untracked 
|  31|0x0000000703e00000, 0x0000000704000000, 0x0000000704000000|100%| O|  |TAMS 0x0000000704000000, 0x0000000703e00000| Untracked 
|  32|0x0000000704000000, 0x0000000704200000, 0x0000000704200000|100%|HS|  |TAMS 0x0000000704200000, 0x0000000704000000| Complete 
|  33|0x0000000704200000, 0x0000000704400000, 0x0000000704400000|100%|HC|  |TAMS 0x0000000704400000, 0x0000000704200000| Complete 
|  34|0x0000000704400000, 0x0000000704600000, 0x0000000704600000|100%| O|  |TAMS 0x0000000704400000, 0x0000000704400000| Untracked 
|  35|0x0000000704600000, 0x0000000704800000, 0x0000000704800000|100%| O|  |TAMS 0x0000000704800000, 0x0000000704600000| Untracked 
|  36|0x0000000704800000, 0x0000000704a00000, 0x0000000704a00000|100%| O|  |TAMS 0x0000000704a00000, 0x0000000704800000| Untracked 
|  37|0x0000000704a00000, 0x0000000704c00000, 0x0000000704c00000|100%| O|  |TAMS 0x0000000704c00000, 0x0000000704a00000| Untracked 
|  38|0x0000000704c00000, 0x0000000704e00000, 0x0000000704e00000|100%| O|  |TAMS 0x0000000704e00000, 0x0000000704c00000| Untracked 
|  39|0x0000000704e00000, 0x0000000705000000, 0x0000000705000000|100%| O|  |TAMS 0x0000000705000000, 0x0000000704e00000| Untracked 
|  40|0x0000000705000000, 0x0000000705200000, 0x0000000705200000|100%| O|  |TAMS 0x0000000705200000, 0x0000000705000000| Untracked 
|  41|0x0000000705200000, 0x0000000705400000, 0x0000000705400000|100%| O|  |TAMS 0x0000000705400000, 0x0000000705200000| Untracked 
|  42|0x0000000705400000, 0x0000000705600000, 0x0000000705600000|100%| O|  |TAMS 0x0000000705600000, 0x0000000705400000| Untracked 
|  43|0x0000000705600000, 0x0000000705800000, 0x0000000705800000|100%| O|  |TAMS 0x0000000705800000, 0x0000000705600000| Untracked 
|  44|0x0000000705800000, 0x0000000705a00000, 0x0000000705a00000|100%|HS|  |TAMS 0x0000000705a00000, 0x0000000705800000| Complete 
|  45|0x0000000705a00000, 0x0000000705c00000, 0x0000000705c00000|100%| O|  |TAMS 0x0000000705c00000, 0x0000000705a00000| Untracked 
|  46|0x0000000705c00000, 0x0000000705e00000, 0x0000000705e00000|100%| O|  |TAMS 0x0000000705e00000, 0x0000000705c00000| Untracked 
|  47|0x0000000705e00000, 0x0000000706000000, 0x0000000706000000|100%| O|  |TAMS 0x0000000706000000, 0x0000000705e00000| Untracked 
|  48|0x0000000706000000, 0x0000000706200000, 0x0000000706200000|100%| O|  |TAMS 0x0000000706200000, 0x0000000706000000| Untracked 
|  49|0x0000000706200000, 0x0000000706400000, 0x0000000706400000|100%| O|  |TAMS 0x0000000706400000, 0x0000000706200000| Untracked 
|  50|0x0000000706400000, 0x0000000706600000, 0x0000000706600000|100%| O|  |TAMS 0x0000000706400000, 0x0000000706400000| Untracked 
|  51|0x0000000706600000, 0x0000000706800000, 0x0000000706800000|100%| O|  |TAMS 0x0000000706800000, 0x0000000706600000| Untracked 
|  52|0x0000000706800000, 0x0000000706a00000, 0x0000000706a00000|100%| O|  |TAMS 0x0000000706a00000, 0x0000000706800000| Untracked 
|  53|0x0000000706a00000, 0x0000000706c00000, 0x0000000706c00000|100%| O|  |TAMS 0x0000000706c00000, 0x0000000706a00000| Untracked 
|  54|0x0000000706c00000, 0x0000000706e00000, 0x0000000706e00000|100%| O|  |TAMS 0x0000000706e00000, 0x0000000706c00000| Untracked 
|  55|0x0000000706e00000, 0x0000000707000000, 0x0000000707000000|100%| O|  |TAMS 0x0000000707000000, 0x0000000706e00000| Untracked 
|  56|0x0000000707000000, 0x0000000707200000, 0x0000000707200000|100%| O|  |TAMS 0x0000000707000000, 0x0000000707000000| Untracked 
|  57|0x0000000707200000, 0x0000000707400000, 0x0000000707400000|100%|HS|  |TAMS 0x0000000707400000, 0x0000000707200000| Complete 
|  58|0x0000000707400000, 0x0000000707600000, 0x0000000707600000|100%|HS|  |TAMS 0x0000000707600000, 0x0000000707400000| Complete 
|  59|0x0000000707600000, 0x0000000707800000, 0x0000000707800000|100%| O|  |TAMS 0x0000000707800000, 0x0000000707600000| Untracked 
|  60|0x0000000707800000, 0x0000000707a00000, 0x0000000707a00000|100%| O|  |TAMS 0x0000000707a00000, 0x0000000707800000| Untracked 
|  61|0x0000000707a00000, 0x0000000707c00000, 0x0000000707c00000|100%| O|  |TAMS 0x0000000707c00000, 0x0000000707a00000| Untracked 
|  62|0x0000000707c00000, 0x0000000707e00000, 0x0000000707e00000|100%| O|  |TAMS 0x0000000707e00000, 0x0000000707c00000| Untracked 
|  63|0x0000000707e00000, 0x0000000708000000, 0x0000000708000000|100%| O|  |TAMS 0x0000000708000000, 0x0000000707e00000| Untracked 
|  64|0x0000000708000000, 0x0000000708200000, 0x0000000708200000|100%| O|  |TAMS 0x0000000708200000, 0x0000000708000000| Untracked 
|  65|0x0000000708200000, 0x0000000708400000, 0x0000000708400000|100%| O|  |TAMS 0x0000000708400000, 0x0000000708200000| Untracked 
|  66|0x0000000708400000, 0x0000000708600000, 0x0000000708600000|100%| O|  |TAMS 0x0000000708600000, 0x0000000708400000| Untracked 
|  67|0x0000000708600000, 0x0000000708800000, 0x0000000708800000|100%| O|  |TAMS 0x0000000708800000, 0x0000000708600000| Untracked 
|  68|0x0000000708800000, 0x0000000708a00000, 0x0000000708a00000|100%| O|  |TAMS 0x0000000708a00000, 0x0000000708800000| Untracked 
|  69|0x0000000708a00000, 0x0000000708c00000, 0x0000000708c00000|100%| O|  |TAMS 0x0000000708c00000, 0x0000000708a00000| Untracked 
|  70|0x0000000708c00000, 0x0000000708e00000, 0x0000000708e00000|100%| O|  |TAMS 0x0000000708e00000, 0x0000000708c00000| Untracked 
|  71|0x0000000708e00000, 0x0000000709000000, 0x0000000709000000|100%| O|  |TAMS 0x0000000709000000, 0x0000000708e00000| Untracked 
|  72|0x0000000709000000, 0x0000000709200000, 0x0000000709200000|100%| O|  |TAMS 0x0000000709200000, 0x0000000709000000| Untracked 
|  73|0x0000000709200000, 0x0000000709400000, 0x0000000709400000|100%| O|  |TAMS 0x0000000709400000, 0x0000000709200000| Untracked 
|  74|0x0000000709400000, 0x0000000709600000, 0x0000000709600000|100%| O|  |TAMS 0x0000000709600000, 0x0000000709400000| Untracked 
|  75|0x0000000709600000, 0x0000000709800000, 0x0000000709800000|100%| O|  |TAMS 0x0000000709800000, 0x0000000709600000| Untracked 
|  76|0x0000000709800000, 0x0000000709a00000, 0x0000000709a00000|100%| O|  |TAMS 0x0000000709a00000, 0x0000000709800000| Untracked 
|  77|0x0000000709a00000, 0x0000000709c00000, 0x0000000709c00000|100%| O|  |TAMS 0x0000000709c00000, 0x0000000709a00000| Untracked 
|  78|0x0000000709c00000, 0x0000000709e00000, 0x0000000709e00000|100%| O|  |TAMS 0x0000000709e00000, 0x0000000709c00000| Untracked 
|  79|0x0000000709e00000, 0x000000070a000000, 0x000000070a000000|100%| O|  |TAMS 0x000000070a000000, 0x0000000709e00000| Untracked 
|  80|0x000000070a000000, 0x000000070a200000, 0x000000070a200000|100%| O|  |TAMS 0x000000070a200000, 0x000000070a000000| Untracked 
|  81|0x000000070a200000, 0x000000070a400000, 0x000000070a400000|100%| O|  |TAMS 0x000000070a200000, 0x000000070a200000| Untracked 
|  82|0x000000070a400000, 0x000000070a600000, 0x000000070a600000|100%| O|  |TAMS 0x000000070a600000, 0x000000070a400000| Untracked 
|  83|0x000000070a600000, 0x000000070a800000, 0x000000070a800000|100%| O|  |TAMS 0x000000070a800000, 0x000000070a600000| Untracked 
|  84|0x000000070a800000, 0x000000070aa00000, 0x000000070aa00000|100%| O|  |TAMS 0x000000070aa00000, 0x000000070a800000| Untracked 
|  85|0x000000070aa00000, 0x000000070ac00000, 0x000000070ac00000|100%| O|  |TAMS 0x000000070ac00000, 0x000000070aa00000| Untracked 
|  86|0x000000070ac00000, 0x000000070ae00000, 0x000000070ae00000|100%| O|  |TAMS 0x000000070ae00000, 0x000000070ac00000| Untracked 
|  87|0x000000070ae00000, 0x000000070b000000, 0x000000070b000000|100%| O|  |TAMS 0x000000070ae00000, 0x000000070ae00000| Untracked 
|  88|0x000000070b000000, 0x000000070b200000, 0x000000070b200000|100%| O|  |TAMS 0x000000070b200000, 0x000000070b000000| Untracked 
|  89|0x000000070b200000, 0x000000070b400000, 0x000000070b400000|100%| O|  |TAMS 0x000000070b400000, 0x000000070b200000| Untracked 
|  90|0x000000070b400000, 0x000000070b600000, 0x000000070b600000|100%| O|  |TAMS 0x000000070b600000, 0x000000070b400000| Untracked 
|  91|0x000000070b600000, 0x000000070b800000, 0x000000070b800000|100%| O|  |TAMS 0x000000070b800000, 0x000000070b600000| Untracked 
|  92|0x000000070b800000, 0x000000070ba00000, 0x000000070ba00000|100%| O|  |TAMS 0x000000070ba00000, 0x000000070b800000| Untracked 
|  93|0x000000070ba00000, 0x000000070bc00000, 0x000000070bc00000|100%| O|  |TAMS 0x000000070ba00000, 0x000000070ba00000| Untracked 
|  94|0x000000070bc00000, 0x000000070be00000, 0x000000070be00000|100%| O|  |TAMS 0x000000070be00000, 0x000000070bc00000| Untracked 
|  95|0x000000070be00000, 0x000000070c000000, 0x000000070c000000|100%| O|  |TAMS 0x000000070c000000, 0x000000070be00000| Untracked 
|  96|0x000000070c000000, 0x000000070c200000, 0x000000070c200000|100%| O|  |TAMS 0x000000070c200000, 0x000000070c000000| Untracked 
|  97|0x000000070c200000, 0x000000070c400000, 0x000000070c400000|100%| O|  |TAMS 0x000000070c400000, 0x000000070c200000| Untracked 
|  98|0x000000070c400000, 0x000000070c600000, 0x000000070c600000|100%| O|  |TAMS 0x000000070c600000, 0x000000070c400000| Untracked 
|  99|0x000000070c600000, 0x000000070c800000, 0x000000070c800000|100%| O|  |TAMS 0x000000070c800000, 0x000000070c600000| Untracked 
| 100|0x000000070c800000, 0x000000070ca00000, 0x000000070ca00000|100%| O|  |TAMS 0x000000070ca00000, 0x000000070c800000| Untracked 
| 101|0x000000070ca00000, 0x000000070cc00000, 0x000000070cc00000|100%| O|  |TAMS 0x000000070cc00000, 0x000000070ca00000| Untracked 
| 102|0x000000070cc00000, 0x000000070ce00000, 0x000000070ce00000|100%| O|  |TAMS 0x000000070ce00000, 0x000000070cc00000| Untracked 
| 103|0x000000070ce00000, 0x000000070d000000, 0x000000070d000000|100%| O|  |TAMS 0x000000070d000000, 0x000000070ce00000| Untracked 
| 104|0x000000070d000000, 0x000000070d200000, 0x000000070d200000|100%| O|  |TAMS 0x000000070d200000, 0x000000070d000000| Untracked 
| 105|0x000000070d200000, 0x000000070d400000, 0x000000070d400000|100%| O|  |TAMS 0x000000070d400000, 0x000000070d200000| Untracked 
| 106|0x000000070d400000, 0x000000070d600000, 0x000000070d600000|100%| O|  |TAMS 0x000000070d600000, 0x000000070d400000| Untracked 
| 107|0x000000070d600000, 0x000000070d800000, 0x000000070d800000|100%| O|  |TAMS 0x000000070d800000, 0x000000070d600000| Untracked 
| 108|0x000000070d800000, 0x000000070da00000, 0x000000070da00000|100%| O|  |TAMS 0x000000070da00000, 0x000000070d800000| Untracked 
| 109|0x000000070da00000, 0x000000070dc00000, 0x000000070dc00000|100%| O|  |TAMS 0x000000070dc00000, 0x000000070da00000| Untracked 
| 110|0x000000070dc00000, 0x000000070de00000, 0x000000070de00000|100%| O|  |TAMS 0x000000070de00000, 0x000000070dc00000| Untracked 
| 111|0x000000070de00000, 0x000000070e000000, 0x000000070e000000|100%| O|  |TAMS 0x000000070e000000, 0x000000070de00000| Untracked 
| 112|0x000000070e000000, 0x000000070e200000, 0x000000070e200000|100%| O|  |TAMS 0x000000070e200000, 0x000000070e000000| Untracked 
| 113|0x000000070e200000, 0x000000070e400000, 0x000000070e400000|100%| O|  |TAMS 0x000000070e400000, 0x000000070e200000| Untracked 
| 114|0x000000070e400000, 0x000000070e600000, 0x000000070e600000|100%| O|  |TAMS 0x000000070e600000, 0x000000070e400000| Untracked 
| 115|0x000000070e600000, 0x000000070e800000, 0x000000070e800000|100%| O|  |TAMS 0x000000070e800000, 0x000000070e600000| Untracked 
| 116|0x000000070e800000, 0x000000070ea00000, 0x000000070ea00000|100%| O|  |TAMS 0x000000070ea00000, 0x000000070e800000| Untracked 
| 117|0x000000070ea00000, 0x000000070ec00000, 0x000000070ec00000|100%| O|  |TAMS 0x000000070ec00000, 0x000000070ea00000| Untracked 
| 118|0x000000070ec00000, 0x000000070ee00000, 0x000000070ee00000|100%| O|  |TAMS 0x000000070ee00000, 0x000000070ec00000| Untracked 
| 119|0x000000070ee00000, 0x000000070f000000, 0x000000070f000000|100%| O|  |TAMS 0x000000070f000000, 0x000000070ee00000| Untracked 
| 120|0x000000070f000000, 0x000000070f200000, 0x000000070f200000|100%| O|  |TAMS 0x000000070f200000, 0x000000070f000000| Untracked 
| 121|0x000000070f200000, 0x000000070f400000, 0x000000070f400000|100%| O|  |TAMS 0x000000070f400000, 0x000000070f200000| Untracked 
| 122|0x000000070f400000, 0x000000070f600000, 0x000000070f600000|100%| O|  |TAMS 0x000000070f600000, 0x000000070f400000| Untracked 
| 123|0x000000070f600000, 0x000000070f800000, 0x000000070f800000|100%| O|  |TAMS 0x000000070f800000, 0x000000070f600000| Untracked 
| 124|0x000000070f800000, 0x000000070fa00000, 0x000000070fa00000|100%| O|  |TAMS 0x000000070fa00000, 0x000000070f800000| Untracked 
| 125|0x000000070fa00000, 0x000000070fc00000, 0x000000070fc00000|100%| O|  |TAMS 0x000000070fc00000, 0x000000070fa00000| Untracked 
| 126|0x000000070fc00000, 0x000000070fe00000, 0x000000070fe00000|100%| O|  |TAMS 0x000000070fe00000, 0x000000070fc00000| Untracked 
| 127|0x000000070fe00000, 0x0000000710000000, 0x0000000710000000|100%| O|  |TAMS 0x0000000710000000, 0x000000070fe00000| Untracked 
| 128|0x0000000710000000, 0x0000000710200000, 0x0000000710200000|100%| O|  |TAMS 0x0000000710200000, 0x0000000710000000| Untracked 
| 129|0x0000000710200000, 0x0000000710400000, 0x0000000710400000|100%| O|  |TAMS 0x0000000710400000, 0x0000000710200000| Untracked 
| 130|0x0000000710400000, 0x0000000710600000, 0x0000000710600000|100%| O|  |TAMS 0x0000000710600000, 0x0000000710400000| Untracked 
| 131|0x0000000710600000, 0x0000000710800000, 0x0000000710800000|100%| O|  |TAMS 0x0000000710800000, 0x0000000710600000| Untracked 
| 132|0x0000000710800000, 0x0000000710a00000, 0x0000000710a00000|100%| O|  |TAMS 0x0000000710a00000, 0x0000000710800000| Untracked 
| 133|0x0000000710a00000, 0x0000000710c00000, 0x0000000710c00000|100%| O|  |TAMS 0x0000000710c00000, 0x0000000710a00000| Untracked 
| 134|0x0000000710c00000, 0x0000000710e00000, 0x0000000710e00000|100%| O|  |TAMS 0x0000000710e00000, 0x0000000710c00000| Untracked 
| 135|0x0000000710e00000, 0x0000000711000000, 0x0000000711000000|100%| O|  |TAMS 0x0000000711000000, 0x0000000710e00000| Untracked 
| 136|0x0000000711000000, 0x0000000711200000, 0x0000000711200000|100%| O|  |TAMS 0x0000000711200000, 0x0000000711000000| Untracked 
| 137|0x0000000711200000, 0x0000000711400000, 0x0000000711400000|100%| O|  |TAMS 0x0000000711200000, 0x0000000711200000| Untracked 
| 138|0x0000000711400000, 0x0000000711600000, 0x0000000711600000|100%| O|  |TAMS 0x0000000711600000, 0x0000000711400000| Untracked 
| 139|0x0000000711600000, 0x0000000711800000, 0x0000000711800000|100%| O|  |TAMS 0x0000000711800000, 0x0000000711600000| Untracked 
| 140|0x0000000711800000, 0x0000000711a00000, 0x0000000711a00000|100%| O|  |TAMS 0x0000000711a00000, 0x0000000711800000| Untracked 
| 141|0x0000000711a00000, 0x0000000711c00000, 0x0000000711c00000|100%| O|  |TAMS 0x0000000711a00000, 0x0000000711a00000| Untracked 
| 142|0x0000000711c00000, 0x0000000711e00000, 0x0000000711e00000|100%| O|  |TAMS 0x0000000711c00000, 0x0000000711c00000| Untracked 
| 143|0x0000000711e00000, 0x0000000712000000, 0x0000000712000000|100%| O|  |TAMS 0x0000000711e00000, 0x0000000711e00000| Untracked 
| 144|0x0000000712000000, 0x0000000712200000, 0x0000000712200000|100%| O|  |TAMS 0x0000000712200000, 0x0000000712000000| Untracked 
| 145|0x0000000712200000, 0x0000000712400000, 0x0000000712400000|100%| O|  |TAMS 0x0000000712400000, 0x0000000712200000| Untracked 
| 146|0x0000000712400000, 0x0000000712600000, 0x0000000712600000|100%| O|  |TAMS 0x0000000712600000, 0x0000000712400000| Untracked 
| 147|0x0000000712600000, 0x0000000712800000, 0x0000000712800000|100%| O|  |TAMS 0x0000000712800000, 0x0000000712600000| Untracked 
| 148|0x0000000712800000, 0x0000000712a00000, 0x0000000712a00000|100%| O|  |TAMS 0x0000000712a00000, 0x0000000712800000| Untracked 
| 149|0x0000000712a00000, 0x0000000712c00000, 0x0000000712c00000|100%| O|  |TAMS 0x0000000712c00000, 0x0000000712a00000| Untracked 
| 150|0x0000000712c00000, 0x0000000712e00000, 0x0000000712e00000|100%| O|  |TAMS 0x0000000712e00000, 0x0000000712c00000| Untracked 
| 151|0x0000000712e00000, 0x0000000713000000, 0x0000000713000000|100%| O|  |TAMS 0x0000000713000000, 0x0000000712e00000| Untracked 
| 152|0x0000000713000000, 0x0000000713200000, 0x0000000713200000|100%| O|  |TAMS 0x0000000713200000, 0x0000000713000000| Untracked 
| 153|0x0000000713200000, 0x0000000713400000, 0x0000000713400000|100%| O|  |TAMS 0x0000000713400000, 0x0000000713200000| Untracked 
| 154|0x0000000713400000, 0x0000000713600000, 0x0000000713600000|100%| O|  |TAMS 0x0000000713600000, 0x0000000713400000| Untracked 
| 155|0x0000000713600000, 0x0000000713800000, 0x0000000713800000|100%| O|  |TAMS 0x0000000713800000, 0x0000000713600000| Untracked 
| 156|0x0000000713800000, 0x0000000713a00000, 0x0000000713a00000|100%| O|  |TAMS 0x0000000713a00000, 0x0000000713800000| Untracked 
| 157|0x0000000713a00000, 0x0000000713c00000, 0x0000000713c00000|100%| O|  |TAMS 0x0000000713a00000, 0x0000000713a00000| Untracked 
| 158|0x0000000713c00000, 0x0000000713e00000, 0x0000000713e00000|100%| O|  |TAMS 0x0000000713e00000, 0x0000000713c00000| Untracked 
| 159|0x0000000713e00000, 0x0000000714000000, 0x0000000714000000|100%| O|  |TAMS 0x0000000714000000, 0x0000000713e00000| Untracked 
| 160|0x0000000714000000, 0x0000000714200000, 0x0000000714200000|100%| O|  |TAMS 0x0000000714200000, 0x0000000714000000| Untracked 
| 161|0x0000000714200000, 0x0000000714400000, 0x0000000714400000|100%| O|  |TAMS 0x0000000714400000, 0x0000000714200000| Untracked 
| 162|0x0000000714400000, 0x0000000714600000, 0x0000000714600000|100%| O|  |TAMS 0x0000000714600000, 0x0000000714400000| Untracked 
| 163|0x0000000714600000, 0x0000000714800000, 0x0000000714800000|100%| O|  |TAMS 0x0000000714800000, 0x0000000714600000| Untracked 
| 164|0x0000000714800000, 0x0000000714a00000, 0x0000000714a00000|100%| O|  |TAMS 0x0000000714a00000, 0x0000000714800000| Untracked 
| 165|0x0000000714a00000, 0x0000000714c00000, 0x0000000714c00000|100%| O|  |TAMS 0x0000000714c00000, 0x0000000714a00000| Untracked 
| 166|0x0000000714c00000, 0x0000000714e00000, 0x0000000714e00000|100%| O|  |TAMS 0x0000000714e00000, 0x0000000714c00000| Untracked 
| 167|0x0000000714e00000, 0x0000000715000000, 0x0000000715000000|100%| O|  |TAMS 0x0000000715000000, 0x0000000714e00000| Untracked 
| 168|0x0000000715000000, 0x0000000715200000, 0x0000000715200000|100%| O|  |TAMS 0x0000000715000000, 0x0000000715000000| Untracked 
| 169|0x0000000715200000, 0x0000000715400000, 0x0000000715400000|100%| O|  |TAMS 0x0000000715400000, 0x0000000715200000| Untracked 
| 170|0x0000000715400000, 0x0000000715600000, 0x0000000715600000|100%| O|  |TAMS 0x00000007154faa00, 0x0000000715400000| Untracked 
| 171|0x0000000715600000, 0x0000000715800000, 0x0000000715800000|100%| O|  |TAMS 0x0000000715600000, 0x0000000715600000| Untracked 
| 172|0x0000000715800000, 0x0000000715a00000, 0x0000000715a00000|100%| O|  |TAMS 0x0000000715800000, 0x0000000715800000| Untracked 
| 173|0x0000000715a00000, 0x0000000715c00000, 0x0000000715c00000|100%| O|  |TAMS 0x0000000715a00000, 0x0000000715a00000| Untracked 
| 174|0x0000000715c00000, 0x0000000715e00000, 0x0000000715e00000|100%| O|  |TAMS 0x0000000715c00000, 0x0000000715c00000| Untracked 
| 175|0x0000000715e00000, 0x0000000716000000, 0x0000000716000000|100%| O|  |TAMS 0x0000000715e00000, 0x0000000715e00000| Untracked 
| 176|0x0000000716000000, 0x0000000716200000, 0x0000000716200000|100%| O|  |TAMS 0x0000000716000000, 0x0000000716000000| Untracked 
| 177|0x0000000716200000, 0x0000000716400000, 0x0000000716400000|100%| O|  |TAMS 0x0000000716200000, 0x0000000716200000| Untracked 
| 178|0x0000000716400000, 0x0000000716600000, 0x0000000716600000|100%| O|  |TAMS 0x0000000716400000, 0x0000000716400000| Untracked 
| 179|0x0000000716600000, 0x0000000716800000, 0x0000000716800000|100%| O|  |TAMS 0x0000000716600000, 0x0000000716600000| Untracked 
| 180|0x0000000716800000, 0x0000000716a00000, 0x0000000716a00000|100%| O|  |TAMS 0x0000000716800000, 0x0000000716800000| Untracked 
| 181|0x0000000716a00000, 0x0000000716c00000, 0x0000000716c00000|100%| O|  |TAMS 0x0000000716a00000, 0x0000000716a00000| Untracked 
| 182|0x0000000716c00000, 0x0000000716e00000, 0x0000000716e00000|100%| O|  |TAMS 0x0000000716c00000, 0x0000000716c00000| Untracked 
| 183|0x0000000716e00000, 0x0000000717000000, 0x0000000717000000|100%| O|  |TAMS 0x0000000716e00000, 0x0000000716e00000| Untracked 
| 184|0x0000000717000000, 0x0000000717200000, 0x0000000717200000|100%| O|  |TAMS 0x0000000717000000, 0x0000000717000000| Untracked 
| 185|0x0000000717200000, 0x0000000717400000, 0x0000000717400000|100%| O|  |TAMS 0x0000000717200000, 0x0000000717200000| Untracked 
| 186|0x0000000717400000, 0x0000000717600000, 0x0000000717600000|100%| O|  |TAMS 0x0000000717400000, 0x0000000717400000| Untracked 
| 187|0x0000000717600000, 0x0000000717800000, 0x0000000717800000|100%| O|  |TAMS 0x0000000717600000, 0x0000000717600000| Untracked 
| 188|0x0000000717800000, 0x0000000717a00000, 0x0000000717a00000|100%| O|  |TAMS 0x0000000717800000, 0x0000000717800000| Untracked 
| 189|0x0000000717a00000, 0x0000000717c00000, 0x0000000717c00000|100%| O|  |TAMS 0x0000000717a00000, 0x0000000717a00000| Untracked 
| 190|0x0000000717c00000, 0x0000000717e00000, 0x0000000717e00000|100%| O|  |TAMS 0x0000000717c00000, 0x0000000717c00000| Untracked 
| 191|0x0000000717e00000, 0x0000000718000000, 0x0000000718000000|100%| O|  |TAMS 0x0000000717e00000, 0x0000000717e00000| Untracked 
| 192|0x0000000718000000, 0x0000000718200000, 0x0000000718200000|100%| O|  |TAMS 0x0000000718000000, 0x0000000718000000| Untracked 
| 193|0x0000000718200000, 0x0000000718400000, 0x0000000718400000|100%| O|  |TAMS 0x0000000718200000, 0x0000000718200000| Untracked 
| 194|0x0000000718400000, 0x0000000718600000, 0x0000000718600000|100%| O|  |TAMS 0x0000000718400000, 0x0000000718400000| Untracked 
| 195|0x0000000718600000, 0x0000000718800000, 0x0000000718800000|100%| O|  |TAMS 0x0000000718600000, 0x0000000718600000| Untracked 
| 196|0x0000000718800000, 0x0000000718a00000, 0x0000000718a00000|100%| O|  |TAMS 0x0000000718800000, 0x0000000718800000| Untracked 
| 197|0x0000000718a00000, 0x0000000718c00000, 0x0000000718c00000|100%| O|  |TAMS 0x0000000718a00000, 0x0000000718a00000| Untracked 
| 198|0x0000000718c00000, 0x0000000718e00000, 0x0000000718e00000|100%| O|  |TAMS 0x0000000718c00000, 0x0000000718c00000| Untracked 
| 199|0x0000000718e00000, 0x0000000719000000, 0x0000000719000000|100%| O|  |TAMS 0x0000000718e00000, 0x0000000718e00000| Untracked 
| 200|0x0000000719000000, 0x0000000719200000, 0x0000000719200000|100%| O|  |TAMS 0x0000000719000000, 0x0000000719000000| Untracked 
| 201|0x0000000719200000, 0x0000000719400000, 0x0000000719400000|100%| O|  |TAMS 0x0000000719200000, 0x0000000719200000| Untracked 
| 202|0x0000000719400000, 0x0000000719600000, 0x0000000719600000|100%|HS|  |TAMS 0x0000000719400000, 0x0000000719400000| Complete 
| 203|0x0000000719600000, 0x0000000719800000, 0x0000000719800000|100%| O|  |TAMS 0x0000000719600000, 0x0000000719600000| Untracked 
| 204|0x0000000719800000, 0x0000000719a00000, 0x0000000719a00000|100%| O|  |TAMS 0x0000000719800000, 0x0000000719800000| Untracked 
| 205|0x0000000719a00000, 0x0000000719c00000, 0x0000000719c00000|100%| O|  |TAMS 0x0000000719a00000, 0x0000000719a00000| Untracked 
| 206|0x0000000719c00000, 0x0000000719e00000, 0x0000000719e00000|100%| O|  |TAMS 0x0000000719c00000, 0x0000000719c00000| Untracked 
| 207|0x0000000719e00000, 0x000000071a000000, 0x000000071a000000|100%| O|  |TAMS 0x0000000719e00000, 0x0000000719e00000| Untracked 
| 208|0x000000071a000000, 0x000000071a200000, 0x000000071a200000|100%| O|  |TAMS 0x000000071a000000, 0x000000071a000000| Untracked 
| 209|0x000000071a200000, 0x000000071a400000, 0x000000071a400000|100%| O|  |TAMS 0x000000071a200000, 0x000000071a200000| Untracked 
| 210|0x000000071a400000, 0x000000071a600000, 0x000000071a600000|100%| O|  |TAMS 0x000000071a400000, 0x000000071a400000| Untracked 
| 211|0x000000071a600000, 0x000000071a800000, 0x000000071a800000|100%| O|  |TAMS 0x000000071a600000, 0x000000071a600000| Untracked 
| 212|0x000000071a800000, 0x000000071aa00000, 0x000000071aa00000|100%| O|  |TAMS 0x000000071a800000, 0x000000071a800000| Untracked 
| 213|0x000000071aa00000, 0x000000071ac00000, 0x000000071ac00000|100%| O|  |TAMS 0x000000071aa00000, 0x000000071aa00000| Untracked 
| 214|0x000000071ac00000, 0x000000071ae00000, 0x000000071ae00000|100%| O|  |TAMS 0x000000071ac00000, 0x000000071ac00000| Untracked 
| 215|0x000000071ae00000, 0x000000071b000000, 0x000000071b000000|100%| O|  |TAMS 0x000000071ae00000, 0x000000071ae00000| Untracked 
| 216|0x000000071b000000, 0x000000071b200000, 0x000000071b200000|100%| O|  |TAMS 0x000000071b000000, 0x000000071b000000| Untracked 
| 217|0x000000071b200000, 0x000000071b400000, 0x000000071b400000|100%| O|  |TAMS 0x000000071b200000, 0x000000071b200000| Untracked 
| 218|0x000000071b400000, 0x000000071b600000, 0x000000071b600000|100%| O|  |TAMS 0x000000071b400000, 0x000000071b400000| Untracked 
| 219|0x000000071b600000, 0x000000071b800000, 0x000000071b800000|100%| O|  |TAMS 0x000000071b600000, 0x000000071b600000| Untracked 
| 220|0x000000071b800000, 0x000000071ba00000, 0x000000071ba00000|100%| O|  |TAMS 0x000000071b800000, 0x000000071b800000| Untracked 
| 221|0x000000071ba00000, 0x000000071bc00000, 0x000000071bc00000|100%| O|  |TAMS 0x000000071ba00000, 0x000000071ba00000| Untracked 
| 222|0x000000071bc00000, 0x000000071be00000, 0x000000071be00000|100%| O|  |TAMS 0x000000071bc00000, 0x000000071bc00000| Untracked 
| 223|0x000000071be00000, 0x000000071c000000, 0x000000071c000000|100%| O|  |TAMS 0x000000071be00000, 0x000000071be00000| Untracked 
| 224|0x000000071c000000, 0x000000071c200000, 0x000000071c200000|100%| O|  |TAMS 0x000000071c000000, 0x000000071c000000| Untracked 
| 225|0x000000071c200000, 0x000000071c400000, 0x000000071c400000|100%| O|  |TAMS 0x000000071c200000, 0x000000071c200000| Untracked 
| 226|0x000000071c400000, 0x000000071c600000, 0x000000071c600000|100%| O|  |TAMS 0x000000071c400000, 0x000000071c400000| Untracked 
| 227|0x000000071c600000, 0x000000071c800000, 0x000000071c800000|100%| O|  |TAMS 0x000000071c600000, 0x000000071c600000| Untracked 
| 228|0x000000071c800000, 0x000000071ca00000, 0x000000071ca00000|100%| O|  |TAMS 0x000000071c800000, 0x000000071c800000| Untracked 
| 229|0x000000071ca00000, 0x000000071cc00000, 0x000000071cc00000|100%| O|  |TAMS 0x000000071ca00000, 0x000000071ca00000| Untracked 
| 230|0x000000071cc00000, 0x000000071ce00000, 0x000000071ce00000|100%| O|  |TAMS 0x000000071cc00000, 0x000000071cc00000| Untracked 
| 231|0x000000071ce00000, 0x000000071d000000, 0x000000071d000000|100%| O|  |TAMS 0x000000071ce00000, 0x000000071ce00000| Untracked 
| 232|0x000000071d000000, 0x000000071d200000, 0x000000071d200000|100%| O|  |TAMS 0x000000071d000000, 0x000000071d000000| Untracked 
| 233|0x000000071d200000, 0x000000071d400000, 0x000000071d400000|100%| O|  |TAMS 0x000000071d200000, 0x000000071d200000| Untracked 
| 234|0x000000071d400000, 0x000000071d600000, 0x000000071d600000|100%| O|  |TAMS 0x000000071d400000, 0x000000071d400000| Untracked 
| 235|0x000000071d600000, 0x000000071d800000, 0x000000071d800000|100%| O|  |TAMS 0x000000071d600000, 0x000000071d600000| Untracked 
| 236|0x000000071d800000, 0x000000071da00000, 0x000000071da00000|100%| O|  |TAMS 0x000000071d800000, 0x000000071d800000| Untracked 
| 237|0x000000071da00000, 0x000000071dc00000, 0x000000071dc00000|100%| O|  |TAMS 0x000000071da00000, 0x000000071da00000| Untracked 
| 238|0x000000071dc00000, 0x000000071de00000, 0x000000071de00000|100%| O|  |TAMS 0x000000071dc00000, 0x000000071dc00000| Untracked 
| 239|0x000000071de00000, 0x000000071e000000, 0x000000071e000000|100%| O|  |TAMS 0x000000071de00000, 0x000000071de00000| Untracked 
| 240|0x000000071e000000, 0x000000071e200000, 0x000000071e200000|100%| O|  |TAMS 0x000000071e000000, 0x000000071e000000| Untracked 
| 241|0x000000071e200000, 0x000000071e400000, 0x000000071e400000|100%| O|  |TAMS 0x000000071e200000, 0x000000071e200000| Untracked 
| 242|0x000000071e400000, 0x000000071e600000, 0x000000071e600000|100%| O|  |TAMS 0x000000071e400000, 0x000000071e400000| Untracked 
| 243|0x000000071e600000, 0x000000071e800000, 0x000000071e800000|100%| O|  |TAMS 0x000000071e600000, 0x000000071e600000| Untracked 
| 244|0x000000071e800000, 0x000000071ea00000, 0x000000071ea00000|100%| O|  |TAMS 0x000000071e800000, 0x000000071e800000| Untracked 
| 245|0x000000071ea00000, 0x000000071ec00000, 0x000000071ec00000|100%| O|  |TAMS 0x000000071ea00000, 0x000000071ea00000| Untracked 
| 246|0x000000071ec00000, 0x000000071ee00000, 0x000000071ee00000|100%| O|  |TAMS 0x000000071ec00000, 0x000000071ec00000| Untracked 
| 247|0x000000071ee00000, 0x000000071f000000, 0x000000071f000000|100%| O|  |TAMS 0x000000071ee00000, 0x000000071ee00000| Untracked 
| 248|0x000000071f000000, 0x000000071f200000, 0x000000071f200000|100%| O|  |TAMS 0x000000071f000000, 0x000000071f000000| Untracked 
| 249|0x000000071f200000, 0x000000071f400000, 0x000000071f400000|100%| O|  |TAMS 0x000000071f200000, 0x000000071f200000| Untracked 
| 250|0x000000071f400000, 0x000000071f600000, 0x000000071f600000|100%| O|  |TAMS 0x000000071f400000, 0x000000071f400000| Untracked 
| 251|0x000000071f600000, 0x000000071f800000, 0x000000071f800000|100%| O|  |TAMS 0x000000071f600000, 0x000000071f600000| Untracked 
| 252|0x000000071f800000, 0x000000071fa00000, 0x000000071fa00000|100%| O|  |TAMS 0x000000071f800000, 0x000000071f800000| Untracked 
| 253|0x000000071fa00000, 0x000000071fc00000, 0x000000071fc00000|100%| O|  |TAMS 0x000000071fa00000, 0x000000071fa00000| Untracked 
| 254|0x000000071fc00000, 0x000000071fe00000, 0x000000071fe00000|100%| O|  |TAMS 0x000000071fc00000, 0x000000071fc00000| Untracked 
| 255|0x000000071fe00000, 0x0000000720000000, 0x0000000720000000|100%| O|  |TAMS 0x000000071fe00000, 0x000000071fe00000| Untracked 
| 256|0x0000000720000000, 0x0000000720200000, 0x0000000720200000|100%| O|  |TAMS 0x0000000720000000, 0x0000000720000000| Untracked 
| 257|0x0000000720200000, 0x0000000720400000, 0x0000000720400000|100%| O|  |TAMS 0x0000000720200000, 0x0000000720200000| Untracked 
| 258|0x0000000720400000, 0x0000000720600000, 0x0000000720600000|100%| O|  |TAMS 0x0000000720400000, 0x0000000720400000| Untracked 
| 259|0x0000000720600000, 0x0000000720800000, 0x0000000720800000|100%| O|  |TAMS 0x0000000720600000, 0x0000000720600000| Untracked 
| 260|0x0000000720800000, 0x0000000720a00000, 0x0000000720a00000|100%| O|  |TAMS 0x0000000720800000, 0x0000000720800000| Untracked 
| 261|0x0000000720a00000, 0x0000000720c00000, 0x0000000720c00000|100%| O|  |TAMS 0x0000000720a00000, 0x0000000720a00000| Untracked 
| 262|0x0000000720c00000, 0x0000000720e00000, 0x0000000720e00000|100%| O|  |TAMS 0x0000000720c00000, 0x0000000720c00000| Untracked 
| 263|0x0000000720e00000, 0x0000000721000000, 0x0000000721000000|100%| O|  |TAMS 0x0000000720e00000, 0x0000000720e00000| Untracked 
| 264|0x0000000721000000, 0x0000000721200000, 0x0000000721200000|100%| O|  |TAMS 0x0000000721000000, 0x0000000721000000| Untracked 
| 265|0x0000000721200000, 0x0000000721400000, 0x0000000721400000|100%|HS|  |TAMS 0x0000000721200000, 0x0000000721200000| Complete 
| 266|0x0000000721400000, 0x0000000721600000, 0x0000000721600000|100%|HS|  |TAMS 0x0000000721400000, 0x0000000721400000| Complete 
| 267|0x0000000721600000, 0x0000000721800000, 0x0000000721800000|100%|HS|  |TAMS 0x0000000721600000, 0x0000000721600000| Complete 
| 268|0x0000000721800000, 0x0000000721a00000, 0x0000000721a00000|100%| O|  |TAMS 0x0000000721800000, 0x0000000721800000| Untracked 
| 269|0x0000000721a00000, 0x0000000721c00000, 0x0000000721c00000|100%| O|  |TAMS 0x0000000721a00000, 0x0000000721a00000| Untracked 
| 270|0x0000000721c00000, 0x0000000721e00000, 0x0000000721e00000|100%| O|  |TAMS 0x0000000721c00000, 0x0000000721c00000| Untracked 
| 271|0x0000000721e00000, 0x0000000722000000, 0x0000000722000000|100%| O|  |TAMS 0x0000000721e00000, 0x0000000721e00000| Untracked 
| 272|0x0000000722000000, 0x0000000722200000, 0x0000000722200000|100%| O|  |TAMS 0x0000000722000000, 0x0000000722000000| Untracked 
| 273|0x0000000722200000, 0x0000000722400000, 0x0000000722400000|100%| O|  |TAMS 0x0000000722200000, 0x0000000722200000| Untracked 
| 274|0x0000000722400000, 0x0000000722600000, 0x0000000722600000|100%| O|  |TAMS 0x0000000722400000, 0x0000000722400000| Untracked 
| 275|0x0000000722600000, 0x0000000722800000, 0x0000000722800000|100%| O|  |TAMS 0x0000000722600000, 0x0000000722600000| Untracked 
| 276|0x0000000722800000, 0x0000000722a00000, 0x0000000722a00000|100%| O|  |TAMS 0x0000000722800000, 0x0000000722800000| Untracked 
| 277|0x0000000722a00000, 0x0000000722c00000, 0x0000000722c00000|100%| O|  |TAMS 0x0000000722a00000, 0x0000000722a00000| Untracked 
| 278|0x0000000722c00000, 0x0000000722e00000, 0x0000000722e00000|100%| O|  |TAMS 0x0000000722c00000, 0x0000000722c00000| Untracked 
| 279|0x0000000722e00000, 0x0000000723000000, 0x0000000723000000|100%| O|  |TAMS 0x0000000722e00000, 0x0000000722e00000| Untracked 
| 280|0x0000000723000000, 0x0000000723200000, 0x0000000723200000|100%| O|  |TAMS 0x0000000723000000, 0x0000000723000000| Untracked 
| 281|0x0000000723200000, 0x0000000723400000, 0x0000000723400000|100%| O|  |TAMS 0x0000000723200000, 0x0000000723200000| Untracked 
| 282|0x0000000723400000, 0x0000000723600000, 0x0000000723600000|100%| O|  |TAMS 0x0000000723400000, 0x0000000723400000| Untracked 
| 283|0x0000000723600000, 0x0000000723800000, 0x0000000723800000|100%| O|  |TAMS 0x0000000723600000, 0x0000000723600000| Untracked 
| 284|0x0000000723800000, 0x0000000723a00000, 0x0000000723a00000|100%| O|  |TAMS 0x0000000723800000, 0x0000000723800000| Untracked 
| 285|0x0000000723a00000, 0x0000000723c00000, 0x0000000723c00000|100%| O|  |TAMS 0x0000000723a00000, 0x0000000723a00000| Untracked 
| 286|0x0000000723c00000, 0x0000000723e00000, 0x0000000723e00000|100%| O|  |TAMS 0x0000000723c00000, 0x0000000723c00000| Untracked 
| 287|0x0000000723e00000, 0x0000000724000000, 0x0000000724000000|100%| O|  |TAMS 0x0000000723e00000, 0x0000000723e00000| Untracked 
| 288|0x0000000724000000, 0x0000000724200000, 0x0000000724200000|100%| O|  |TAMS 0x0000000724000000, 0x0000000724000000| Untracked 
| 289|0x0000000724200000, 0x0000000724400000, 0x0000000724400000|100%| O|  |TAMS 0x0000000724200000, 0x0000000724200000| Untracked 
| 290|0x0000000724400000, 0x0000000724600000, 0x0000000724600000|100%| O|  |TAMS 0x0000000724400000, 0x0000000724400000| Untracked 
| 291|0x0000000724600000, 0x0000000724800000, 0x0000000724800000|100%| O|  |TAMS 0x0000000724600000, 0x0000000724600000| Untracked 
| 292|0x0000000724800000, 0x0000000724a00000, 0x0000000724a00000|100%| O|  |TAMS 0x0000000724800000, 0x0000000724800000| Untracked 
| 293|0x0000000724a00000, 0x0000000724c00000, 0x0000000724c00000|100%| O|  |TAMS 0x0000000724a00000, 0x0000000724a00000| Untracked 
| 294|0x0000000724c00000, 0x0000000724e00000, 0x0000000724e00000|100%| O|  |TAMS 0x0000000724c00000, 0x0000000724c00000| Untracked 
| 295|0x0000000724e00000, 0x0000000725000000, 0x0000000725000000|100%| O|  |TAMS 0x0000000724e00000, 0x0000000724e00000| Untracked 
| 296|0x0000000725000000, 0x0000000725200000, 0x0000000725200000|100%|HS|  |TAMS 0x0000000725000000, 0x0000000725000000| Complete 
| 297|0x0000000725200000, 0x0000000725400000, 0x0000000725400000|100%|HS|  |TAMS 0x0000000725200000, 0x0000000725200000| Complete 
| 298|0x0000000725400000, 0x0000000725600000, 0x0000000725600000|100%|HC|  |TAMS 0x0000000725400000, 0x0000000725400000| Complete 
| 299|0x0000000725600000, 0x0000000725800000, 0x0000000725800000|100%| O|  |TAMS 0x0000000725600000, 0x0000000725600000| Untracked 
| 300|0x0000000725800000, 0x0000000725a00000, 0x0000000725a00000|100%| O|  |TAMS 0x0000000725800000, 0x0000000725800000| Untracked 
| 301|0x0000000725a00000, 0x0000000725c00000, 0x0000000725c00000|100%| O|  |TAMS 0x0000000725a00000, 0x0000000725a00000| Untracked 
| 302|0x0000000725c00000, 0x0000000725e00000, 0x0000000725e00000|100%| O|  |TAMS 0x0000000725c00000, 0x0000000725c00000| Untracked 
| 303|0x0000000725e00000, 0x0000000726000000, 0x0000000726000000|100%| O|  |TAMS 0x0000000725e00000, 0x0000000725e00000| Untracked 
| 304|0x0000000726000000, 0x0000000726200000, 0x0000000726200000|100%| O|  |TAMS 0x0000000726000000, 0x0000000726000000| Untracked 
| 305|0x0000000726200000, 0x0000000726400000, 0x0000000726400000|100%| O|  |TAMS 0x0000000726200000, 0x0000000726200000| Untracked 
| 306|0x0000000726400000, 0x0000000726600000, 0x0000000726600000|100%| O|  |TAMS 0x0000000726400000, 0x0000000726400000| Untracked 
| 307|0x0000000726600000, 0x0000000726800000, 0x0000000726800000|100%| O|  |TAMS 0x0000000726600000, 0x0000000726600000| Untracked 
| 308|0x0000000726800000, 0x0000000726a00000, 0x0000000726a00000|100%| O|  |TAMS 0x0000000726800000, 0x0000000726800000| Untracked 
| 309|0x0000000726a00000, 0x0000000726c00000, 0x0000000726c00000|100%| O|  |TAMS 0x0000000726a00000, 0x0000000726a00000| Untracked 
| 310|0x0000000726c00000, 0x0000000726e00000, 0x0000000726e00000|100%| O|  |TAMS 0x0000000726c00000, 0x0000000726c00000| Untracked 
| 311|0x0000000726e00000, 0x0000000727000000, 0x0000000727000000|100%| O|  |TAMS 0x0000000726e00000, 0x0000000726e00000| Untracked 
| 312|0x0000000727000000, 0x0000000727200000, 0x0000000727200000|100%| O|  |TAMS 0x0000000727000000, 0x0000000727000000| Untracked 
| 313|0x0000000727200000, 0x0000000727400000, 0x0000000727400000|100%| O|  |TAMS 0x0000000727200000, 0x0000000727200000| Untracked 
| 314|0x0000000727400000, 0x0000000727600000, 0x0000000727600000|100%| O|  |TAMS 0x0000000727400000, 0x0000000727400000| Untracked 
| 315|0x0000000727600000, 0x0000000727800000, 0x0000000727800000|100%| O|  |TAMS 0x0000000727600000, 0x0000000727600000| Untracked 
| 316|0x0000000727800000, 0x0000000727a00000, 0x0000000727a00000|100%| O|  |TAMS 0x0000000727800000, 0x0000000727800000| Untracked 
| 317|0x0000000727a00000, 0x0000000727c00000, 0x0000000727c00000|100%| O|  |TAMS 0x0000000727a00000, 0x0000000727a00000| Untracked 
| 318|0x0000000727c00000, 0x0000000727e00000, 0x0000000727e00000|100%| O|  |TAMS 0x0000000727c00000, 0x0000000727c00000| Untracked 
| 319|0x0000000727e00000, 0x0000000728000000, 0x0000000728000000|100%| O|  |TAMS 0x0000000727e00000, 0x0000000727e00000| Untracked 
| 320|0x0000000728000000, 0x0000000728200000, 0x0000000728200000|100%| O|  |TAMS 0x0000000728000000, 0x0000000728000000| Untracked 
| 321|0x0000000728200000, 0x0000000728400000, 0x0000000728400000|100%| O|  |TAMS 0x0000000728200000, 0x0000000728200000| Untracked 
| 322|0x0000000728400000, 0x0000000728600000, 0x0000000728600000|100%| O|  |TAMS 0x0000000728400000, 0x0000000728400000| Untracked 
| 323|0x0000000728600000, 0x0000000728800000, 0x0000000728800000|100%| O|  |TAMS 0x0000000728600000, 0x0000000728600000| Untracked 
| 324|0x0000000728800000, 0x0000000728a00000, 0x0000000728a00000|100%| O|  |TAMS 0x0000000728800000, 0x0000000728800000| Untracked 
| 325|0x0000000728a00000, 0x0000000728c00000, 0x0000000728c00000|100%| O|  |TAMS 0x0000000728a00000, 0x0000000728a00000| Untracked 
| 326|0x0000000728c00000, 0x0000000728e00000, 0x0000000728e00000|100%| O|  |TAMS 0x0000000728c00000, 0x0000000728c00000| Untracked 
| 327|0x0000000728e00000, 0x0000000729000000, 0x0000000729000000|100%| O|  |TAMS 0x0000000728e00000, 0x0000000728e00000| Untracked 
| 328|0x0000000729000000, 0x0000000729200000, 0x0000000729200000|100%| O|  |TAMS 0x0000000729000000, 0x0000000729000000| Untracked 
| 329|0x0000000729200000, 0x0000000729400000, 0x0000000729400000|100%| O|  |TAMS 0x0000000729200000, 0x0000000729200000| Untracked 
| 330|0x0000000729400000, 0x0000000729600000, 0x0000000729600000|100%| O|  |TAMS 0x0000000729400000, 0x0000000729400000| Untracked 
| 331|0x0000000729600000, 0x0000000729800000, 0x0000000729800000|100%| O|  |TAMS 0x0000000729600000, 0x0000000729600000| Untracked 
| 332|0x0000000729800000, 0x0000000729a00000, 0x0000000729a00000|100%| O|  |TAMS 0x0000000729800000, 0x0000000729800000| Untracked 
| 333|0x0000000729a00000, 0x0000000729c00000, 0x0000000729c00000|100%| O|  |TAMS 0x0000000729a00000, 0x0000000729a00000| Untracked 
| 334|0x0000000729c00000, 0x0000000729e00000, 0x0000000729e00000|100%| O|  |TAMS 0x0000000729c00000, 0x0000000729c00000| Untracked 
| 335|0x0000000729e00000, 0x000000072a000000, 0x000000072a000000|100%| O|  |TAMS 0x0000000729e00000, 0x0000000729e00000| Untracked 
| 336|0x000000072a000000, 0x000000072a200000, 0x000000072a200000|100%| O|  |TAMS 0x000000072a000000, 0x000000072a000000| Untracked 
| 337|0x000000072a200000, 0x000000072a400000, 0x000000072a400000|100%| O|  |TAMS 0x000000072a200000, 0x000000072a200000| Untracked 
| 338|0x000000072a400000, 0x000000072a600000, 0x000000072a600000|100%| O|  |TAMS 0x000000072a400000, 0x000000072a400000| Untracked 
| 339|0x000000072a600000, 0x000000072a800000, 0x000000072a800000|100%| O|  |TAMS 0x000000072a600000, 0x000000072a600000| Untracked 
| 340|0x000000072a800000, 0x000000072aa00000, 0x000000072aa00000|100%| O|  |TAMS 0x000000072a800000, 0x000000072a800000| Untracked 
| 341|0x000000072aa00000, 0x000000072ac00000, 0x000000072ac00000|100%| O|  |TAMS 0x000000072aa00000, 0x000000072aa00000| Untracked 
| 342|0x000000072ac00000, 0x000000072ae00000, 0x000000072ae00000|100%| O|  |TAMS 0x000000072ac00000, 0x000000072ac00000| Untracked 
| 343|0x000000072ae00000, 0x000000072b000000, 0x000000072b000000|100%| O|  |TAMS 0x000000072ae00000, 0x000000072ae00000| Untracked 
| 344|0x000000072b000000, 0x000000072b200000, 0x000000072b200000|100%| O|  |TAMS 0x000000072b000000, 0x000000072b000000| Untracked 
| 345|0x000000072b200000, 0x000000072b400000, 0x000000072b400000|100%| O|  |TAMS 0x000000072b200000, 0x000000072b200000| Untracked 
| 346|0x000000072b400000, 0x000000072b600000, 0x000000072b600000|100%| O|  |TAMS 0x000000072b400000, 0x000000072b400000| Untracked 
| 347|0x000000072b600000, 0x000000072b800000, 0x000000072b800000|100%| O|  |TAMS 0x000000072b600000, 0x000000072b600000| Untracked 
| 348|0x000000072b800000, 0x000000072ba00000, 0x000000072ba00000|100%| O|  |TAMS 0x000000072b800000, 0x000000072b800000| Untracked 
| 349|0x000000072ba00000, 0x000000072bc00000, 0x000000072bc00000|100%| O|  |TAMS 0x000000072ba00000, 0x000000072ba00000| Untracked 
| 350|0x000000072bc00000, 0x000000072be00000, 0x000000072be00000|100%| O|  |TAMS 0x000000072bc00000, 0x000000072bc00000| Untracked 
| 351|0x000000072be00000, 0x000000072c000000, 0x000000072c000000|100%| O|  |TAMS 0x000000072be00000, 0x000000072be00000| Untracked 
| 352|0x000000072c000000, 0x000000072c200000, 0x000000072c200000|100%| O|  |TAMS 0x000000072c000000, 0x000000072c000000| Untracked 
| 353|0x000000072c200000, 0x000000072c400000, 0x000000072c400000|100%| O|  |TAMS 0x000000072c200000, 0x000000072c200000| Untracked 
| 354|0x000000072c400000, 0x000000072c600000, 0x000000072c600000|100%| O|  |TAMS 0x000000072c400000, 0x000000072c400000| Untracked 
| 355|0x000000072c600000, 0x000000072c800000, 0x000000072c800000|100%| O|  |TAMS 0x000000072c600000, 0x000000072c600000| Untracked 
| 356|0x000000072c800000, 0x000000072ca00000, 0x000000072ca00000|100%|HS|  |TAMS 0x000000072c800000, 0x000000072c800000| Complete 
| 357|0x000000072ca00000, 0x000000072cc00000, 0x000000072cc00000|100%|HC|  |TAMS 0x000000072ca00000, 0x000000072ca00000| Complete 
| 358|0x000000072cc00000, 0x000000072ce00000, 0x000000072ce00000|100%|HC|  |TAMS 0x000000072cc00000, 0x000000072cc00000| Complete 
| 359|0x000000072ce00000, 0x000000072d000000, 0x000000072d000000|100%|HC|  |TAMS 0x000000072ce00000, 0x000000072ce00000| Complete 
| 360|0x000000072d000000, 0x000000072d200000, 0x000000072d200000|100%| O|  |TAMS 0x000000072d000000, 0x000000072d000000| Untracked 
| 361|0x000000072d200000, 0x000000072d400000, 0x000000072d400000|100%| O|  |TAMS 0x000000072d200000, 0x000000072d200000| Untracked 
| 362|0x000000072d400000, 0x000000072d600000, 0x000000072d600000|100%| O|  |TAMS 0x000000072d400000, 0x000000072d400000| Untracked 
| 363|0x000000072d600000, 0x000000072d800000, 0x000000072d800000|100%| O|  |TAMS 0x000000072d600000, 0x000000072d600000| Untracked 
| 364|0x000000072d800000, 0x000000072da00000, 0x000000072da00000|100%| O|  |TAMS 0x000000072d800000, 0x000000072d800000| Untracked 
| 365|0x000000072da00000, 0x000000072dc00000, 0x000000072dc00000|100%| O|  |TAMS 0x000000072da00000, 0x000000072da00000| Untracked 
| 366|0x000000072dc00000, 0x000000072de00000, 0x000000072de00000|100%| O|  |TAMS 0x000000072dc00000, 0x000000072dc00000| Untracked 
| 367|0x000000072de00000, 0x000000072e000000, 0x000000072e000000|100%| O|  |TAMS 0x000000072de00000, 0x000000072de00000| Untracked 
| 368|0x000000072e000000, 0x000000072e200000, 0x000000072e200000|100%| O|  |TAMS 0x000000072e000000, 0x000000072e000000| Untracked 
| 369|0x000000072e200000, 0x000000072e400000, 0x000000072e400000|100%| O|  |TAMS 0x000000072e200000, 0x000000072e200000| Untracked 
| 370|0x000000072e400000, 0x000000072e600000, 0x000000072e600000|100%| O|  |TAMS 0x000000072e400000, 0x000000072e400000| Untracked 
| 371|0x000000072e600000, 0x000000072e800000, 0x000000072e800000|100%| O|  |TAMS 0x000000072e600000, 0x000000072e600000| Untracked 
| 372|0x000000072e800000, 0x000000072ea00000, 0x000000072ea00000|100%| O|  |TAMS 0x000000072e800000, 0x000000072e800000| Untracked 
| 373|0x000000072ea00000, 0x000000072ec00000, 0x000000072ec00000|100%| O|  |TAMS 0x000000072ea00000, 0x000000072ea00000| Untracked 
| 374|0x000000072ec00000, 0x000000072ee00000, 0x000000072ee00000|100%| O|  |TAMS 0x000000072ec00000, 0x000000072ec00000| Untracked 
| 375|0x000000072ee00000, 0x000000072f000000, 0x000000072f000000|100%|HS|  |TAMS 0x000000072ee00000, 0x000000072ee00000| Complete 
| 376|0x000000072f000000, 0x000000072f200000, 0x000000072f200000|100%|HC|  |TAMS 0x000000072f000000, 0x000000072f000000| Complete 
| 377|0x000000072f200000, 0x000000072f400000, 0x000000072f400000|100%|HS|  |TAMS 0x000000072f200000, 0x000000072f200000| Complete 
| 378|0x000000072f400000, 0x000000072f600000, 0x000000072f600000|100%|HS|  |TAMS 0x000000072f400000, 0x000000072f400000| Complete 
| 379|0x000000072f600000, 0x000000072f800000, 0x000000072f800000|100%| O|  |TAMS 0x000000072f600000, 0x000000072f600000| Untracked 
| 380|0x000000072f800000, 0x000000072fa00000, 0x000000072fa00000|100%| O|  |TAMS 0x000000072f800000, 0x000000072f800000| Untracked 
| 381|0x000000072fa00000, 0x000000072fc00000, 0x000000072fc00000|100%| O|  |TAMS 0x000000072fa00000, 0x000000072fa00000| Untracked 
| 382|0x000000072fc00000, 0x000000072fe00000, 0x000000072fe00000|100%| O|  |TAMS 0x000000072fc00000, 0x000000072fc00000| Untracked 
| 383|0x000000072fe00000, 0x0000000730000000, 0x0000000730000000|100%| O|  |TAMS 0x000000072fe00000, 0x000000072fe00000| Untracked 
| 384|0x0000000730000000, 0x0000000730200000, 0x0000000730200000|100%| O|  |TAMS 0x0000000730000000, 0x0000000730000000| Untracked 
| 385|0x0000000730200000, 0x0000000730400000, 0x0000000730400000|100%| O|  |TAMS 0x0000000730200000, 0x0000000730200000| Untracked 
| 386|0x0000000730400000, 0x0000000730600000, 0x0000000730600000|100%| O|  |TAMS 0x0000000730400000, 0x0000000730400000| Untracked 
| 387|0x0000000730600000, 0x0000000730800000, 0x0000000730800000|100%| O|  |TAMS 0x0000000730600000, 0x0000000730600000| Untracked 
| 388|0x0000000730800000, 0x0000000730a00000, 0x0000000730a00000|100%| O|  |TAMS 0x0000000730800000, 0x0000000730800000| Untracked 
| 389|0x0000000730a00000, 0x0000000730c00000, 0x0000000730c00000|100%| O|  |TAMS 0x0000000730a00000, 0x0000000730a00000| Untracked 
| 390|0x0000000730c00000, 0x0000000730e00000, 0x0000000730e00000|100%| O|  |TAMS 0x0000000730c00000, 0x0000000730c00000| Untracked 
| 391|0x0000000730e00000, 0x0000000731000000, 0x0000000731000000|100%| O|  |TAMS 0x0000000730e00000, 0x0000000730e00000| Untracked 
| 392|0x0000000731000000, 0x0000000731200000, 0x0000000731200000|100%| O|  |TAMS 0x0000000731000000, 0x0000000731000000| Untracked 
| 393|0x0000000731200000, 0x0000000731400000, 0x0000000731400000|100%| O|  |TAMS 0x0000000731200000, 0x0000000731200000| Untracked 
| 394|0x0000000731400000, 0x0000000731600000, 0x0000000731600000|100%| O|  |TAMS 0x0000000731400000, 0x0000000731400000| Untracked 
| 395|0x0000000731600000, 0x0000000731800000, 0x0000000731800000|100%| O|  |TAMS 0x0000000731600000, 0x0000000731600000| Untracked 
| 396|0x0000000731800000, 0x0000000731a00000, 0x0000000731a00000|100%| O|  |TAMS 0x0000000731800000, 0x0000000731800000| Untracked 
| 397|0x0000000731a00000, 0x0000000731c00000, 0x0000000731c00000|100%| O|  |TAMS 0x0000000731a00000, 0x0000000731a00000| Untracked 
| 398|0x0000000731c00000, 0x0000000731e00000, 0x0000000731e00000|100%| O|  |TAMS 0x0000000731c00000, 0x0000000731c00000| Untracked 
| 399|0x0000000731e00000, 0x0000000732000000, 0x0000000732000000|100%| O|  |TAMS 0x0000000731e00000, 0x0000000731e00000| Untracked 
| 400|0x0000000732000000, 0x0000000732200000, 0x0000000732200000|100%| O|  |TAMS 0x0000000732000000, 0x0000000732000000| Untracked 
| 401|0x0000000732200000, 0x0000000732400000, 0x0000000732400000|100%| O|  |TAMS 0x0000000732200000, 0x0000000732200000| Untracked 
| 402|0x0000000732400000, 0x0000000732600000, 0x0000000732600000|100%| O|  |TAMS 0x0000000732400000, 0x0000000732400000| Untracked 
| 403|0x0000000732600000, 0x0000000732800000, 0x0000000732800000|100%| O|  |TAMS 0x0000000732600000, 0x0000000732600000| Untracked 
| 404|0x0000000732800000, 0x0000000732a00000, 0x0000000732a00000|100%| O|  |TAMS 0x0000000732800000, 0x0000000732800000| Untracked 
| 405|0x0000000732a00000, 0x0000000732c00000, 0x0000000732c00000|100%| O|  |TAMS 0x0000000732a00000, 0x0000000732a00000| Untracked 
| 406|0x0000000732c00000, 0x0000000732e00000, 0x0000000732e00000|100%| O|  |TAMS 0x0000000732c00000, 0x0000000732c00000| Untracked 
| 407|0x0000000732e00000, 0x0000000733000000, 0x0000000733000000|100%| O|  |TAMS 0x0000000732e00000, 0x0000000732e00000| Untracked 
| 408|0x0000000733000000, 0x0000000733200000, 0x0000000733200000|100%| O|  |TAMS 0x0000000733000000, 0x0000000733000000| Untracked 
| 409|0x0000000733200000, 0x0000000733400000, 0x0000000733400000|100%| O|  |TAMS 0x0000000733200000, 0x0000000733200000| Untracked 
| 410|0x0000000733400000, 0x0000000733600000, 0x0000000733600000|100%| O|  |TAMS 0x0000000733400000, 0x0000000733400000| Untracked 
| 411|0x0000000733600000, 0x0000000733800000, 0x0000000733800000|100%| O|  |TAMS 0x0000000733600000, 0x0000000733600000| Untracked 
| 412|0x0000000733800000, 0x0000000733a00000, 0x0000000733a00000|100%| O|  |TAMS 0x0000000733800000, 0x0000000733800000| Untracked 
| 413|0x0000000733a00000, 0x0000000733c00000, 0x0000000733c00000|100%| O|  |TAMS 0x0000000733a00000, 0x0000000733a00000| Untracked 
| 414|0x0000000733c00000, 0x0000000733e00000, 0x0000000733e00000|100%| O|  |TAMS 0x0000000733c00000, 0x0000000733c00000| Untracked 
| 415|0x0000000733e00000, 0x0000000734000000, 0x0000000734000000|100%| O|  |TAMS 0x0000000733e00000, 0x0000000733e00000| Untracked 
| 416|0x0000000734000000, 0x0000000734200000, 0x0000000734200000|100%| O|  |TAMS 0x0000000734000000, 0x0000000734000000| Untracked 
| 417|0x0000000734200000, 0x0000000734400000, 0x0000000734400000|100%| O|  |TAMS 0x0000000734200000, 0x0000000734200000| Untracked 
| 418|0x0000000734400000, 0x0000000734600000, 0x0000000734600000|100%| O|  |TAMS 0x0000000734400000, 0x0000000734400000| Untracked 
| 419|0x0000000734600000, 0x0000000734800000, 0x0000000734800000|100%| O|  |TAMS 0x0000000734600000, 0x0000000734600000| Untracked 
| 420|0x0000000734800000, 0x0000000734a00000, 0x0000000734a00000|100%| O|  |TAMS 0x0000000734800000, 0x0000000734800000| Untracked 
| 421|0x0000000734a00000, 0x0000000734c00000, 0x0000000734c00000|100%| O|  |TAMS 0x0000000734a00000, 0x0000000734a00000| Untracked 
| 422|0x0000000734c00000, 0x0000000734e00000, 0x0000000734e00000|100%| O|  |TAMS 0x0000000734c00000, 0x0000000734c00000| Untracked 
| 423|0x0000000734e00000, 0x0000000735000000, 0x0000000735000000|100%| O|  |TAMS 0x0000000734e00000, 0x0000000734e00000| Untracked 
| 424|0x0000000735000000, 0x0000000735200000, 0x0000000735200000|100%| O|  |TAMS 0x0000000735000000, 0x0000000735000000| Untracked 
| 425|0x0000000735200000, 0x0000000735400000, 0x0000000735400000|100%| O|  |TAMS 0x0000000735200000, 0x0000000735200000| Untracked 
| 426|0x0000000735400000, 0x0000000735600000, 0x0000000735600000|100%| O|  |TAMS 0x0000000735400000, 0x0000000735400000| Untracked 
| 427|0x0000000735600000, 0x0000000735800000, 0x0000000735800000|100%| O|  |TAMS 0x0000000735600000, 0x0000000735600000| Untracked 
| 428|0x0000000735800000, 0x0000000735a00000, 0x0000000735a00000|100%| O|  |TAMS 0x0000000735800000, 0x0000000735800000| Untracked 
| 429|0x0000000735a00000, 0x0000000735c00000, 0x0000000735c00000|100%| O|  |TAMS 0x0000000735a00000, 0x0000000735a00000| Untracked 
| 430|0x0000000735c00000, 0x0000000735e00000, 0x0000000735e00000|100%| O|  |TAMS 0x0000000735c00000, 0x0000000735c00000| Untracked 
| 431|0x0000000735e00000, 0x0000000736000000, 0x0000000736000000|100%| O|  |TAMS 0x0000000735e00000, 0x0000000735e00000| Untracked 
| 432|0x0000000736000000, 0x0000000736200000, 0x0000000736200000|100%| O|  |TAMS 0x0000000736000000, 0x0000000736000000| Untracked 
| 433|0x0000000736200000, 0x0000000736400000, 0x0000000736400000|100%| O|  |TAMS 0x0000000736200000, 0x0000000736200000| Untracked 
| 434|0x0000000736400000, 0x0000000736600000, 0x0000000736600000|100%| O|  |TAMS 0x0000000736400000, 0x0000000736400000| Untracked 
| 435|0x0000000736600000, 0x0000000736800000, 0x0000000736800000|100%| O|  |TAMS 0x0000000736600000, 0x0000000736600000| Untracked 
| 436|0x0000000736800000, 0x0000000736a00000, 0x0000000736a00000|100%| O|  |TAMS 0x0000000736800000, 0x0000000736800000| Untracked 
| 437|0x0000000736a00000, 0x0000000736c00000, 0x0000000736c00000|100%| O|  |TAMS 0x0000000736a00000, 0x0000000736a00000| Untracked 
| 438|0x0000000736c00000, 0x0000000736e00000, 0x0000000736e00000|100%| O|  |TAMS 0x0000000736c00000, 0x0000000736c00000| Untracked 
| 439|0x0000000736e00000, 0x0000000737000000, 0x0000000737000000|100%| O|  |TAMS 0x0000000736e00000, 0x0000000736e00000| Untracked 
| 440|0x0000000737000000, 0x0000000737200000, 0x0000000737200000|100%| O|  |TAMS 0x0000000737000000, 0x0000000737000000| Untracked 
| 441|0x0000000737200000, 0x0000000737400000, 0x0000000737400000|100%| O|  |TAMS 0x0000000737200000, 0x0000000737200000| Untracked 
| 442|0x0000000737400000, 0x0000000737600000, 0x0000000737600000|100%| O|  |TAMS 0x0000000737400000, 0x0000000737400000| Untracked 
| 443|0x0000000737600000, 0x0000000737800000, 0x0000000737800000|100%|HS|  |TAMS 0x0000000737600000, 0x0000000737600000| Complete 
| 444|0x0000000737800000, 0x0000000737a00000, 0x0000000737a00000|100%|HS|  |TAMS 0x0000000737800000, 0x0000000737800000| Complete 
| 445|0x0000000737a00000, 0x0000000737c00000, 0x0000000737c00000|100%|HC|  |TAMS 0x0000000737a00000, 0x0000000737a00000| Complete 
| 446|0x0000000737c00000, 0x0000000737e00000, 0x0000000737e00000|100%| O|  |TAMS 0x0000000737c00000, 0x0000000737c00000| Untracked 
| 447|0x0000000737e00000, 0x0000000738000000, 0x0000000738000000|100%| O|  |TAMS 0x0000000737e00000, 0x0000000737e00000| Untracked 
| 448|0x0000000738000000, 0x0000000738200000, 0x0000000738200000|100%| O|  |TAMS 0x0000000738000000, 0x0000000738000000| Untracked 
| 449|0x0000000738200000, 0x0000000738400000, 0x0000000738400000|100%| O|  |TAMS 0x0000000738200000, 0x0000000738200000| Untracked 
| 450|0x0000000738400000, 0x0000000738600000, 0x0000000738600000|100%| O|  |TAMS 0x0000000738400000, 0x0000000738400000| Untracked 
| 451|0x0000000738600000, 0x0000000738800000, 0x0000000738800000|100%| O|  |TAMS 0x0000000738600000, 0x0000000738600000| Untracked 
| 452|0x0000000738800000, 0x0000000738a00000, 0x0000000738a00000|100%| O|  |TAMS 0x0000000738800000, 0x0000000738800000| Untracked 
| 453|0x0000000738a00000, 0x0000000738c00000, 0x0000000738c00000|100%| O|  |TAMS 0x0000000738a00000, 0x0000000738a00000| Untracked 
| 454|0x0000000738c00000, 0x0000000738e00000, 0x0000000738e00000|100%| O|  |TAMS 0x0000000738c00000, 0x0000000738c00000| Untracked 
| 455|0x0000000738e00000, 0x0000000739000000, 0x0000000739000000|100%| O|  |TAMS 0x0000000738e00000, 0x0000000738e00000| Untracked 
| 456|0x0000000739000000, 0x0000000739200000, 0x0000000739200000|100%| O|  |TAMS 0x0000000739000000, 0x0000000739000000| Untracked 
| 457|0x0000000739200000, 0x0000000739400000, 0x0000000739400000|100%|HS|  |TAMS 0x0000000739200000, 0x0000000739200000| Complete 
| 458|0x0000000739400000, 0x0000000739600000, 0x0000000739600000|100%|HC|  |TAMS 0x0000000739400000, 0x0000000739400000| Complete 
| 459|0x0000000739600000, 0x0000000739800000, 0x0000000739800000|100%|HS|  |TAMS 0x0000000739600000, 0x0000000739600000| Complete 
| 460|0x0000000739800000, 0x0000000739a00000, 0x0000000739a00000|100%| O|  |TAMS 0x0000000739800000, 0x0000000739800000| Untracked 
| 461|0x0000000739a00000, 0x0000000739c00000, 0x0000000739c00000|100%| O|  |TAMS 0x0000000739a00000, 0x0000000739a00000| Untracked 
| 462|0x0000000739c00000, 0x0000000739e00000, 0x0000000739e00000|100%| O|  |TAMS 0x0000000739c00000, 0x0000000739c00000| Untracked 
| 463|0x0000000739e00000, 0x000000073a000000, 0x000000073a000000|100%| O|  |TAMS 0x0000000739e00000, 0x0000000739e00000| Untracked 
| 464|0x000000073a000000, 0x000000073a200000, 0x000000073a200000|100%| O|  |TAMS 0x000000073a000000, 0x000000073a000000| Untracked 
| 465|0x000000073a200000, 0x000000073a400000, 0x000000073a400000|100%| O|  |TAMS 0x000000073a200000, 0x000000073a200000| Untracked 
| 466|0x000000073a400000, 0x000000073a600000, 0x000000073a600000|100%| O|  |TAMS 0x000000073a400000, 0x000000073a400000| Untracked 
| 467|0x000000073a600000, 0x000000073a800000, 0x000000073a800000|100%| O|  |TAMS 0x000000073a600000, 0x000000073a600000| Untracked 
| 468|0x000000073a800000, 0x000000073aa00000, 0x000000073aa00000|100%| O|  |TAMS 0x000000073a800000, 0x000000073a800000| Untracked 
| 469|0x000000073aa00000, 0x000000073ac00000, 0x000000073ac00000|100%| O|  |TAMS 0x000000073aa00000, 0x000000073aa00000| Untracked 
| 470|0x000000073ac00000, 0x000000073ae00000, 0x000000073ae00000|100%| O|  |TAMS 0x000000073ac00000, 0x000000073ac00000| Untracked 
| 471|0x000000073ae00000, 0x000000073b000000, 0x000000073b000000|100%| O|  |TAMS 0x000000073ae00000, 0x000000073ae00000| Untracked 
| 472|0x000000073b000000, 0x000000073b200000, 0x000000073b200000|100%| O|  |TAMS 0x000000073b000000, 0x000000073b000000| Untracked 
| 473|0x000000073b200000, 0x000000073b400000, 0x000000073b400000|100%| O|  |TAMS 0x000000073b200000, 0x000000073b200000| Untracked 
| 474|0x000000073b400000, 0x000000073b600000, 0x000000073b600000|100%| O|  |TAMS 0x000000073b400000, 0x000000073b400000| Untracked 
| 475|0x000000073b600000, 0x000000073b800000, 0x000000073b800000|100%| O|  |TAMS 0x000000073b600000, 0x000000073b600000| Untracked 
| 476|0x000000073b800000, 0x000000073ba00000, 0x000000073ba00000|100%| O|  |TAMS 0x000000073b800000, 0x000000073b800000| Untracked 
| 477|0x000000073ba00000, 0x000000073bc00000, 0x000000073bc00000|100%| O|  |TAMS 0x000000073ba00000, 0x000000073ba00000| Untracked 
| 478|0x000000073bc00000, 0x000000073be00000, 0x000000073be00000|100%| O|  |TAMS 0x000000073bc00000, 0x000000073bc00000| Untracked 
| 479|0x000000073be00000, 0x000000073c000000, 0x000000073c000000|100%| O|  |TAMS 0x000000073be00000, 0x000000073be00000| Untracked 
| 480|0x000000073c000000, 0x000000073c200000, 0x000000073c200000|100%| O|  |TAMS 0x000000073c000000, 0x000000073c000000| Untracked 
| 481|0x000000073c200000, 0x000000073c400000, 0x000000073c400000|100%| O|  |TAMS 0x000000073c200000, 0x000000073c200000| Untracked 
| 482|0x000000073c400000, 0x000000073c600000, 0x000000073c600000|100%| O|  |TAMS 0x000000073c400000, 0x000000073c400000| Untracked 
| 483|0x000000073c600000, 0x000000073c800000, 0x000000073c800000|100%| O|  |TAMS 0x000000073c600000, 0x000000073c600000| Untracked 
| 484|0x000000073c800000, 0x000000073c9e4c00, 0x000000073ca00000| 94%| O|  |TAMS 0x000000073c800000, 0x000000073c800000| Untracked 
| 485|0x000000073ca00000, 0x000000073cc00000, 0x000000073cc00000|100%|HS|  |TAMS 0x000000073ca00000, 0x000000073ca00000| Complete 
| 486|0x000000073cc00000, 0x000000073ce00000, 0x000000073ce00000|100%|HS|  |TAMS 0x000000073cc00000, 0x000000073cc00000| Complete 
| 487|0x000000073ce00000, 0x000000073d000000, 0x000000073d000000|100%|HS|  |TAMS 0x000000073ce00000, 0x000000073ce00000| Complete 
| 488|0x000000073d000000, 0x000000073d200000, 0x000000073d200000|100%|HS|  |TAMS 0x000000073d000000, 0x000000073d000000| Complete 
| 489|0x000000073d200000, 0x000000073d400000, 0x000000073d400000|100%|HC|  |TAMS 0x000000073d200000, 0x000000073d200000| Complete 
| 490|0x000000073d400000, 0x000000073d600000, 0x000000073d600000|100%|HS|  |TAMS 0x000000073d400000, 0x000000073d400000| Complete 
| 491|0x000000073d600000, 0x000000073d800000, 0x000000073d800000|100%|HS|  |TAMS 0x000000073d600000, 0x000000073d600000| Complete 
| 492|0x000000073d800000, 0x000000073da00000, 0x000000073da00000|100%|HS|  |TAMS 0x000000073d800000, 0x000000073d800000| Complete 
| 493|0x000000073da00000, 0x000000073dc00000, 0x000000073dc00000|100%|HC|  |TAMS 0x000000073da00000, 0x000000073da00000| Complete 
| 494|0x000000073dc00000, 0x000000073dc00000, 0x000000073de00000|  0%| F|  |TAMS 0x000000073dc00000, 0x000000073dc00000| Untracked 
| 495|0x000000073de00000, 0x000000073de00000, 0x000000073e000000|  0%| F|  |TAMS 0x000000073de00000, 0x000000073de00000| Untracked 
| 496|0x000000073e000000, 0x000000073e000000, 0x000000073e200000|  0%| F|  |TAMS 0x000000073e000000, 0x000000073e000000| Untracked 
| 497|0x000000073e200000, 0x000000073e200000, 0x000000073e400000|  0%| F|  |TAMS 0x000000073e200000, 0x000000073e200000| Untracked 
| 498|0x000000073e400000, 0x000000073e400000, 0x000000073e600000|  0%| F|  |TAMS 0x000000073e400000, 0x000000073e400000| Untracked 
| 499|0x000000073e600000, 0x000000073e600000, 0x000000073e800000|  0%| F|  |TAMS 0x000000073e600000, 0x000000073e600000| Untracked 
| 500|0x000000073e800000, 0x000000073e800000, 0x000000073ea00000|  0%| F|  |TAMS 0x000000073e800000, 0x000000073e800000| Untracked 
| 501|0x000000073ea00000, 0x000000073ea00000, 0x000000073ec00000|  0%| F|  |TAMS 0x000000073ea00000, 0x000000073ea00000| Untracked 
| 502|0x000000073ec00000, 0x000000073ec00000, 0x000000073ee00000|  0%| F|  |TAMS 0x000000073ec00000, 0x000000073ec00000| Untracked 
| 503|0x000000073ee00000, 0x000000073ee00000, 0x000000073f000000|  0%| F|  |TAMS 0x000000073ee00000, 0x000000073ee00000| Untracked 
| 504|0x000000073f000000, 0x000000073f000000, 0x000000073f200000|  0%| F|  |TAMS 0x000000073f000000, 0x000000073f000000| Untracked 
| 505|0x000000073f200000, 0x000000073f200000, 0x000000073f400000|  0%| F|  |TAMS 0x000000073f200000, 0x000000073f200000| Untracked 
| 506|0x000000073f400000, 0x000000073f400000, 0x000000073f600000|  0%| F|  |TAMS 0x000000073f400000, 0x000000073f400000| Untracked 
| 507|0x000000073f600000, 0x000000073f600000, 0x000000073f800000|  0%| F|  |TAMS 0x000000073f600000, 0x000000073f600000| Untracked 
| 508|0x000000073f800000, 0x000000073f800000, 0x000000073fa00000|  0%| F|  |TAMS 0x000000073f800000, 0x000000073f800000| Untracked 
| 509|0x000000073fa00000, 0x000000073fa00000, 0x000000073fc00000|  0%| F|  |TAMS 0x000000073fa00000, 0x000000073fa00000| Untracked 
| 510|0x000000073fc00000, 0x000000073fc00000, 0x000000073fe00000|  0%| F|  |TAMS 0x000000073fc00000, 0x000000073fc00000| Untracked 
| 511|0x000000073fe00000, 0x000000073fe00000, 0x0000000740000000|  0%| F|  |TAMS 0x000000073fe00000, 0x000000073fe00000| Untracked 
| 512|0x0000000740000000, 0x0000000740000000, 0x0000000740200000|  0%| F|  |TAMS 0x0000000740000000, 0x0000000740000000| Untracked 
| 513|0x0000000740200000, 0x0000000740200000, 0x0000000740400000|  0%| F|  |TAMS 0x0000000740200000, 0x0000000740200000| Untracked 
| 514|0x0000000740400000, 0x0000000740400000, 0x0000000740600000|  0%| F|  |TAMS 0x0000000740400000, 0x0000000740400000| Untracked 
| 515|0x0000000740600000, 0x0000000740600000, 0x0000000740800000|  0%| F|  |TAMS 0x0000000740600000, 0x0000000740600000| Untracked 
| 516|0x0000000740800000, 0x0000000740800000, 0x0000000740a00000|  0%| F|  |TAMS 0x0000000740800000, 0x0000000740800000| Untracked 
| 517|0x0000000740a00000, 0x0000000740a00000, 0x0000000740c00000|  0%| F|  |TAMS 0x0000000740a00000, 0x0000000740a00000| Untracked 
| 518|0x0000000740c00000, 0x0000000740c00000, 0x0000000740e00000|  0%| F|  |TAMS 0x0000000740c00000, 0x0000000740c00000| Untracked 
| 519|0x0000000740e00000, 0x0000000740e00000, 0x0000000741000000|  0%| F|  |TAMS 0x0000000740e00000, 0x0000000740e00000| Untracked 
| 520|0x0000000741000000, 0x0000000741000000, 0x0000000741200000|  0%| F|  |TAMS 0x0000000741000000, 0x0000000741000000| Untracked 
| 521|0x0000000741200000, 0x0000000741200000, 0x0000000741400000|  0%| F|  |TAMS 0x0000000741200000, 0x0000000741200000| Untracked 
| 522|0x0000000741400000, 0x0000000741400000, 0x0000000741600000|  0%| F|  |TAMS 0x0000000741400000, 0x0000000741400000| Untracked 
| 523|0x0000000741600000, 0x0000000741600000, 0x0000000741800000|  0%| F|  |TAMS 0x0000000741600000, 0x0000000741600000| Untracked 
| 524|0x0000000741800000, 0x0000000741800000, 0x0000000741a00000|  0%| F|  |TAMS 0x0000000741800000, 0x0000000741800000| Untracked 
| 525|0x0000000741a00000, 0x0000000741a00000, 0x0000000741c00000|  0%| F|  |TAMS 0x0000000741a00000, 0x0000000741a00000| Untracked 
| 526|0x0000000741c00000, 0x0000000741c00000, 0x0000000741e00000|  0%| F|  |TAMS 0x0000000741c00000, 0x0000000741c00000| Untracked 
| 527|0x0000000741e00000, 0x0000000741e00000, 0x0000000742000000|  0%| F|  |TAMS 0x0000000741e00000, 0x0000000741e00000| Untracked 
| 528|0x0000000742000000, 0x0000000742000000, 0x0000000742200000|  0%| F|  |TAMS 0x0000000742000000, 0x0000000742000000| Untracked 
| 529|0x0000000742200000, 0x0000000742200000, 0x0000000742400000|  0%| F|  |TAMS 0x0000000742200000, 0x0000000742200000| Untracked 
| 530|0x0000000742400000, 0x0000000742400000, 0x0000000742600000|  0%| F|  |TAMS 0x0000000742400000, 0x0000000742400000| Untracked 
| 531|0x0000000742600000, 0x0000000742600000, 0x0000000742800000|  0%| F|  |TAMS 0x0000000742600000, 0x0000000742600000| Untracked 
| 532|0x0000000742800000, 0x0000000742800000, 0x0000000742a00000|  0%| F|  |TAMS 0x0000000742800000, 0x0000000742800000| Untracked 
| 533|0x0000000742a00000, 0x0000000742a00000, 0x0000000742c00000|  0%| F|  |TAMS 0x0000000742a00000, 0x0000000742a00000| Untracked 
| 534|0x0000000742c00000, 0x0000000742c00000, 0x0000000742e00000|  0%| F|  |TAMS 0x0000000742c00000, 0x0000000742c00000| Untracked 
| 535|0x0000000742e00000, 0x0000000742e00000, 0x0000000743000000|  0%| F|  |TAMS 0x0000000742e00000, 0x0000000742e00000| Untracked 
| 536|0x0000000743000000, 0x0000000743000000, 0x0000000743200000|  0%| F|  |TAMS 0x0000000743000000, 0x0000000743000000| Untracked 
| 537|0x0000000743200000, 0x0000000743200000, 0x0000000743400000|  0%| F|  |TAMS 0x0000000743200000, 0x0000000743200000| Untracked 
| 538|0x0000000743400000, 0x0000000743400000, 0x0000000743600000|  0%| F|  |TAMS 0x0000000743400000, 0x0000000743400000| Untracked 
| 539|0x0000000743600000, 0x0000000743600000, 0x0000000743800000|  0%| F|  |TAMS 0x0000000743600000, 0x0000000743600000| Untracked 
| 540|0x0000000743800000, 0x0000000743800000, 0x0000000743a00000|  0%| F|  |TAMS 0x0000000743800000, 0x0000000743800000| Untracked 
| 541|0x0000000743a00000, 0x0000000743a00000, 0x0000000743c00000|  0%| F|  |TAMS 0x0000000743a00000, 0x0000000743a00000| Untracked 
| 542|0x0000000743c00000, 0x0000000743c00000, 0x0000000743e00000|  0%| F|  |TAMS 0x0000000743c00000, 0x0000000743c00000| Untracked 
| 543|0x0000000743e00000, 0x0000000743e00000, 0x0000000744000000|  0%| F|  |TAMS 0x0000000743e00000, 0x0000000743e00000| Untracked 
| 544|0x0000000744000000, 0x0000000744000000, 0x0000000744200000|  0%| F|  |TAMS 0x0000000744000000, 0x0000000744000000| Untracked 
| 545|0x0000000744200000, 0x0000000744200000, 0x0000000744400000|  0%| F|  |TAMS 0x0000000744200000, 0x0000000744200000| Untracked 
| 546|0x0000000744400000, 0x0000000744400000, 0x0000000744600000|  0%| F|  |TAMS 0x0000000744400000, 0x0000000744400000| Untracked 
| 547|0x0000000744600000, 0x0000000744600000, 0x0000000744800000|  0%| F|  |TAMS 0x0000000744600000, 0x0000000744600000| Untracked 
| 548|0x0000000744800000, 0x0000000744800000, 0x0000000744a00000|  0%| F|  |TAMS 0x0000000744800000, 0x0000000744800000| Untracked 
| 549|0x0000000744a00000, 0x0000000744a00000, 0x0000000744c00000|  0%| F|  |TAMS 0x0000000744a00000, 0x0000000744a00000| Untracked 
| 550|0x0000000744c00000, 0x0000000744c00000, 0x0000000744e00000|  0%| F|  |TAMS 0x0000000744c00000, 0x0000000744c00000| Untracked 
| 551|0x0000000744e00000, 0x0000000744e00000, 0x0000000745000000|  0%| F|  |TAMS 0x0000000744e00000, 0x0000000744e00000| Untracked 
| 552|0x0000000745000000, 0x0000000745000000, 0x0000000745200000|  0%| F|  |TAMS 0x0000000745000000, 0x0000000745000000| Untracked 
| 553|0x0000000745200000, 0x0000000745200000, 0x0000000745400000|  0%| F|  |TAMS 0x0000000745200000, 0x0000000745200000| Untracked 
| 554|0x0000000745400000, 0x0000000745400000, 0x0000000745600000|  0%| F|  |TAMS 0x0000000745400000, 0x0000000745400000| Untracked 
| 555|0x0000000745600000, 0x0000000745600000, 0x0000000745800000|  0%| F|  |TAMS 0x0000000745600000, 0x0000000745600000| Untracked 
| 556|0x0000000745800000, 0x0000000745800000, 0x0000000745a00000|  0%| F|  |TAMS 0x0000000745800000, 0x0000000745800000| Untracked 
| 557|0x0000000745a00000, 0x0000000745a00000, 0x0000000745c00000|  0%| F|  |TAMS 0x0000000745a00000, 0x0000000745a00000| Untracked 
| 558|0x0000000745c00000, 0x0000000745c00000, 0x0000000745e00000|  0%| F|  |TAMS 0x0000000745c00000, 0x0000000745c00000| Untracked 
| 559|0x0000000745e00000, 0x0000000745e00000, 0x0000000746000000|  0%| F|  |TAMS 0x0000000745e00000, 0x0000000745e00000| Untracked 
| 560|0x0000000746000000, 0x0000000746000000, 0x0000000746200000|  0%| F|  |TAMS 0x0000000746000000, 0x0000000746000000| Untracked 
| 561|0x0000000746200000, 0x0000000746200000, 0x0000000746400000|  0%| F|  |TAMS 0x0000000746200000, 0x0000000746200000| Untracked 
| 562|0x0000000746400000, 0x0000000746400000, 0x0000000746600000|  0%| F|  |TAMS 0x0000000746400000, 0x0000000746400000| Untracked 
| 563|0x0000000746600000, 0x0000000746600000, 0x0000000746800000|  0%| F|  |TAMS 0x0000000746600000, 0x0000000746600000| Untracked 
| 564|0x0000000746800000, 0x0000000746974af8, 0x0000000746a00000| 72%| S|CS|TAMS 0x0000000746800000, 0x0000000746800000| Complete 
| 565|0x0000000746a00000, 0x0000000746a00000, 0x0000000746c00000|  0%| F|  |TAMS 0x0000000746a00000, 0x0000000746a00000| Untracked 
| 566|0x0000000746c00000, 0x0000000746c00000, 0x0000000746e00000|  0%| F|  |TAMS 0x0000000746c00000, 0x0000000746c00000| Untracked 
| 567|0x0000000746e00000, 0x0000000746e00000, 0x0000000747000000|  0%| F|  |TAMS 0x0000000746e00000, 0x0000000746e00000| Untracked 
| 568|0x0000000747000000, 0x0000000747000000, 0x0000000747200000|  0%| F|  |TAMS 0x0000000747000000, 0x0000000747000000| Untracked 
| 569|0x0000000747200000, 0x0000000747200000, 0x0000000747400000|  0%| F|  |TAMS 0x0000000747200000, 0x0000000747200000| Untracked 
| 570|0x0000000747400000, 0x0000000747400000, 0x0000000747600000|  0%| F|  |TAMS 0x0000000747400000, 0x0000000747400000| Untracked 
| 571|0x0000000747600000, 0x0000000747600000, 0x0000000747800000|  0%| F|  |TAMS 0x0000000747600000, 0x0000000747600000| Untracked 
| 572|0x0000000747800000, 0x0000000747800000, 0x0000000747a00000|  0%| F|  |TAMS 0x0000000747800000, 0x0000000747800000| Untracked 
| 573|0x0000000747a00000, 0x0000000747a00000, 0x0000000747c00000|  0%| F|  |TAMS 0x0000000747a00000, 0x0000000747a00000| Untracked 
| 574|0x0000000747c00000, 0x0000000747c00000, 0x0000000747e00000|  0%| F|  |TAMS 0x0000000747c00000, 0x0000000747c00000| Untracked 
| 575|0x0000000747e00000, 0x0000000748000000, 0x0000000748000000|100%| S|CS|TAMS 0x0000000747e00000, 0x0000000747e00000| Complete 
| 576|0x0000000748000000, 0x0000000748200000, 0x0000000748200000|100%| S|CS|TAMS 0x0000000748000000, 0x0000000748000000| Complete 
| 577|0x0000000748200000, 0x0000000748400000, 0x0000000748400000|100%| S|CS|TAMS 0x0000000748200000, 0x0000000748200000| Complete 
| 578|0x0000000748400000, 0x0000000748600000, 0x0000000748600000|100%| S|CS|TAMS 0x0000000748400000, 0x0000000748400000| Complete 
| 579|0x0000000748600000, 0x0000000748800000, 0x0000000748800000|100%| S|CS|TAMS 0x0000000748600000, 0x0000000748600000| Complete 
| 580|0x0000000748800000, 0x0000000748a00000, 0x0000000748a00000|100%| S|CS|TAMS 0x0000000748800000, 0x0000000748800000| Complete 
| 581|0x0000000748a00000, 0x0000000748c00000, 0x0000000748c00000|100%| S|CS|TAMS 0x0000000748a00000, 0x0000000748a00000| Complete 
| 582|0x0000000748c00000, 0x0000000748e00000, 0x0000000748e00000|100%| S|CS|TAMS 0x0000000748c00000, 0x0000000748c00000| Complete 
| 583|0x0000000748e00000, 0x0000000749000000, 0x0000000749000000|100%| S|CS|TAMS 0x0000000748e00000, 0x0000000748e00000| Complete 
| 584|0x0000000749000000, 0x0000000749200000, 0x0000000749200000|100%| S|CS|TAMS 0x0000000749000000, 0x0000000749000000| Complete 
| 585|0x0000000749200000, 0x0000000749400000, 0x0000000749400000|100%| S|CS|TAMS 0x0000000749200000, 0x0000000749200000| Complete 
| 586|0x0000000749400000, 0x0000000749600000, 0x0000000749600000|100%| S|CS|TAMS 0x0000000749400000, 0x0000000749400000| Complete 
| 587|0x0000000749600000, 0x0000000749600000, 0x0000000749800000|  0%| F|  |TAMS 0x0000000749600000, 0x0000000749600000| Untracked 
| 588|0x0000000749800000, 0x0000000749800000, 0x0000000749a00000|  0%| F|  |TAMS 0x0000000749800000, 0x0000000749800000| Untracked 
| 589|0x0000000749a00000, 0x0000000749a00000, 0x0000000749c00000|  0%| F|  |TAMS 0x0000000749a00000, 0x0000000749a00000| Untracked 
| 590|0x0000000749c00000, 0x0000000749c00000, 0x0000000749e00000|  0%| F|  |TAMS 0x0000000749c00000, 0x0000000749c00000| Untracked 
| 591|0x0000000749e00000, 0x0000000749e00000, 0x000000074a000000|  0%| F|  |TAMS 0x0000000749e00000, 0x0000000749e00000| Untracked 
| 592|0x000000074a000000, 0x000000074a000000, 0x000000074a200000|  0%| F|  |TAMS 0x000000074a000000, 0x000000074a000000| Untracked 
| 593|0x000000074a200000, 0x000000074a200000, 0x000000074a400000|  0%| F|  |TAMS 0x000000074a200000, 0x000000074a200000| Untracked 
| 594|0x000000074a400000, 0x000000074a400000, 0x000000074a600000|  0%| F|  |TAMS 0x000000074a400000, 0x000000074a400000| Untracked 
| 595|0x000000074a600000, 0x000000074a600000, 0x000000074a800000|  0%| F|  |TAMS 0x000000074a600000, 0x000000074a600000| Untracked 
| 596|0x000000074a800000, 0x000000074a800000, 0x000000074aa00000|  0%| F|  |TAMS 0x000000074a800000, 0x000000074a800000| Untracked 
| 597|0x000000074aa00000, 0x000000074aa00000, 0x000000074ac00000|  0%| F|  |TAMS 0x000000074aa00000, 0x000000074aa00000| Untracked 
| 598|0x000000074ac00000, 0x000000074ac00000, 0x000000074ae00000|  0%| F|  |TAMS 0x000000074ac00000, 0x000000074ac00000| Untracked 
| 599|0x000000074ae00000, 0x000000074ae00000, 0x000000074b000000|  0%| F|  |TAMS 0x000000074ae00000, 0x000000074ae00000| Untracked 
| 600|0x000000074b000000, 0x000000074b000000, 0x000000074b200000|  0%| F|  |TAMS 0x000000074b000000, 0x000000074b000000| Untracked 
| 601|0x000000074b200000, 0x000000074b200000, 0x000000074b400000|  0%| F|  |TAMS 0x000000074b200000, 0x000000074b200000| Untracked 
| 602|0x000000074b400000, 0x000000074b500000, 0x000000074b600000| 50%| E|  |TAMS 0x000000074b400000, 0x000000074b400000| Complete 
| 603|0x000000074b600000, 0x000000074b800000, 0x000000074b800000|100%| E|CS|TAMS 0x000000074b600000, 0x000000074b600000| Complete 
| 604|0x000000074b800000, 0x000000074ba00000, 0x000000074ba00000|100%| E|CS|TAMS 0x000000074b800000, 0x000000074b800000| Complete 
| 605|0x000000074ba00000, 0x000000074bc00000, 0x000000074bc00000|100%| E|CS|TAMS 0x000000074ba00000, 0x000000074ba00000| Complete 
| 606|0x000000074bc00000, 0x000000074be00000, 0x000000074be00000|100%| E|CS|TAMS 0x000000074bc00000, 0x000000074bc00000| Complete 
| 607|0x000000074be00000, 0x000000074c000000, 0x000000074c000000|100%| E|CS|TAMS 0x000000074be00000, 0x000000074be00000| Complete 
| 608|0x000000074c000000, 0x000000074c200000, 0x000000074c200000|100%| E|CS|TAMS 0x000000074c000000, 0x000000074c000000| Complete 
| 609|0x000000074c200000, 0x000000074c400000, 0x000000074c400000|100%| E|CS|TAMS 0x000000074c200000, 0x000000074c200000| Complete 
| 610|0x000000074c400000, 0x000000074c600000, 0x000000074c600000|100%| E|CS|TAMS 0x000000074c400000, 0x000000074c400000| Complete 
| 611|0x000000074c600000, 0x000000074c800000, 0x000000074c800000|100%| E|CS|TAMS 0x000000074c600000, 0x000000074c600000| Complete 
| 612|0x000000074c800000, 0x000000074ca00000, 0x000000074ca00000|100%| E|CS|TAMS 0x000000074c800000, 0x000000074c800000| Complete 
| 613|0x000000074ca00000, 0x000000074cc00000, 0x000000074cc00000|100%| E|CS|TAMS 0x000000074ca00000, 0x000000074ca00000| Complete 
| 614|0x000000074cc00000, 0x000000074ce00000, 0x000000074ce00000|100%| E|CS|TAMS 0x000000074cc00000, 0x000000074cc00000| Complete 
| 615|0x000000074ce00000, 0x000000074d000000, 0x000000074d000000|100%| E|CS|TAMS 0x000000074ce00000, 0x000000074ce00000| Complete 
| 616|0x000000074d000000, 0x000000074d200000, 0x000000074d200000|100%| E|CS|TAMS 0x000000074d000000, 0x000000074d000000| Complete 
| 617|0x000000074d200000, 0x000000074d400000, 0x000000074d400000|100%| E|CS|TAMS 0x000000074d200000, 0x000000074d200000| Complete 
| 618|0x000000074d400000, 0x000000074d600000, 0x000000074d600000|100%| E|CS|TAMS 0x000000074d400000, 0x000000074d400000| Complete 
| 619|0x000000074d600000, 0x000000074d800000, 0x000000074d800000|100%| E|CS|TAMS 0x000000074d600000, 0x000000074d600000| Complete 
| 620|0x000000074d800000, 0x000000074da00000, 0x000000074da00000|100%| E|CS|TAMS 0x000000074d800000, 0x000000074d800000| Complete 
| 621|0x000000074da00000, 0x000000074dc00000, 0x000000074dc00000|100%| E|CS|TAMS 0x000000074da00000, 0x000000074da00000| Complete 
| 622|0x000000074dc00000, 0x000000074de00000, 0x000000074de00000|100%| E|CS|TAMS 0x000000074dc00000, 0x000000074dc00000| Complete 
| 623|0x000000074de00000, 0x000000074e000000, 0x000000074e000000|100%| E|CS|TAMS 0x000000074de00000, 0x000000074de00000| Complete 
| 624|0x000000074e000000, 0x000000074e200000, 0x000000074e200000|100%| E|CS|TAMS 0x000000074e000000, 0x000000074e000000| Complete 
| 625|0x000000074e200000, 0x000000074e400000, 0x000000074e400000|100%| E|CS|TAMS 0x000000074e200000, 0x000000074e200000| Complete 
| 626|0x000000074e400000, 0x000000074e600000, 0x000000074e600000|100%| E|CS|TAMS 0x000000074e400000, 0x000000074e400000| Complete 
| 627|0x000000074e600000, 0x000000074e800000, 0x000000074e800000|100%| E|CS|TAMS 0x000000074e600000, 0x000000074e600000| Complete 
| 628|0x000000074e800000, 0x000000074ea00000, 0x000000074ea00000|100%| E|CS|TAMS 0x000000074e800000, 0x000000074e800000| Complete 
| 629|0x000000074ea00000, 0x000000074ec00000, 0x000000074ec00000|100%| E|CS|TAMS 0x000000074ea00000, 0x000000074ea00000| Complete 
| 630|0x000000074ec00000, 0x000000074ee00000, 0x000000074ee00000|100%| E|CS|TAMS 0x000000074ec00000, 0x000000074ec00000| Complete 
| 631|0x000000074ee00000, 0x000000074f000000, 0x000000074f000000|100%| E|CS|TAMS 0x000000074ee00000, 0x000000074ee00000| Complete 
| 632|0x000000074f000000, 0x000000074f200000, 0x000000074f200000|100%| E|CS|TAMS 0x000000074f000000, 0x000000074f000000| Complete 
| 633|0x000000074f200000, 0x000000074f400000, 0x000000074f400000|100%| E|CS|TAMS 0x000000074f200000, 0x000000074f200000| Complete 
| 634|0x000000074f400000, 0x000000074f600000, 0x000000074f600000|100%| E|CS|TAMS 0x000000074f400000, 0x000000074f400000| Complete 
| 635|0x000000074f600000, 0x000000074f800000, 0x000000074f800000|100%| E|CS|TAMS 0x000000074f600000, 0x000000074f600000| Complete 
| 636|0x000000074f800000, 0x000000074fa00000, 0x000000074fa00000|100%| E|CS|TAMS 0x000000074f800000, 0x000000074f800000| Complete 
| 637|0x000000074fa00000, 0x000000074fc00000, 0x000000074fc00000|100%| E|CS|TAMS 0x000000074fa00000, 0x000000074fa00000| Complete 
| 638|0x000000074fc00000, 0x000000074fe00000, 0x000000074fe00000|100%| E|  |TAMS 0x000000074fc00000, 0x000000074fc00000| Complete 
| 639|0x000000074fe00000, 0x0000000750000000, 0x0000000750000000|100%| E|CS|TAMS 0x000000074fe00000, 0x000000074fe00000| Complete 
| 640|0x0000000750000000, 0x0000000750200000, 0x0000000750200000|100%| E|CS|TAMS 0x0000000750000000, 0x0000000750000000| Complete 
| 641|0x0000000750200000, 0x0000000750400000, 0x0000000750400000|100%| E|CS|TAMS 0x0000000750200000, 0x0000000750200000| Complete 
| 642|0x0000000750400000, 0x0000000750600000, 0x0000000750600000|100%| E|CS|TAMS 0x0000000750400000, 0x0000000750400000| Complete 
| 643|0x0000000750600000, 0x0000000750800000, 0x0000000750800000|100%| E|CS|TAMS 0x0000000750600000, 0x0000000750600000| Complete 
| 644|0x0000000750800000, 0x0000000750a00000, 0x0000000750a00000|100%| E|CS|TAMS 0x0000000750800000, 0x0000000750800000| Complete 
| 645|0x0000000750a00000, 0x0000000750c00000, 0x0000000750c00000|100%| E|CS|TAMS 0x0000000750a00000, 0x0000000750a00000| Complete 
| 646|0x0000000750c00000, 0x0000000750e00000, 0x0000000750e00000|100%| E|CS|TAMS 0x0000000750c00000, 0x0000000750c00000| Complete 
| 647|0x0000000750e00000, 0x0000000751000000, 0x0000000751000000|100%| E|CS|TAMS 0x0000000750e00000, 0x0000000750e00000| Complete 
| 648|0x0000000751000000, 0x0000000751200000, 0x0000000751200000|100%| E|CS|TAMS 0x0000000751000000, 0x0000000751000000| Complete 
| 649|0x0000000751200000, 0x0000000751400000, 0x0000000751400000|100%| E|CS|TAMS 0x0000000751200000, 0x0000000751200000| Complete 
| 650|0x0000000751400000, 0x0000000751600000, 0x0000000751600000|100%| E|CS|TAMS 0x0000000751400000, 0x0000000751400000| Complete 
| 651|0x0000000751600000, 0x0000000751800000, 0x0000000751800000|100%| E|CS|TAMS 0x0000000751600000, 0x0000000751600000| Complete 
| 652|0x0000000751800000, 0x0000000751a00000, 0x0000000751a00000|100%| E|CS|TAMS 0x0000000751800000, 0x0000000751800000| Complete 
| 653|0x0000000751a00000, 0x0000000751c00000, 0x0000000751c00000|100%| E|CS|TAMS 0x0000000751a00000, 0x0000000751a00000| Complete 
| 654|0x0000000751c00000, 0x0000000751e00000, 0x0000000751e00000|100%| E|CS|TAMS 0x0000000751c00000, 0x0000000751c00000| Complete 
| 655|0x0000000751e00000, 0x0000000752000000, 0x0000000752000000|100%| E|CS|TAMS 0x0000000751e00000, 0x0000000751e00000| Complete 
| 656|0x0000000752000000, 0x0000000752200000, 0x0000000752200000|100%| E|CS|TAMS 0x0000000752000000, 0x0000000752000000| Complete 
| 657|0x0000000752200000, 0x0000000752400000, 0x0000000752400000|100%| E|CS|TAMS 0x0000000752200000, 0x0000000752200000| Complete 
| 658|0x0000000752400000, 0x0000000752600000, 0x0000000752600000|100%| E|CS|TAMS 0x0000000752400000, 0x0000000752400000| Complete 
| 659|0x0000000752600000, 0x0000000752800000, 0x0000000752800000|100%| E|CS|TAMS 0x0000000752600000, 0x0000000752600000| Complete 
| 660|0x0000000752800000, 0x0000000752a00000, 0x0000000752a00000|100%| E|CS|TAMS 0x0000000752800000, 0x0000000752800000| Complete 
| 661|0x0000000752a00000, 0x0000000752c00000, 0x0000000752c00000|100%| E|CS|TAMS 0x0000000752a00000, 0x0000000752a00000| Complete 
| 662|0x0000000752c00000, 0x0000000752e00000, 0x0000000752e00000|100%| E|CS|TAMS 0x0000000752c00000, 0x0000000752c00000| Complete 
| 663|0x0000000752e00000, 0x0000000753000000, 0x0000000753000000|100%| E|CS|TAMS 0x0000000752e00000, 0x0000000752e00000| Complete 
| 664|0x0000000753000000, 0x0000000753200000, 0x0000000753200000|100%| E|CS|TAMS 0x0000000753000000, 0x0000000753000000| Complete 
| 665|0x0000000753200000, 0x0000000753400000, 0x0000000753400000|100%| E|CS|TAMS 0x0000000753200000, 0x0000000753200000| Complete 
| 666|0x0000000753400000, 0x0000000753600000, 0x0000000753600000|100%| E|CS|TAMS 0x0000000753400000, 0x0000000753400000| Complete 
| 667|0x0000000753600000, 0x0000000753800000, 0x0000000753800000|100%| E|CS|TAMS 0x0000000753600000, 0x0000000753600000| Complete 
| 668|0x0000000753800000, 0x0000000753a00000, 0x0000000753a00000|100%| E|CS|TAMS 0x0000000753800000, 0x0000000753800000| Complete 
| 669|0x0000000753a00000, 0x0000000753c00000, 0x0000000753c00000|100%| E|CS|TAMS 0x0000000753a00000, 0x0000000753a00000| Complete 
| 670|0x0000000753c00000, 0x0000000753e00000, 0x0000000753e00000|100%| E|CS|TAMS 0x0000000753c00000, 0x0000000753c00000| Complete 
| 671|0x0000000753e00000, 0x0000000754000000, 0x0000000754000000|100%| E|CS|TAMS 0x0000000753e00000, 0x0000000753e00000| Complete 
| 672|0x0000000754000000, 0x0000000754200000, 0x0000000754200000|100%| E|CS|TAMS 0x0000000754000000, 0x0000000754000000| Complete 
| 673|0x0000000754200000, 0x0000000754400000, 0x0000000754400000|100%| E|CS|TAMS 0x0000000754200000, 0x0000000754200000| Complete 
| 674|0x0000000754400000, 0x0000000754600000, 0x0000000754600000|100%| E|CS|TAMS 0x0000000754400000, 0x0000000754400000| Complete 
| 675|0x0000000754600000, 0x0000000754800000, 0x0000000754800000|100%| E|CS|TAMS 0x0000000754600000, 0x0000000754600000| Complete 
| 676|0x0000000754800000, 0x0000000754a00000, 0x0000000754a00000|100%| E|CS|TAMS 0x0000000754800000, 0x0000000754800000| Complete 
| 677|0x0000000754a00000, 0x0000000754c00000, 0x0000000754c00000|100%| E|CS|TAMS 0x0000000754a00000, 0x0000000754a00000| Complete 
| 678|0x0000000754c00000, 0x0000000754e00000, 0x0000000754e00000|100%| E|CS|TAMS 0x0000000754c00000, 0x0000000754c00000| Complete 
| 679|0x0000000754e00000, 0x0000000755000000, 0x0000000755000000|100%| E|CS|TAMS 0x0000000754e00000, 0x0000000754e00000| Complete 
| 680|0x0000000755000000, 0x0000000755200000, 0x0000000755200000|100%| E|CS|TAMS 0x0000000755000000, 0x0000000755000000| Complete 
| 681|0x0000000755200000, 0x0000000755400000, 0x0000000755400000|100%| E|CS|TAMS 0x0000000755200000, 0x0000000755200000| Complete 
| 682|0x0000000755400000, 0x0000000755600000, 0x0000000755600000|100%| E|CS|TAMS 0x0000000755400000, 0x0000000755400000| Complete 
| 683|0x0000000755600000, 0x0000000755800000, 0x0000000755800000|100%| E|CS|TAMS 0x0000000755600000, 0x0000000755600000| Complete 
| 684|0x0000000755800000, 0x0000000755a00000, 0x0000000755a00000|100%| E|CS|TAMS 0x0000000755800000, 0x0000000755800000| Complete 
| 685|0x0000000755a00000, 0x0000000755c00000, 0x0000000755c00000|100%| E|CS|TAMS 0x0000000755a00000, 0x0000000755a00000| Complete 
| 686|0x0000000755c00000, 0x0000000755e00000, 0x0000000755e00000|100%| E|CS|TAMS 0x0000000755c00000, 0x0000000755c00000| Complete 
| 687|0x0000000755e00000, 0x0000000756000000, 0x0000000756000000|100%| E|CS|TAMS 0x0000000755e00000, 0x0000000755e00000| Complete 
| 688|0x0000000756000000, 0x0000000756200000, 0x0000000756200000|100%| E|CS|TAMS 0x0000000756000000, 0x0000000756000000| Complete 
| 689|0x0000000756200000, 0x0000000756400000, 0x0000000756400000|100%| E|CS|TAMS 0x0000000756200000, 0x0000000756200000| Complete 
| 690|0x0000000756400000, 0x0000000756600000, 0x0000000756600000|100%| E|CS|TAMS 0x0000000756400000, 0x0000000756400000| Complete 
| 691|0x0000000756600000, 0x0000000756800000, 0x0000000756800000|100%| E|CS|TAMS 0x0000000756600000, 0x0000000756600000| Complete 
| 692|0x0000000756800000, 0x0000000756a00000, 0x0000000756a00000|100%| E|CS|TAMS 0x0000000756800000, 0x0000000756800000| Complete 
| 693|0x0000000756a00000, 0x0000000756c00000, 0x0000000756c00000|100%| E|CS|TAMS 0x0000000756a00000, 0x0000000756a00000| Complete 
|2047|0x00000007ffe00000, 0x0000000800000000, 0x0000000800000000|100%| O|  |TAMS 0x0000000800000000, 0x00000007ffe00000| Untracked 

Card table byte_map: [0x0000028d78610000,0x0000028d78e10000] _byte_map_base: 0x0000028d74e10000

Marking Bits (Prev, Next): (CMBitMap*) 0x0000028d6fde2b00, (CMBitMap*) 0x0000028d6fde2ac0
 Prev Bits: [0x0000028d0f000000, 0x0000028d13000000)
 Next Bits: [0x0000028d79610000, 0x0000028d7d610000)

Polling page: 0x0000028d6dba0000

Metaspace:

Usage:
  Non-class:    138.66 MB used.
      Class:     22.14 MB used.
       Both:    160.80 MB used.

Virtual space:
  Non-class space:      192.00 MB reserved,     140.12 MB ( 73%) committed,  3 nodes.
      Class space:      832.00 MB reserved,      23.38 MB (  3%) committed,  1 nodes.
             Both:        1.00 GB reserved,     163.50 MB ( 16%) committed. 

Chunk freelists:
   Non-Class:  3.73 MB
       Class:  8.58 MB
        Both:  12.31 MB

MaxMetaspaceSize: 1.00 GB
CompressedClassSpaceSize: 832.00 MB
Initial GC threshold: 21.00 MB
Current GC threshold: 205.56 MB
CDS: on
MetaspaceReclaimPolicy: balanced
 - commit_granule_bytes: 65536.
 - commit_granule_words: 8192.
 - virtual_space_node_default_size: 8388608.
 - enlarge_chunks_in_place: 1.
 - new_chunks_are_fully_committed: 0.
 - uncommit_free_chunks: 1.
 - use_allocation_guard: 0.
 - handle_deallocations: 1.


Internal statistics:

num_allocs_failed_limit: 21.
num_arena_births: 4302.
num_arena_deaths: 0.
num_vsnodes_births: 4.
num_vsnodes_deaths: 0.
num_space_committed: 2615.
num_space_uncommitted: 0.
num_chunks_returned_to_freelist: 21.
num_chunks_taken_from_freelist: 12243.
num_chunk_merges: 21.
num_chunk_splits: 7653.
num_chunks_enlarged: 4365.
num_inconsistent_stats: 0.

CodeHeap 'non-profiled nmethods': size=120000Kb used=25353Kb max_used=25805Kb free=94646Kb
 bounds [0x0000028d07ad0000, 0x0000028d09410000, 0x0000028d0f000000]
CodeHeap 'profiled nmethods': size=120000Kb used=45439Kb max_used=46213Kb free=74560Kb
 bounds [0x0000028d00000000, 0x0000028d02d30000, 0x0000028d07530000]
CodeHeap 'non-nmethods': size=5760Kb used=1870Kb max_used=1968Kb free=3889Kb
 bounds [0x0000028d07530000, 0x0000028d077a0000, 0x0000028d07ad0000]
 total_blobs=25739 nmethods=24752 adapters=898
 compilation: enabled
              stopped_count=0, restarted_count=0
 full_count=0

Compilation events (20 events):
Event: 210.887 Thread 0x0000028d594444d0 nmethod 32846 0x0000028d08fd7b90 code [0x0000028d08fd7d40, 0x0000028d08fd80d8]
Event: 210.887 Thread 0x0000028d594444d0 32885       4       java.util.HashMap::forEach (112 bytes)
Event: 210.896 Thread 0x0000028d5e4438b0 nmethod 32841 0x0000028d08deb390 code [0x0000028d08deb860, 0x0000028d08df0180]
Event: 210.896 Thread 0x0000028d5e4438b0 32857       4       com.android.tools.r8.graph.C3$d::a (9 bytes)
Event: 210.897 Thread 0x0000028d5e4438b0 nmethod 32857 0x0000028d08fd7890 code [0x0000028d08fd7a00, 0x0000028d08fd7a98]
Event: 210.897 Thread 0x0000028d5e4438b0 32894   !   4       com.android.tools.r8.graph.M3::a (699 bytes)
Event: 210.899 Thread 0x0000028d7fb1b8e0 32895       3       com.android.tools.r8.graph.C3$c::<init> (16 bytes)
Event: 210.899 Thread 0x0000028d7fb1b8e0 nmethod 32895 0x0000028d027a6e10 code [0x0000028d027a6fc0, 0x0000028d027a7128]
Event: 210.935 Thread 0x0000028d7fb127b0 nmethod 32842 0x0000028d08dfd710 code [0x0000028d08dfdbe0, 0x0000028d08e02700]
Event: 210.936 Thread 0x0000028d7fb127b0 32896       4       com.android.tools.r8.graph.K3::a (161 bytes)
Event: 210.947 Thread 0x0000028d594444d0 nmethod 32885 0x0000028d08f90310 code [0x0000028d08f90620, 0x0000028d08f92140]
Event: 210.947 Thread 0x0000028d594444d0 32874       4       com.android.tools.r8.graph.M3$a::a (11 bytes)
Event: 210.947 Thread 0x0000028d594444d0 nmethod 32874 0x0000028d08fd7590 code [0x0000028d08fd7700, 0x0000028d08fd7798]
Event: 210.947 Thread 0x0000028d594444d0 32856       4       com.android.tools.r8.graph.C3$e::b (11 bytes)
Event: 210.947 Thread 0x0000028d594444d0 nmethod 32856 0x0000028d08fd7290 code [0x0000028d08fd7400, 0x0000028d08fd7498]
Event: 210.947 Thread 0x0000028d594444d0 32883       4       com.android.tools.r8.graph.M3::a (104 bytes)
Event: 211.131 Thread 0x0000028d7fb127b0 nmethod 32896 0x0000028d0911c390 code [0x0000028d0911c920, 0x0000028d09121780]
Event: 211.131 Thread 0x0000028d7fb127b0 32903       4       com.android.tools.r8.graph.K3::a (214 bytes)
Event: 211.254 Thread 0x0000028d7fb1b8e0 32905       3       com.android.tools.r8.graph.y0$$Lambda$4750/0x0000028d1676b0a8::apply (10 bytes)
Event: 211.254 Thread 0x0000028d7fb1b8e0 nmethod 32905 0x0000028d02a7f490 code [0x0000028d02a7f640, 0x0000028d02a7f958]

GC Heap History (20 events):
Event: 195.598 GC heap before
{Heap before GC invocations=69 (full 0):
 garbage-first heap   total 1423360K, used 1090540K [0x0000000700000000, 0x0000000800000000)
  region size 2048K, 183 young (374784K), 5 survivors (10240K)
 Metaspace       used 154067K, committed 156736K, reserved 1048576K
  class space    used 21029K, committed 22272K, reserved 851968K
}
Event: 195.604 GC heap after
{Heap after GC invocations=70 (full 0):
 garbage-first heap   total 1423360K, used 727609K [0x0000000700000000, 0x0000000800000000)
  region size 2048K, 5 young (10240K), 5 survivors (10240K)
 Metaspace       used 154067K, committed 156736K, reserved 1048576K
  class space    used 21029K, committed 22272K, reserved 851968K
}
Event: 195.804 GC heap before
{Heap before GC invocations=70 (full 0):
 garbage-first heap   total 1423360K, used 1120825K [0x0000000700000000, 0x0000000800000000)
  region size 2048K, 198 young (405504K), 5 survivors (10240K)
 Metaspace       used 154068K, committed 156736K, reserved 1048576K
  class space    used 21029K, committed 22272K, reserved 851968K
}
Event: 195.809 GC heap after
{Heap after GC invocations=71 (full 0):
 garbage-first heap   total 1423360K, used 728655K [0x0000000700000000, 0x0000000800000000)
  region size 2048K, 6 young (12288K), 6 survivors (12288K)
 Metaspace       used 154068K, committed 156736K, reserved 1048576K
  class space    used 21029K, committed 22272K, reserved 851968K
}
Event: 198.714 GC heap before
{Heap before GC invocations=71 (full 0):
 garbage-first heap   total 1423360K, used 1164879K [0x0000000700000000, 0x0000000800000000)
  region size 2048K, 210 young (430080K), 6 survivors (12288K)
 Metaspace       used 158545K, committed 161280K, reserved 1048576K
  class space    used 21633K, committed 22912K, reserved 851968K
}
Event: 198.742 GC heap after
{Heap after GC invocations=72 (full 0):
 garbage-first heap   total 1423360K, used 773710K [0x0000000700000000, 0x0000000800000000)
  region size 2048K, 24 young (49152K), 24 survivors (49152K)
 Metaspace       used 158545K, committed 161280K, reserved 1048576K
  class space    used 21633K, committed 22912K, reserved 851968K
}
Event: 200.798 GC heap before
{Heap before GC invocations=72 (full 0):
 garbage-first heap   total 1423360K, used 1158734K [0x0000000700000000, 0x0000000800000000)
  region size 2048K, 212 young (434176K), 24 survivors (49152K)
 Metaspace       used 158678K, committed 161408K, reserved 1048576K
  class space    used 21640K, committed 22912K, reserved 851968K
}
Event: 200.851 GC heap after
{Heap after GC invocations=73 (full 0):
 garbage-first heap   total 1423360K, used 824739K [0x0000000700000000, 0x0000000800000000)
  region size 2048K, 27 young (55296K), 27 survivors (55296K)
 Metaspace       used 158678K, committed 161408K, reserved 1048576K
  class space    used 21640K, committed 22912K, reserved 851968K
}
Event: 202.244 GC heap before
{Heap before GC invocations=73 (full 0):
 garbage-first heap   total 1423360K, used 1168803K [0x0000000700000000, 0x0000000800000000)
  region size 2048K, 192 young (393216K), 27 survivors (55296K)
 Metaspace       used 158688K, committed 161408K, reserved 1048576K
  class space    used 21640K, committed 22912K, reserved 851968K
}
Event: 202.296 GC heap after
{Heap after GC invocations=74 (full 0):
 garbage-first heap   total 1423360K, used 876724K [0x0000000700000000, 0x0000000800000000)
  region size 2048K, 23 young (47104K), 23 survivors (47104K)
 Metaspace       used 158688K, committed 161408K, reserved 1048576K
  class space    used 21640K, committed 22912K, reserved 851968K
}
Event: 203.756 GC heap before
{Heap before GC invocations=74 (full 0):
 garbage-first heap   total 1423360K, used 1175732K [0x0000000700000000, 0x0000000800000000)
  region size 2048K, 169 young (346112K), 23 survivors (47104K)
 Metaspace       used 158717K, committed 161408K, reserved 1048576K
  class space    used 21644K, committed 22912K, reserved 851968K
}
Event: 203.799 GC heap after
{Heap after GC invocations=75 (full 0):
 garbage-first heap   total 1423360K, used 912207K [0x0000000700000000, 0x0000000800000000)
  region size 2048K, 19 young (38912K), 19 survivors (38912K)
 Metaspace       used 158717K, committed 161408K, reserved 1048576K
  class space    used 21644K, committed 22912K, reserved 851968K
}
Event: 206.026 GC heap before
{Heap before GC invocations=75 (full 0):
 garbage-first heap   total 1423360K, used 1188687K [0x0000000700000000, 0x0000000800000000)
  region size 2048K, 154 young (315392K), 19 survivors (38912K)
 Metaspace       used 162955K, committed 165696K, reserved 1048576K
  class space    used 22412K, committed 23680K, reserved 851968K
}
Event: 206.056 GC heap after
{Heap after GC invocations=76 (full 0):
 garbage-first heap   total 1423360K, used 935007K [0x0000000700000000, 0x0000000800000000)
  region size 2048K, 13 young (26624K), 13 survivors (26624K)
 Metaspace       used 162955K, committed 165696K, reserved 1048576K
  class space    used 22412K, committed 23680K, reserved 851968K
}
Event: 207.484 GC heap before
{Heap before GC invocations=76 (full 0):
 garbage-first heap   total 1423360K, used 1205343K [0x0000000700000000, 0x0000000800000000)
  region size 2048K, 142 young (290816K), 13 survivors (26624K)
 Metaspace       used 163059K, committed 165824K, reserved 1048576K
  class space    used 22439K, committed 23744K, reserved 851968K
}
Event: 207.517 GC heap after
{Heap after GC invocations=77 (full 0):
 garbage-first heap   total 1423360K, used 966067K [0x0000000700000000, 0x0000000800000000)
  region size 2048K, 14 young (28672K), 14 survivors (28672K)
 Metaspace       used 163059K, committed 165824K, reserved 1048576K
  class space    used 22439K, committed 23744K, reserved 851968K
}
Event: 208.536 GC heap before
{Heap before GC invocations=77 (full 0):
 garbage-first heap   total 1423360K, used 1213875K [0x0000000700000000, 0x0000000800000000)
  region size 2048K, 133 young (272384K), 14 survivors (28672K)
 Metaspace       used 163259K, committed 166016K, reserved 1048576K
  class space    used 22463K, committed 23744K, reserved 851968K
}
Event: 208.567 GC heap after
{Heap after GC invocations=78 (full 0):
 garbage-first heap   total 1423360K, used 996936K [0x0000000700000000, 0x0000000800000000)
  region size 2048K, 13 young (26624K), 13 survivors (26624K)
 Metaspace       used 163259K, committed 166016K, reserved 1048576K
  class space    used 22463K, committed 23744K, reserved 851968K
}
Event: 209.266 GC heap before
{Heap before GC invocations=78 (full 0):
 garbage-first heap   total 1423360K, used 1216072K [0x0000000700000000, 0x0000000800000000)
  region size 2048K, 120 young (245760K), 13 survivors (26624K)
 Metaspace       used 163275K, committed 166016K, reserved 1048576K
  class space    used 22463K, committed 23744K, reserved 851968K
}
Event: 209.298 GC heap after
{Heap after GC invocations=79 (full 0):
 garbage-first heap   total 1423360K, used 1021285K [0x0000000700000000, 0x0000000800000000)
  region size 2048K, 13 young (26624K), 13 survivors (26624K)
 Metaspace       used 163275K, committed 166016K, reserved 1048576K
  class space    used 22463K, committed 23744K, reserved 851968K
}

Dll operation events (16 events):
Event: 0.007 Loaded shared library C:\Program Files\Microsoft\jdk-17.0.15.6-hotspot\bin\java.dll
Event: 0.019 Loaded shared library C:\Program Files\Microsoft\jdk-17.0.15.6-hotspot\bin\jsvml.dll
Event: 0.052 Loaded shared library C:\Program Files\Microsoft\jdk-17.0.15.6-hotspot\bin\zip.dll
Event: 0.054 Loaded shared library C:\Program Files\Microsoft\jdk-17.0.15.6-hotspot\bin\instrument.dll
Event: 0.057 Loaded shared library C:\Program Files\Microsoft\jdk-17.0.15.6-hotspot\bin\net.dll
Event: 0.058 Loaded shared library C:\Program Files\Microsoft\jdk-17.0.15.6-hotspot\bin\nio.dll
Event: 0.060 Loaded shared library C:\Program Files\Microsoft\jdk-17.0.15.6-hotspot\bin\zip.dll
Event: 0.235 Loaded shared library C:\Program Files\Microsoft\jdk-17.0.15.6-hotspot\bin\jimage.dll
Event: 0.390 Loaded shared library C:\Program Files\Microsoft\jdk-17.0.15.6-hotspot\bin\verify.dll
Event: 0.413 Loaded shared library C:\Users\satej\.gradle\native\660c5614fbf4a5f2a75b1949f50a0caf5cd603558e7d8a26e50b933a0cfb79d1\windows-amd64\native-platform.dll
Event: 0.433 Loaded shared library C:\Users\satej\.gradle\native\0.2.8\x86_64-windows-gnu\gradle-fileevents.dll
Event: 1.095 Loaded shared library C:\Program Files\Microsoft\jdk-17.0.15.6-hotspot\bin\management.dll
Event: 1.096 Loaded shared library C:\Program Files\Microsoft\jdk-17.0.15.6-hotspot\bin\management_ext.dll
Event: 1.243 Loaded shared library C:\Program Files\Microsoft\jdk-17.0.15.6-hotspot\bin\extnet.dll
Event: 1.382 Loaded shared library C:\Program Files\Microsoft\jdk-17.0.15.6-hotspot\bin\sunmscapi.dll
Event: 75.340 Loaded shared library C:\Program Files\Microsoft\jdk-17.0.15.6-hotspot\bin\rmi.dll

Deoptimization events (20 events):
Event: 210.811 Thread 0x0000028d5d4e0580 DEOPT PACKING pc=0x0000028d08dc43a8 sp=0x000000f6521fd700
Event: 210.811 Thread 0x0000028d5d4e0580 DEOPT UNPACKING pc=0x0000028d075869a3 sp=0x000000f6521fd6a8 mode 2
Event: 210.811 Thread 0x0000028d5d4e0580 Uncommon trap: trap_request=0xffffffde fr.pc=0x0000028d08dc43a8 relative=0x0000000000000208
Event: 210.811 Thread 0x0000028d5d4e0580 Uncommon trap: reason=class_check action=maybe_recompile pc=0x0000028d08dc43a8 method=com.android.tools.r8.graph.F0.S0()Lcom/android/tools/r8/graph/d4; @ 4 c2
Event: 210.811 Thread 0x0000028d5d4e0580 DEOPT PACKING pc=0x0000028d08dc43a8 sp=0x000000f6521fd700
Event: 210.811 Thread 0x0000028d5d4e0580 DEOPT UNPACKING pc=0x0000028d075869a3 sp=0x000000f6521fd6a8 mode 2
Event: 211.262 Thread 0x0000028d5d4e0580 DEOPT PACKING pc=0x0000028d013a0bb0 sp=0x000000f6521fd6f0
Event: 211.262 Thread 0x0000028d5d4e0580 DEOPT UNPACKING pc=0x0000028d07587143 sp=0x000000f6521fcbd8 mode 0
Event: 211.264 Thread 0x0000028d5d4e0580 DEOPT PACKING pc=0x0000028d01402149 sp=0x000000f6521fd6e0
Event: 211.264 Thread 0x0000028d5d4e0580 DEOPT UNPACKING pc=0x0000028d07587143 sp=0x000000f6521fcbd0 mode 0
Event: 211.269 Thread 0x0000028d5d4e0580 DEOPT PACKING pc=0x0000028d013a0bb0 sp=0x000000f6521fd6f0
Event: 211.269 Thread 0x0000028d5d4e0580 DEOPT UNPACKING pc=0x0000028d07587143 sp=0x000000f6521fcbd8 mode 0
Event: 211.271 Thread 0x0000028d5d4e0580 DEOPT PACKING pc=0x0000028d01402149 sp=0x000000f6521fd6e0
Event: 211.271 Thread 0x0000028d5d4e0580 DEOPT UNPACKING pc=0x0000028d07587143 sp=0x000000f6521fcbd0 mode 0
Event: 211.277 Thread 0x0000028d5d4e0580 DEOPT PACKING pc=0x0000028d01402149 sp=0x000000f6521fd6e0
Event: 211.277 Thread 0x0000028d5d4e0580 DEOPT UNPACKING pc=0x0000028d07587143 sp=0x000000f6521fcbd0 mode 0
Event: 211.279 Thread 0x0000028d5d4e0580 DEOPT PACKING pc=0x0000028d013a0bb0 sp=0x000000f6521fd6f0
Event: 211.279 Thread 0x0000028d5d4e0580 DEOPT UNPACKING pc=0x0000028d07587143 sp=0x000000f6521fcbd8 mode 0
Event: 211.284 Thread 0x0000028d5d4e0580 DEOPT PACKING pc=0x0000028d013a0bb0 sp=0x000000f6521fd6f0
Event: 211.284 Thread 0x0000028d5d4e0580 DEOPT UNPACKING pc=0x0000028d07587143 sp=0x000000f6521fcbd8 mode 0

Classes loaded (20 events):
Event: 192.302 Loading class java/util/concurrent/ForkJoinTask$AdaptedCallable
Event: 192.302 Loading class java/util/concurrent/ForkJoinTask$AdaptedCallable done
Event: 192.302 Loading class java/util/concurrent/ForkJoinPool$DefaultForkJoinWorkerThreadFactory$1
Event: 192.302 Loading class java/util/concurrent/ForkJoinPool$DefaultForkJoinWorkerThreadFactory$1 done
Event: 192.463 Loading class java/util/concurrent/ConcurrentHashMap$TreeNode
Event: 192.464 Loading class java/util/concurrent/ConcurrentHashMap$TreeNode done
Event: 192.465 Loading class java/util/concurrent/ConcurrentHashMap$TreeBin
Event: 192.466 Loading class java/util/concurrent/ConcurrentHashMap$TreeBin done
Event: 194.108 Loading class java/util/IdentityHashMap$EntrySet
Event: 194.116 Loading class java/util/IdentityHashMap$EntrySet done
Event: 196.553 Loading class java/util/concurrent/ConcurrentLinkedDeque
Event: 196.554 Loading class java/util/concurrent/ConcurrentLinkedDeque done
Event: 196.554 Loading class java/util/concurrent/ConcurrentLinkedDeque$Node
Event: 196.554 Loading class java/util/concurrent/ConcurrentLinkedDeque$Node done
Event: 196.849 Loading class java/util/IdentityHashMap$ValueIterator
Event: 196.850 Loading class java/util/IdentityHashMap$ValueIterator done
Event: 210.168 Loading class java/util/IdentityHashMap$EntryIterator
Event: 210.202 Loading class java/util/IdentityHashMap$EntryIterator done
Event: 210.203 Loading class java/util/IdentityHashMap$EntryIterator$Entry
Event: 210.203 Loading class java/util/IdentityHashMap$EntryIterator$Entry done

Classes unloaded (0 events):
No events

Classes redefined (0 events):
No events

Internal exceptions (20 events):
Event: 205.208 Thread 0x0000028d5c7dc980 Exception <a 'java/lang/IncompatibleClassChangeError'{0x000000074e9276f8}: Found class java.lang.Object, but interface was expected> (0x000000074e9276f8) 
thrown [s\src\hotspot\share\interpreter\linkResolver.cpp, line 826]
Event: 205.208 Thread 0x0000028d5c7d91d0 Exception <a 'java/lang/IncompatibleClassChangeError'{0x000000074e992ba8}: Found class java.lang.Object, but interface was expected> (0x000000074e992ba8) 
thrown [s\src\hotspot\share\interpreter\linkResolver.cpp, line 826]
Event: 205.208 Thread 0x0000028d5c7dd3a0 Exception <a 'java/lang/IncompatibleClassChangeError'{0x000000074e819890}: Found class java.lang.Object, but interface was expected> (0x000000074e819890) 
thrown [s\src\hotspot\share\interpreter\linkResolver.cpp, line 826]
Event: 205.208 Thread 0x0000028d5c7dce90 Exception <a 'java/lang/IncompatibleClassChangeError'{0x000000074eb13960}: Found class java.lang.Object, but interface was expected> (0x000000074eb13960) 
thrown [s\src\hotspot\share\interpreter\linkResolver.cpp, line 826]
Event: 205.209 Thread 0x0000028d5c7d8cc0 Exception <a 'java/lang/IncompatibleClassChangeError'{0x000000074e607b28}: Found class java.lang.Object, but interface was expected> (0x000000074e607b28) 
thrown [s\src\hotspot\share\interpreter\linkResolver.cpp, line 826]
Event: 205.214 Thread 0x0000028d5c7dd3a0 Exception <a 'java/lang/NoSuchMethodError'{0x000000074e825190}: 'void java.lang.invoke.DirectMethodHandle$Holder.invokeSpecialIFC(java.lang.Object, java.lang.Object, java.lang.Object, java.lang.Object)'> (0x000000074e825190) 
thrown [s\src\hotspot\share\interpreter\linkResolver.cpp, line 759]
Event: 205.214 Thread 0x0000028d5c7dba50 Exception <a 'java/lang/NoSuchMethodError'{0x000000074e65d240}: 'void java.lang.invoke.DirectMethodHandle$Holder.invokeSpecialIFC(java.lang.Object, java.lang.Object, java.lang.Object, java.lang.Object)'> (0x000000074e65d240) 
thrown [s\src\hotspot\share\interpreter\linkResolver.cpp, line 759]
Event: 205.214 Thread 0x0000028d5c7dc980 Exception <a 'java/lang/NoSuchMethodError'{0x000000074e6e6428}: 'void java.lang.invoke.DirectMethodHandle$Holder.invokeSpecialIFC(java.lang.Object, java.lang.Object, java.lang.Object, java.lang.Object)'> (0x000000074e6e6428) 
thrown [s\src\hotspot\share\interpreter\linkResolver.cpp, line 759]
Event: 205.214 Thread 0x0000028d5c7dce90 Exception <a 'java/lang/NoSuchMethodError'{0x000000074e6aa9a0}: 'void java.lang.invoke.DirectMethodHandle$Holder.invokeSpecialIFC(java.lang.Object, java.lang.Object, java.lang.Object, java.lang.Object)'> (0x000000074e6aa9a0) 
thrown [s\src\hotspot\share\interpreter\linkResolver.cpp, line 759]
Event: 205.214 Thread 0x0000028d5c7d8cc0 Exception <a 'java/lang/NoSuchMethodError'{0x000000074e613350}: 'void java.lang.invoke.DirectMethodHandle$Holder.invokeSpecialIFC(java.lang.Object, java.lang.Object, java.lang.Object, java.lang.Object)'> (0x000000074e613350) 
thrown [s\src\hotspot\share\interpreter\linkResolver.cpp, line 759]
Event: 205.216 Thread 0x0000028d5c7dce90 Exception <a 'java/lang/NoSuchMethodError'{0x000000074e6b0cd0}: 'java.lang.Object java.lang.invoke.DirectMethodHandle$Holder.invokeSpecial(java.lang.Object, java.lang.Object, int, java.lang.Object, java.lang.Object, java.lang.Object)'> (0x000000074e6b0cd0) 
thrown [s\src\hotspot\share\interpreter\linkResolver.cpp, line 759]
Event: 205.216 Thread 0x0000028d5c7dba50 Exception <a 'java/lang/NoSuchMethodError'{0x000000074e663500}: 'java.lang.Object java.lang.invoke.DirectMethodHandle$Holder.invokeSpecial(java.lang.Object, java.lang.Object, int, java.lang.Object, java.lang.Object, java.lang.Object)'> (0x000000074e663500) 
thrown [s\src\hotspot\share\interpreter\linkResolver.cpp, line 759]
Event: 205.216 Thread 0x0000028d5c7dc980 Exception <a 'java/lang/NoSuchMethodError'{0x000000074e6eca60}: 'java.lang.Object java.lang.invoke.DirectMethodHandle$Holder.invokeSpecial(java.lang.Object, java.lang.Object, int, java.lang.Object, java.lang.Object, java.lang.Object)'> (0x000000074e6eca60) 
thrown [s\src\hotspot\share\interpreter\linkResolver.cpp, line 759]
Event: 205.260 Thread 0x0000028d5c7d87b0 Exception <a 'java/lang/IncompatibleClassChangeError'{0x000000074e48d138}: Found class java.lang.Object, but interface was expected> (0x000000074e48d138) 
thrown [s\src\hotspot\share\interpreter\linkResolver.cpp, line 826]
Event: 205.260 Thread 0x0000028d5c7dbf60 Exception <a 'java/lang/IncompatibleClassChangeError'{0x000000074e969d28}: Found class java.lang.Object, but interface was expected> (0x000000074e969d28) 
thrown [s\src\hotspot\share\interpreter\linkResolver.cpp, line 826]
Event: 205.286 Thread 0x0000028d5c7d91d0 Exception <a 'java/lang/NoSuchMethodError'{0x000000074deb0ad8}: 'void java.lang.invoke.DirectMethodHandle$Holder.invokeSpecial(java.lang.Object, java.lang.Object, java.lang.Object, java.lang.Object, java.lang.Object, java.lang.Object, java.lang.Object, java.lang.Object, java.lang.Object)'> (0x000000074deb0ad8) 
thrown [s\src\hotspot\share\interpreter\linkResolver.cpp, line 759]
Event: 205.286 Thread 0x0000028d5c7dce90 Exception <a 'java/lang/NoSuchMethodError'{0x000000074e381090}: 'void java.lang.invoke.DirectMethodHandle$Holder.invokeSpecial(java.lang.Object, java.lang.Object, java.lang.Object, java.lang.Object, java.lang.Object, java.lang.Object, java.lang.Object, java.lang.Object, java.lang.Object)'> (0x000000074e381090) 
thrown [s\src\hotspot\share\interpreter\linkResolver.cpp, line 759]
Event: 209.986 Thread 0x0000028d5d4e0580 Exception <a 'java/lang/ClassCastException'{0x000000075170a550}: class kotlin.reflect.jvm.internal.ReflectionFactoryImpl cannot be cast to class com.android.tools.r8.internal.Uf0 (kotlin.reflect.jvm.internal.ReflectionFactoryImpl is in unnamed module of loader org.gradle.internal.classloader.VisitableURLClassLoader @769c9116; com.android.tools.r8.internal.Uf0 is in unnamed module of loader org.gradle.internal.classloader.VisitableURLClassLoader$InstrumentingVisitableURLClassLoader @1602c16c)> (0x0000000751
Event: 210.503 Thread 0x0000028d5d4e0580 Exception <a 'java/lang/IncompatibleClassChangeError'{0x000000074fb0f9a0}: Found class java.lang.Object, but interface was expected> (0x000000074fb0f9a0) 
thrown [s\src\hotspot\share\interpreter\linkResolver.cpp, line 826]
Event: 210.624 Thread 0x0000028d5d4e0580 Exception <a 'java/lang/IncompatibleClassChangeError'{0x000000074f05d4a8}: Found class java.lang.Object, but interface was expected> (0x000000074f05d4a8) 
thrown [s\src\hotspot\share\interpreter\linkResolver.cpp, line 826]

VM Operations (20 events):
Event: 208.193 Executing VM operation: ICBufferFull
Event: 208.193 Executing VM operation: ICBufferFull done
Event: 208.535 Executing VM operation: G1CollectForAllocation
Event: 208.567 Executing VM operation: G1CollectForAllocation done
Event: 209.197 Executing VM operation: HandshakeAllThreads
Event: 209.198 Executing VM operation: HandshakeAllThreads done
Event: 209.266 Executing VM operation: G1CollectForAllocation
Event: 209.298 Executing VM operation: G1CollectForAllocation done
Event: 209.430 Executing VM operation: HandshakeAllThreads
Event: 209.431 Executing VM operation: HandshakeAllThreads done
Event: 209.539 Executing VM operation: HandshakeAllThreads
Event: 209.540 Executing VM operation: HandshakeAllThreads done
Event: 209.757 Executing VM operation: HandshakeAllThreads
Event: 209.758 Executing VM operation: HandshakeAllThreads done
Event: 210.375 Executing VM operation: HandshakeAllThreads
Event: 210.376 Executing VM operation: HandshakeAllThreads done
Event: 210.376 Executing VM operation: Cleanup
Event: 210.376 Executing VM operation: Cleanup done
Event: 210.376 Executing VM operation: HandshakeAllThreads
Event: 210.376 Executing VM operation: HandshakeAllThreads done

Memory protections (0 events):
No events

Nmethod flushes (20 events):
Event: 210.389 Thread 0x0000028d7fb3cf40 flushing  nmethod 0x0000028d003e7c90
Event: 210.400 Thread 0x0000028d7fb3cf40 flushing  nmethod 0x0000028d014d7710
Event: 210.404 Thread 0x0000028d7fb3cf40 flushing  nmethod 0x0000028d018dc810
Event: 210.410 Thread 0x0000028d7fb3cf40 flushing  nmethod 0x0000028d02046b10
Event: 210.412 Thread 0x0000028d7fb3cf40 flushing  nmethod 0x0000028d02221810
Event: 210.413 Thread 0x0000028d7fb3cf40 flushing  nmethod 0x0000028d02426190
Event: 210.415 Thread 0x0000028d7fb3cf40 flushing  nmethod 0x0000028d0269d390
Event: 210.415 Thread 0x0000028d7fb3cf40 flushing  nmethod 0x0000028d02745710
Event: 210.415 Thread 0x0000028d7fb3cf40 flushing  nmethod 0x0000028d0275c410
Event: 210.416 Thread 0x0000028d7fb3cf40 flushing  nmethod 0x0000028d02811290
Event: 210.416 Thread 0x0000028d7fb3cf40 flushing  nmethod 0x0000028d02828490
Event: 210.417 Thread 0x0000028d7fb3cf40 flushing  nmethod 0x0000028d029e7610
Event: 210.417 Thread 0x0000028d7fb3cf40 flushing  nmethod 0x0000028d029eee10
Event: 210.417 Thread 0x0000028d7fb3cf40 flushing  nmethod 0x0000028d02a9a610
Event: 210.417 Thread 0x0000028d7fb3cf40 flushing  nmethod 0x0000028d02b1b010
Event: 210.418 Thread 0x0000028d7fb3cf40 flushing  nmethod 0x0000028d02b44a10
Event: 210.418 Thread 0x0000028d7fb3cf40 flushing osr nmethod 0x0000028d02b84910
Event: 210.418 Thread 0x0000028d7fb3cf40 flushing osr nmethod 0x0000028d02be6210
Event: 210.418 Thread 0x0000028d7fb3cf40 flushing osr nmethod 0x0000028d02c98390
Event: 210.419 Thread 0x0000028d7fb3cf40 flushing  nmethod 0x0000028d02ce4210

Events (20 events):
Event: 192.303 Thread 0x0000028d5c7d8cc0 Thread added: 0x0000028d5c7db540
Event: 192.303 Thread 0x0000028d5c7d9bf0 Thread added: 0x0000028d5c7dbf60
Event: 192.303 Thread 0x0000028d5d4e0580 Thread added: 0x0000028d5c7d91d0
Event: 192.303 Thread 0x0000028d5c7db540 Thread added: 0x0000028d5c7d87b0
Event: 192.303 Thread 0x0000028d5c7d91d0 Thread added: 0x0000028d5c7dce90
Event: 192.303 Thread 0x0000028d5c7dbf60 Thread added: 0x0000028d5c7d96e0
Event: 192.304 Thread 0x0000028d5c7d87b0 Thread added: 0x0000028d5c7dc980
Event: 192.304 Thread 0x0000028d5c7dce90 Thread added: 0x0000028d5c7dc470
Event: 192.304 Thread 0x0000028d5c7d96e0 Thread added: 0x0000028d5c7dd3a0
Event: 192.309 Thread 0x0000028d7fb127b0 Thread added: 0x0000028d594444d0
Event: 192.309 Thread 0x0000028d7fb127b0 Thread added: 0x0000028d594434e0
Event: 194.394 Thread 0x0000028d594434e0 Thread exited: 0x0000028d594434e0
Event: 194.531 Thread 0x0000028d7fb1b8e0 Thread added: 0x0000028d59441fa0
Event: 195.945 Thread 0x0000028d59441fa0 Thread exited: 0x0000028d59441fa0
Event: 195.999 Thread 0x0000028d7fb1b8e0 Thread added: 0x0000028d59441fa0
Event: 199.440 Thread 0x0000028d50d14400 Thread exited: 0x0000028d50d14400
Event: 204.196 Thread 0x0000028d59441fa0 Thread exited: 0x0000028d59441fa0
Event: 204.531 Thread 0x0000028d7fb1b8e0 Thread added: 0x0000028d5f63aab0
Event: 209.309 Thread 0x0000028d5f63aab0 Thread exited: 0x0000028d5f63aab0
Event: 209.360 Thread 0x0000028d7fb1b8e0 Thread added: 0x0000028d5e4438b0


Dynamic libraries:
0x00007ff625c70000 - 0x00007ff625c7e000 	C:\Program Files\Microsoft\jdk-17.0.15.6-hotspot\bin\java.exe
0x00007ffe66880000 - 0x00007ffe66ae7000 	C:\WINDOWS\SYSTEM32\ntdll.dll
0x00007ffe660b0000 - 0x00007ffe6617a000 	C:\WINDOWS\System32\KERNEL32.DLL
0x00007ffe63bd0000 - 0x00007ffe63fd2000 	C:\WINDOWS\System32\KERNELBASE.dll
0x00007ffe64140000 - 0x00007ffe6428c000 	C:\WINDOWS\System32\ucrtbase.dll
0x00007ffe59900000 - 0x00007ffe59917000 	C:\Program Files\Microsoft\jdk-17.0.15.6-hotspot\bin\jli.dll
0x00007ffe44d10000 - 0x00007ffe44d2d000 	C:\Program Files\Microsoft\jdk-17.0.15.6-hotspot\bin\VCRUNTIME140.dll
0x00007ffe66190000 - 0x00007ffe6635f000 	C:\WINDOWS\System32\USER32.dll
0x00007ffe64110000 - 0x00007ffe64137000 	C:\WINDOWS\System32\win32u.dll
0x00007ffe445f0000 - 0x00007ffe44880000 	C:\WINDOWS\WinSxS\amd64_microsoft.windows.common-controls_6595b64144ccf1df_6.0.26100.9278_none_3e0d1ba8e3303201\COMCTL32.dll
0x00007ffe66510000 - 0x00007ffe6653b000 	C:\WINDOWS\System32\GDI32.dll
0x00007ffe65310000 - 0x00007ffe653b9000 	C:\WINDOWS\System32\msvcrt.dll
0x00007ffe63fe0000 - 0x00007ffe64109000 	C:\WINDOWS\System32\gdi32full.dll
0x00007ffe63a90000 - 0x00007ffe63b33000 	C:\WINDOWS\System32\msvcp_win.dll
0x00007ffe663d0000 - 0x00007ffe66401000 	C:\WINDOWS\System32\IMM32.DLL
0x00007ffe590d0000 - 0x00007ffe590dc000 	C:\Program Files\Microsoft\jdk-17.0.15.6-hotspot\bin\vcruntime140_1.dll
0x00007ffe09570000 - 0x00007ffe095fd000 	C:\Program Files\Microsoft\jdk-17.0.15.6-hotspot\bin\msvcp140.dll
0x00007ffd905b0000 - 0x00007ffd91222000 	C:\Program Files\Microsoft\jdk-17.0.15.6-hotspot\bin\server\jvm.dll
0x00007ffe65a70000 - 0x00007ffe65b2c000 	C:\WINDOWS\System32\ADVAPI32.dll
0x00007ffe65260000 - 0x00007ffe65309000 	C:\WINDOWS\System32\sechost.dll
0x00007ffe665b0000 - 0x00007ffe666c8000 	C:\WINDOWS\System32\RPCRT4.dll
0x00007ffe647e0000 - 0x00007ffe64860000 	C:\WINDOWS\System32\WS2_32.dll
0x00007ffe63180000 - 0x00007ffe631de000 	C:\WINDOWS\SYSTEM32\POWRPROF.dll
0x00007ffe51790000 - 0x00007ffe517c6000 	C:\WINDOWS\SYSTEM32\WINMM.dll
0x00007ffe57540000 - 0x00007ffe5754b000 	C:\WINDOWS\SYSTEM32\VERSION.dll
0x00007ffe630e0000 - 0x00007ffe630f5000 	C:\WINDOWS\SYSTEM32\UMPDC.dll
0x00007ffe62750000 - 0x00007ffe6276b000 	C:\WINDOWS\SYSTEM32\kernel.appcore.dll
0x00007ffe58530000 - 0x00007ffe5853a000 	C:\Program Files\Microsoft\jdk-17.0.15.6-hotspot\bin\jimage.dll
0x00007ffe60d00000 - 0x00007ffe60f42000 	C:\WINDOWS\SYSTEM32\DBGHELP.DLL
0x00007ffe65c40000 - 0x00007ffe65fc4000 	C:\WINDOWS\System32\combase.dll
0x00007ffe65fd0000 - 0x00007ffe660a9000 	C:\WINDOWS\System32\OLEAUT32.dll
0x00007ffe40880000 - 0x00007ffe408bb000 	C:\WINDOWS\SYSTEM32\dbgcore.DLL
0x00007ffe64360000 - 0x00007ffe6440c000 	C:\WINDOWS\System32\bcryptPrimitives.dll
0x00007ffe40450000 - 0x00007ffe4045e000 	C:\Program Files\Microsoft\jdk-17.0.15.6-hotspot\bin\instrument.dll
0x00007ffe39ba0000 - 0x00007ffe39bc5000 	C:\Program Files\Microsoft\jdk-17.0.15.6-hotspot\bin\java.dll
0x00007ffdfbb10000 - 0x00007ffdfbbe6000 	C:\Program Files\Microsoft\jdk-17.0.15.6-hotspot\bin\jsvml.dll
0x00007ffe64ac0000 - 0x00007ffe65258000 	C:\WINDOWS\System32\SHELL32.dll
0x00007ffe61370000 - 0x00007ffe61c1e000 	C:\WINDOWS\SYSTEM32\windows.storage.dll
0x00007ffe66410000 - 0x00007ffe6650b000 	C:\WINDOWS\System32\SHCORE.dll
0x00007ffe66540000 - 0x00007ffe665a6000 	C:\WINDOWS\System32\shlwapi.dll
0x00007ffe639b0000 - 0x00007ffe639d9000 	C:\WINDOWS\SYSTEM32\profapi.dll
0x00007ffe3fb00000 - 0x00007ffe3fb18000 	C:\Program Files\Microsoft\jdk-17.0.15.6-hotspot\bin\zip.dll
0x00007ffe419a0000 - 0x00007ffe419ba000 	C:\Program Files\Microsoft\jdk-17.0.15.6-hotspot\bin\net.dll
0x00007ffe58e70000 - 0x00007ffe58f9a000 	C:\WINDOWS\SYSTEM32\WINHTTP.dll
0x00007ffe62d90000 - 0x00007ffe62dfc000 	C:\WINDOWS\system32\mswsock.dll
0x00007ffe407a0000 - 0x00007ffe407b6000 	C:\Program Files\Microsoft\jdk-17.0.15.6-hotspot\bin\nio.dll
0x00007ffe419e0000 - 0x00007ffe419f0000 	C:\Program Files\Microsoft\jdk-17.0.15.6-hotspot\bin\verify.dll
0x00007ffdd4850000 - 0x00007ffdd4877000 	C:\Users\satej\.gradle\native\660c5614fbf4a5f2a75b1949f50a0caf5cd603558e7d8a26e50b933a0cfb79d1\windows-amd64\native-platform.dll
0x00007ffdf5280000 - 0x00007ffdf52f7000 	C:\Users\satej\.gradle\native\0.2.8\x86_64-windows-gnu\gradle-fileevents.dll
0x00007ffe582a0000 - 0x00007ffe582aa000 	C:\Program Files\Microsoft\jdk-17.0.15.6-hotspot\bin\management.dll
0x00007ffe42dd0000 - 0x00007ffe42ddb000 	C:\Program Files\Microsoft\jdk-17.0.15.6-hotspot\bin\management_ext.dll
0x00007ffe66770000 - 0x00007ffe66778000 	C:\WINDOWS\System32\PSAPI.DLL
0x00007ffe62110000 - 0x00007ffe62143000 	C:\WINDOWS\SYSTEM32\IPHLPAPI.DLL
0x00007ffe66180000 - 0x00007ffe6618a000 	C:\WINDOWS\System32\NSI.dll
0x00007ffe5a820000 - 0x00007ffe5a83d000 	C:\WINDOWS\SYSTEM32\dhcpcsvc6.DLL
0x00007ffe5a770000 - 0x00007ffe5a795000 	C:\WINDOWS\SYSTEM32\dhcpcsvc.DLL
0x00007ffe62150000 - 0x00007ffe622a8000 	C:\WINDOWS\SYSTEM32\DNSAPI.dll
0x00007ffe62b60000 - 0x00007ffe62b6d000 	C:\WINDOWS\SYSTEM32\DSPARSE.dll
0x00007ffe41c50000 - 0x00007ffe41c59000 	C:\Program Files\Microsoft\jdk-17.0.15.6-hotspot\bin\extnet.dll
0x00007ffe630a0000 - 0x00007ffe630bb000 	C:\WINDOWS\SYSTEM32\CRYPTSP.dll
0x00007ffe626b0000 - 0x00007ffe626e9000 	C:\WINDOWS\system32\rsaenh.dll
0x00007ffe62e40000 - 0x00007ffe62e74000 	C:\WINDOWS\SYSTEM32\USERENV.dll
0x00007ffe63980000 - 0x00007ffe639aa000 	C:\WINDOWS\SYSTEM32\bcrypt.dll
0x00007ffe630c0000 - 0x00007ffe630cc000 	C:\WINDOWS\SYSTEM32\CRYPTBASE.dll
0x00007ffe3fcf0000 - 0x00007ffe3fcfe000 	C:\Program Files\Microsoft\jdk-17.0.15.6-hotspot\bin\sunmscapi.dll
0x00007ffe64420000 - 0x00007ffe6459e000 	C:\WINDOWS\System32\CRYPT32.dll
0x00007ffe63370000 - 0x00007ffe633a0000 	C:\WINDOWS\SYSTEM32\ncrypt.dll
0x00007ffe63320000 - 0x00007ffe6335f000 	C:\WINDOWS\SYSTEM32\NTASN1.dll
0x00007ffe28690000 - 0x00007ffe28698000 	C:\WINDOWS\system32\wshunix.dll
0x00007ffe3f920000 - 0x00007ffe3f927000 	C:\Program Files\Microsoft\jdk-17.0.15.6-hotspot\bin\rmi.dll

dbghelp: loaded successfully - version: 4.0.5 - missing functions: none
symbol engine: initialized successfully - sym options: 0x614 - pdb path: .;C:\Program Files\Microsoft\jdk-17.0.15.6-hotspot\bin;C:\WINDOWS\SYSTEM32;C:\WINDOWS\WinSxS\amd64_microsoft.windows.common-controls_6595b64144ccf1df_6.0.26100.9278_none_3e0d1ba8e3303201;C:\Program Files\Microsoft\jdk-17.0.15.6-hotspot\bin\server;C:\Users\satej\.gradle\native\660c5614fbf4a5f2a75b1949f50a0caf5cd603558e7d8a26e50b933a0cfb79d1\windows-amd64;C:\Users\satej\.gradle\native\0.2.8\x86_64-windows-gnu

VM Arguments:
jvm_args: --add-opens=java.base/java.lang=ALL-UNNAMED --add-opens=java.base/java.lang.invoke=ALL-UNNAMED --add-opens=java.base/java.util=ALL-UNNAMED --add-opens=java.prefs/java.util.prefs=ALL-UNNAMED --add-exports=jdk.compiler/com.sun.tools.javac.api=ALL-UNNAMED --add-exports=jdk.compiler/com.sun.tools.javac.util=ALL-UNNAMED --add-opens=java.base/java.util=ALL-UNNAMED --add-opens=java.prefs/java.util.prefs=ALL-UNNAMED --add-opens=java.base/java.nio.charset=ALL-UNNAMED --add-opens=java.base/java.net=ALL-UNNAMED --add-opens=java.base/java.util.concurrent=ALL-UNNAMED --add-opens=java.base/java.util.concurrent.atomic=ALL-UNNAMED --add-opens=java.xml/javax.xml.namespace=ALL-UNNAMED --add-opens=java.base/java.time=ALL-UNNAMED -XX:MaxMetaspaceSize=1024m -Xmx4096m -Dfile.encoding=windows-1252 -Duser.country=IN -Duser.language=en -Duser.variant -javaagent:C:\Users\satej\.gradle\wrapper\dists\gradle-9.3.1-bin\23ovyewtku6u96viwx3xl3oks\gradle-9.3.1\lib\agents\gradle-instrumentation-agent-9.3.1.jar 
java_command: org.gradle.launcher.daemon.bootstrap.GradleDaemon 9.3.1
java_class_path (initial): C:\Users\satej\.gradle\wrapper\dists\gradle-9.3.1-bin\23ovyewtku6u96viwx3xl3oks\gradle-9.3.1\lib\gradle-daemon-main-9.3.1.jar
Launcher Type: SUN_STANDARD

[Global flags]
     intx CICompilerCount                          = 4                                         {product} {ergonomic}
   size_t CompressedClassSpaceSize                 = 872415232                                 {product} {ergonomic}
     uint ConcGCThreads                            = 3                                         {product} {ergonomic}
     uint G1ConcRefinementThreads                  = 10                                        {product} {ergonomic}
   size_t G1HeapRegionSize                         = 2097152                                   {product} {ergonomic}
    uintx GCDrainStackTargetSize                   = 64                                        {product} {ergonomic}
   size_t InitialHeapSize                          = 264241152                                 {product} {ergonomic}
   size_t MarkStackSize                            = 4194304                                   {product} {ergonomic}
   size_t MaxHeapSize                              = 4294967296                                {product} {command line}
   size_t MaxMetaspaceSize                         = 1073741824                                {product} {command line}
   size_t MaxNewSize                               = 2575302656                                {product} {ergonomic}
   size_t MinHeapDeltaBytes                        = 2097152                                   {product} {ergonomic}
   size_t MinHeapSize                              = 8388608                                   {product} {ergonomic}
    uintx NonNMethodCodeHeapSize                   = 5839372                                {pd product} {ergonomic}
    uintx NonProfiledCodeHeapSize                  = 122909434                              {pd product} {ergonomic}
    uintx ProfiledCodeHeapSize                     = 122909434                              {pd product} {ergonomic}
    uintx ReservedCodeCacheSize                    = 251658240                              {pd product} {ergonomic}
     bool SegmentedCodeCache                       = true                                      {product} {ergonomic}
   size_t SoftMaxHeapSize                          = 4294967296                             {manageable} {ergonomic}
     bool UseCompressedClassPointers               = true                           {product lp64_product} {ergonomic}
     bool UseCompressedOops                        = true                           {product lp64_product} {ergonomic}
     bool UseG1GC                                  = true                                      {product} {ergonomic}
     bool UseLargePagesIndividualAllocation        = false                                  {pd product} {ergonomic}

Logging:
Log output configuration:
 #0: stdout all=warning uptime,level,tags
 #1: stderr all=off uptime,level,tags

Environment Variables:
JAVA_HOME=C:\Program Files\Microsoft\jdk-17.0.15.6-hotspot
PATH=c:\Users\satej\AppData\Roaming\Code\User\globalStorage\github.copilot-chat\debugCommand;c:\Users\satej\AppData\Roaming\Code\User\globalStorage\github.copilot-chat\copilotCli;C:\Python314\Scripts\;C:\Python314\;C:\Program Files\Microsoft\jdk-17.0.15.6-hotspot\bin;C:\ProgramData\chocolatey\bin;C:\Users\satej\AppData\Local\Android\Sdk\emulator;C:\Program Files\Git\cmd;C:\Windows\System32;C:\Windows\System32\OpenSSH\;C:\Program Files\Docker\Docker\resources\bin;C:\Program Files\Microsoft SQL Server\Client SDK\ODBC\130\Tools\Binn\;C:\Program Files\Microsoft SQL Server\140\DTS\Binn\;C:\Program Files\Microsoft SQL Server\140\Tools\Binn\;C:\Program Files\Microsoft SQL Server\150\Tools\Binn\;C:\Program Files\Microsoft SQL Server\Client SDK\ODBC\170\Tools\Binn\;C:\Program Files\dotnet\;C:\Program Files\CMake\bin;C:\Program Files\Microsoft SQL Server\170\Tools\Binn\;C:\Program Files\cursor\resources\app\bin;C:\msys64\mingw64\bin;C:\Program Files\nodejs\;C:\Users\satej\AppData\Local\Programs\Python\Python310\Scripts\;C:\Users\satej\AppData\Local\Programs\Python\Python310\;C:\Users\satej\AppData\Local\Programs\Python\Python312\Scripts\;C:\Users\satej\AppData\Local\Programs\Python\Python312\;C:\Users\satej\AppData\Local\Programs\Python\Python311\Scripts\;C:\Users\satej\AppData\Local\Programs\Python\Python311\;C:\Users\satej\AppData\Local\Programs\Python\Python313\Scripts\;C:\Users\satej\AppData\Local\Programs\Python\Python313\;C:\Users\satej\AppData\Local\Microsoft\WindowsApps;C:\Users\satej\AppData\Local\Programs\Microsoft VS Code\bin;C:\Users\satej\AppData\Local\Android\Sdk;C:\Users\satej\AppData\Local\Android\Sdk\platform-tools;C:\Users\satej\Downloads\flutter_windows_3.24.3-stable\flutter\bin;C:\Program Files\JetBrains\PyCharm Community Edition 2024.3.1.1\bin;;C:\Program Files\JetBrains\IntelliJ IDEA Community Edition 2024.3.2\bin;;C:\Program Files\Microsoft\jdk-17.0.15.6-hotspot\;C:\Program Files\Git\cmd;C:\Users\satej\.dotnet\tools;C:\Users\satej\AppData\Local\Microsoft\WinGet\Packages\yt-dlp.FFmpeg_Microsoft.Winget.Source_8wekyb3d8bbwe\ffmpeg-N-121271-g74115b017c-win64-gpl/bin;C:\Users\satej\AppData\Local\Microsoft\WinGet\Packages\yt-dlp.yt-dlp_Microsoft.Winget.Source_8wekyb3d8bbwe;C:\Users\satej\AppData\Roaming\npm;c:\Users\satej\.vscode\extensions\vscjava.vscode-java-debug-0.59.0\bundled\scripts\noConfigScripts
USERNAME=satej
LANG=en_US.UTF-8
OS=Windows_NT
PROCESSOR_IDENTIFIER=Intel64 Family 6 Model 154 Stepping 3, GenuineIntel
TMP=C:\Users\satej\AppData\Local\Temp
TEMP=C:\Users\satej\AppData\Local\Temp



Periodic native trim disabled


---------------  S Y S T E M  ---------------

OS:
 Windows 11 , 64 bit Build 26100 (10.0.26100.9278)
OS uptime: 1 days 17:56 hours
Hyper-V role detected

CPU: total 12 (initial active 12) (6 cores per cpu, 2 threads per core) family 6 model 154 stepping 3 microcode 0x434, cx8, cmov, fxsr, ht, mmx, 3dnowpref, sse, sse2, sse3, ssse3, sse4.1, sse4.2, popcnt, lzcnt, tsc, tscinvbit, avx, avx2, aes, erms, clmul, bmi1, bmi2, adx, sha, fma, vzeroupper, clflush, clflushopt, clwb, hv
Processor Information for the first 12 processors :
  Max Mhz: 2000, Current Mhz: 2000, Mhz Limit: 2000

Memory: 4k page, system-wide physical 16052M (1098M free)
TotalPageFile size 35267M (AvailPageFile size 3M)
current process WorkingSet (physical memory assigned to process): 1931M, peak: 1943M
current process commit charge ("private bytes"): 2028M, peak: 2038M

vm_info: OpenJDK 64-Bit Server VM (17.0.15+6-LTS) for windows-amd64 JRE (17.0.15+6-LTS), built on Apr  9 2025 22:27:25 by "MicrosoftCorporation" with unknown MS VC++:1939

END.
