#
# There is insufficient memory for the Java Runtime Environment to continue.
# Native memory allocation (mmap) failed to map 65536 bytes. Error detail: Failed to commit metaspace.
# Possible reasons:
#   The system is out of physical RAM or swap space
#   This process is running with CompressedOops enabled, and the Java Heap may be blocking the growth of the native heap
# Possible solutions:
#   Reduce memory load on the system
#   Increase physical memory or swap space
#   Check if swap backing store is full
#   Decrease Java heap size (-Xmx/-Xms)
#
#  Out of Memory Error (virtualSpaceNode.cpp:110), pid=18964, tid=27932
#
# JRE version: OpenJDK Runtime Environment Microsoft-11369865 (17.0.15+6) (build 17.0.15+6-LTS)
# Java VM: OpenJDK 64-Bit Server VM Microsoft-11369865 (17.0.15+6-LTS, mixed mode, sharing, tiered, compressed oops, compressed class ptrs, g1 gc, windows-amd64)
# No core dump will be written. Minidumps are not enabled by default on client versions of Windows
#

---------------  S U M M A R Y ------------

Command Line: --add-opens=java.base/java.lang=ALL-UNNAMED --add-opens=java.base/java.lang.invoke=ALL-UNNAMED --add-opens=java.base/java.util=ALL-UNNAMED --add-opens=java.prefs/java.util.prefs=ALL-UNNAMED --add-exports=jdk.compiler/com.sun.tools.javac.api=ALL-UNNAMED --add-exports=jdk.compiler/com.sun.tools.javac.util=ALL-UNNAMED --add-opens=java.base/java.util=ALL-UNNAMED --add-opens=java.prefs/java.util.prefs=ALL-UNNAMED --add-opens=java.base/java.nio.charset=ALL-UNNAMED --add-opens=java.base/java.net=ALL-UNNAMED --add-opens=java.base/java.util.concurrent=ALL-UNNAMED --add-opens=java.base/java.util.concurrent.atomic=ALL-UNNAMED --add-opens=java.xml/javax.xml.namespace=ALL-UNNAMED --add-opens=java.base/java.time=ALL-UNNAMED -XX:MaxMetaspaceSize=1024m -Xmx4096m -Dfile.encoding=windows-1252 -Duser.country=IN -Duser.language=en -Duser.variant -javaagent:C:\Users\satej\.gradle\wrapper\dists\gradle-9.3.1-bin\23ovyewtku6u96viwx3xl3oks\gradle-9.3.1\lib\agents\gradle-instrumentation-agent-9.3.1.jar org.gradle.launcher.daemon.bootstrap.GradleDaemon 9.3.1

Host: 12th Gen Intel(R) Core(TM) i5-12450H, 12 cores, 15G,  Windows 11 , 64 bit Build 26100 (10.0.26100.9278)
Time: Wed Sep  9 13:46:57 2026 India Standard Time elapsed time: 37.033698 seconds (0d 0h 0m 37s)

---------------  T H R E A D  ---------------

Current thread (0x000002777e72ef30):  JavaThread "Daemon worker" [_thread_in_vm, id=27932, stack(0x00000084c4600000,0x00000084c4700000)]

Stack: [0x00000084c4600000,0x00000084c4700000]
Native frames: (J=compiled Java code, j=interpreted, Vv=VM code, C=native code)
V  [jvm.dll+0x6887a9]
V  [jvm.dll+0x83f5a8]
V  [jvm.dll+0x841053]
V  [jvm.dll+0x8416c3]
V  [jvm.dll+0x2496ef]
V  [jvm.dll+0x83b35d]
V  [jvm.dll+0x62cb0e]
V  [jvm.dll+0x1c1720]
V  [jvm.dll+0x62f470]
V  [jvm.dll+0x62d4b6]
V  [jvm.dll+0x373002]
V  [jvm.dll+0x1e343b]
V  [jvm.dll+0x54bd3e]
V  [jvm.dll+0x7b94d8]
V  [jvm.dll+0x7b95c4]
V  [jvm.dll+0x418223]
V  [jvm.dll+0x41ed19]
C  [java.dll+0x17ec]

Java frames: (J=compiled Java code, j=interpreted, Vv=VM code)
J 801  java.lang.ClassLoader.defineClass1(Ljava/lang/ClassLoader;Ljava/lang/String;[BIILjava/security/ProtectionDomain;Ljava/lang/String;)Ljava/lang/Class; java.base@17.0.15 (0 bytes) @ 0x000002772e635d63 [0x000002772e635ca0+0x00000000000000c3]
J 11896 c2 java.security.SecureClassLoader.defineClass(Ljava/lang/String;[BIILjava/security/CodeSource;)Ljava/lang/Class; java.base@17.0.15 (16 bytes) @ 0x000002772ec17444 [0x000002772ec16ea0+0x00000000000005a4]
J 12152 c2 org.gradle.internal.classloader.VisitableURLClassLoader$InstrumentingVisitableURLClassLoader.findClass(Ljava/lang/String;)Ljava/lang/Class; (36 bytes) @ 0x000002772ec75c8c [0x000002772ec75020+0x0000000000000c6c]
J 4831 c2 java.lang.ClassLoader.loadClass(Ljava/lang/String;Z)Ljava/lang/Class; java.base@17.0.15 (121 bytes) @ 0x000002772e606320 [0x000002772e605b20+0x0000000000000800]
J 4009 c2 java.lang.ClassLoader.loadClass(Ljava/lang/String;)Ljava/lang/Class; java.base@17.0.15 (7 bytes) @ 0x000002772e860640 [0x000002772e860600+0x0000000000000040]
v  ~StubRoutines::call_stub
j  com.android.build.gradle.internal.TaskManager.createInstallTask(Lcom/android/build/gradle/internal/component/ApkCreationConfig;)V+11
j  com.android.build.gradle.internal.tasks.ApplicationTaskManager.createInstallTask(Lcom/android/build/gradle/internal/component/ApkCreationConfig;)V+75
j  com.android.build.gradle.internal.TaskManager.createPackagingTask(Lcom/android/build/gradle/internal/component/ApkCreationConfig;)V+157
j  com.android.build.gradle.internal.AbstractAppTaskManager.createCommonTasks(Lcom/android/build/gradle/internal/variant/ComponentInfo;)V+279
j  com.android.build.gradle.internal.tasks.ApplicationTaskManager.doCreateTasksForVariant(Lcom/android/build/gradle/internal/variant/ComponentInfo;)V+9
j  com.android.build.gradle.internal.VariantTaskManager.createTasksForVariant(Lcom/android/build/gradle/internal/variant/ComponentInfo;)V+319
j  com.android.build.gradle.internal.VariantTaskManager.createTasks(Lcom/android/builder/core/ComponentType;Lcom/android/build/gradle/internal/variant/VariantModel;)V+201
j  com.android.build.gradle.internal.plugins.BasePlugin.createAndroidTasks(Lorg/gradle/api/Project;)V+1083
j  com.android.build.gradle.internal.plugins.BasePlugin$createTasks$2$1.call()V+8
j  com.android.builder.profile.ThreadRecorder.record(Lcom/google/wireless/android/sdk/stats/GradleBuildProfileSpan$ExecutionType;Lcom/google/wireless/android/sdk/stats/GradleTransformExecution;Ljava/lang/Long;Ljava/lang/Long;Ljava/lang/Long;Lcom/android/builder/profile/Recorder$VoidBlock;)Lcom/google/wireless/android/sdk/stats/GradleBuildProfileSpan;+12
j  com.android.builder.profile.ThreadRecorder.record(Lcom/google/wireless/android/sdk/stats/GradleBuildProfileSpan$ExecutionType;Ljava/lang/Long;Ljava/lang/Long;Ljava/lang/Long;Lcom/android/builder/profile/Recorder$VoidBlock;)Lcom/google/wireless/android/sdk/stats/GradleBuildProfileSpan;+9
j  com.android.build.gradle.internal.profile.AnalyticsResourceManager.recordBlockAtConfiguration(Lcom/google/wireless/android/sdk/stats/GradleBuildProfileSpan$ExecutionType;Ljava/lang/String;Ljava/lang/String;Lcom/android/builder/profile/Recorder$VoidBlock;)V+53
j  com.android.build.gradle.internal.profile.AnalyticsConfiguratorService.recordBlock(Lcom/google/wireless/android/sdk/stats/GradleBuildProfileSpan$ExecutionType;Ljava/lang/String;Ljava/lang/String;Lcom/android/builder/profile/Recorder$VoidBlock;)V+28
j  com.android.build.gradle.internal.plugins.BasePlugin$createTasks$2.accept(Lorg/gradle/api/Project;)V+63
j  com.android.build.gradle.internal.plugins.BasePlugin$createTasks$2.accept(Ljava/lang/Object;)V+5
j  com.android.build.gradle.internal.crash.CrashReporting$afterEvaluate$1.execute(Lorg/gradle/api/Project;)V+12
j  com.android.build.gradle.internal.crash.CrashReporting$afterEvaluate$1.execute(Ljava/lang/Object;)V+5
J 8134 c1 org.gradle.internal.code.DefaultUserCodeApplicationContext$CurrentApplication$1.execute(Ljava/lang/Object;)V (79 bytes) @ 0x00000277278fe5e4 [0x00000277278fe220+0x00000000000003c4]
j  org.gradle.configuration.internal.DefaultListenerBuildOperationDecorator$BuildOperationEmittingAction$1.run(Lorg/gradle/internal/operations/BuildOperationContext;)V+11
J 7677 c1 org.gradle.internal.operations.DefaultBuildOperationRunner$1.execute(Lorg/gradle/internal/operations/BuildOperation;Lorg/gradle/internal/operations/BuildOperationContext;)V (10 bytes) @ 0x0000027727818424 [0x00000277278181c0+0x0000000000000264]
J 7655 c1 org.gradle.internal.operations.DefaultBuildOperationRunner$2.execute(Lorg/gradle/internal/operations/BuildOperationDescriptor;Lorg/gradle/internal/operations/BuildOperationState;Lorg/gradle/internal/operations/BuildOperationState;Lorg/gradle/internal/operations/DefaultBuildOperationRunner$ReadableBuildOperationContext;Lorg/gradle/internal/operations/DefaultBuildOperationRunner$BuildOperationExecutionListener;)Lorg/gradle/internal/operations/BuildOperation; (110 bytes) @ 0x0000027727809a3c [0x0000027727809840+0x00000000000001fc]
J 7313 c1 org.gradle.internal.operations.DefaultBuildOperationRunner$2.execute(Lorg/gradle/internal/operations/BuildOperationDescriptor;Lorg/gradle/internal/operations/BuildOperationState;Lorg/gradle/internal/operations/BuildOperationState;Lorg/gradle/internal/operations/DefaultBuildOperationRunner$ReadableBuildOperationContext;Lorg/gradle/internal/operations/DefaultBuildOperationRunner$BuildOperationExecutionListener;)Ljava/lang/Object; (12 bytes) @ 0x000002772774dcc4 [0x000002772774dc40+0x0000000000000084]
J 9039 c1 org.gradle.internal.operations.DefaultBuildOperationRunner.execute(Lorg/gradle/internal/operations/BuildOperationDescriptor$Builder;Lorg/gradle/internal/operations/DefaultBuildOperationRunner$BuildOperationExecution;)Ljava/lang/Object; (147 bytes) @ 0x0000027727ad1664 [0x0000027727ad07a0+0x0000000000000ec4]
J 7308 c1 org.gradle.internal.operations.DefaultBuildOperationRunner.execute(Lorg/gradle/internal/operations/BuildOperation;Lorg/gradle/internal/operations/BuildOperationWorker;)V (22 bytes) @ 0x000002772774a2fc [0x000002772774a060+0x000000000000029c]
J 7676 c1 org.gradle.internal.operations.DefaultBuildOperationRunner.run(Lorg/gradle/internal/operations/RunnableBuildOperation;)V (9 bytes) @ 0x0000027727817ecc [0x0000027727817e40+0x000000000000008c]
j  org.gradle.configuration.internal.DefaultListenerBuildOperationDecorator$BuildOperationEmittingAction.execute(Ljava/lang/Object;)V+24
j  org.gradle.internal.event.BroadcastDispatch$ActionInvocationHandler.dispatch(Lorg/gradle/internal/dispatch/MethodInvocation;)V+24
j  org.gradle.internal.event.BroadcastDispatch$ActionInvocationHandler.dispatch(Ljava/lang/Object;)V+5
J 4951 c1 org.gradle.internal.event.AbstractBroadcastDispatch.dispatch(Lorg/gradle/internal/dispatch/MethodInvocation;Lorg/gradle/internal/dispatch/Dispatch;)V (74 bytes) @ 0x0000027726b5897c [0x0000027726b58860+0x000000000000011c]
J 5500 c1 org.gradle.internal.event.BroadcastDispatch$SingletonDispatch.dispatch(Ljava/lang/Object;)V (9 bytes) @ 0x0000027726c0c5ec [0x0000027726c0c3c0+0x000000000000022c]
J 8690 c1 org.gradle.internal.event.AbstractBroadcastDispatch.dispatch(Lorg/gradle/internal/dispatch/MethodInvocation;Ljava/util/Iterator;)V (194 bytes) @ 0x0000027727a2c264 [0x0000027727a2be80+0x00000000000003e4]
J 4249 c1 org.gradle.internal.event.AbstractBroadcastDispatch.dispatch(Lorg/gradle/internal/dispatch/MethodInvocation;Ljava/util/List;)V (65 bytes) @ 0x000002772739abec [0x000002772739a9a0+0x000000000000024c]
J 8838 c1 org.gradle.internal.event.BroadcastDispatch$CompositeDispatch.dispatch(Ljava/lang/Object;)V (9 bytes) @ 0x0000027727a7847c [0x0000027727a78240+0x000000000000023c]
J 6634 c1 org.gradle.internal.event.ListenerBroadcast.dispatch(Ljava/lang/Object;)V (9 bytes) @ 0x000002772761317c [0x0000027727612ec0+0x00000000000002bc]
J 7270 c1 org.gradle.internal.dispatch.ProxyDispatchAdapter$DispatchingInvocationHandler.invoke(Ljava/lang/Object;Ljava/lang/reflect/Method;[Ljava/lang/Object;)Ljava/lang/Object; (266 bytes) @ 0x0000027727736a0c [0x0000027727734dc0+0x0000000000001c4c]
j  jdk.proxy1.$Proxy71.afterEvaluate(Lorg/gradle/api/Project;Lorg/gradle/api/ProjectState;)V+20 jdk.proxy1
j  org.gradle.configuration.project.LifecycleProjectEvaluator$NotifyAfterEvaluate$1.execute(Lorg/gradle/api/ProjectEvaluationListener;)V+15
j  org.gradle.configuration.project.LifecycleProjectEvaluator$NotifyAfterEvaluate$1.execute(Ljava/lang/Object;)V+5
j  org.gradle.api.internal.project.DefaultProject.stepEvaluationListener(Lorg/gradle/api/ProjectEvaluationListener;Lorg/gradle/api/Action;)Lorg/gradle/api/ProjectEvaluationListener;+19
j  org.gradle.configuration.project.LifecycleProjectEvaluator$NotifyAfterEvaluate.run(Lorg/gradle/internal/operations/BuildOperationContext;)V+25
J 7677 c1 org.gradle.internal.operations.DefaultBuildOperationRunner$1.execute(Lorg/gradle/internal/operations/BuildOperation;Lorg/gradle/internal/operations/BuildOperationContext;)V (10 bytes) @ 0x0000027727818424 [0x00000277278181c0+0x0000000000000264]
J 7655 c1 org.gradle.internal.operations.DefaultBuildOperationRunner$2.execute(Lorg/gradle/internal/operations/BuildOperationDescriptor;Lorg/gradle/internal/operations/BuildOperationState;Lorg/gradle/internal/operations/BuildOperationState;Lorg/gradle/internal/operations/DefaultBuildOperationRunner$ReadableBuildOperationContext;Lorg/gradle/internal/operations/DefaultBuildOperationRunner$BuildOperationExecutionListener;)Lorg/gradle/internal/operations/BuildOperation; (110 bytes) @ 0x0000027727809a3c [0x0000027727809840+0x00000000000001fc]
J 7313 c1 org.gradle.internal.operations.DefaultBuildOperationRunner$2.execute(Lorg/gradle/internal/operations/BuildOperationDescriptor;Lorg/gradle/internal/operations/BuildOperationState;Lorg/gradle/internal/operations/BuildOperationState;Lorg/gradle/internal/operations/DefaultBuildOperationRunner$ReadableBuildOperationContext;Lorg/gradle/internal/operations/DefaultBuildOperationRunner$BuildOperationExecutionListener;)Ljava/lang/Object; (12 bytes) @ 0x000002772774dcc4 [0x000002772774dc40+0x0000000000000084]
J 9039 c1 org.gradle.internal.operations.DefaultBuildOperationRunner.execute(Lorg/gradle/internal/operations/BuildOperationDescriptor$Builder;Lorg/gradle/internal/operations/DefaultBuildOperationRunner$BuildOperationExecution;)Ljava/lang/Object; (147 bytes) @ 0x0000027727ad1664 [0x0000027727ad07a0+0x0000000000000ec4]
J 7308 c1 org.gradle.internal.operations.DefaultBuildOperationRunner.execute(Lorg/gradle/internal/operations/BuildOperation;Lorg/gradle/internal/operations/BuildOperationWorker;)V (22 bytes) @ 0x000002772774a2fc [0x000002772774a060+0x000000000000029c]
J 7676 c1 org.gradle.internal.operations.DefaultBuildOperationRunner.run(Lorg/gradle/internal/operations/RunnableBuildOperation;)V (9 bytes) @ 0x0000027727817ecc [0x0000027727817e40+0x000000000000008c]
j  org.gradle.configuration.project.LifecycleProjectEvaluator$EvaluateProject.lambda$run$0(Lorg/gradle/internal/operations/BuildOperationContext;Lorg/gradle/api/internal/project/ProjectInternal;)V+102
j  org.gradle.configuration.project.LifecycleProjectEvaluator$EvaluateProject$$Lambda$1135+0x000002774472bd28.accept(Ljava/lang/Object;)V+12
j  org.gradle.api.internal.project.DefaultProjectStateRegistry$ProjectStateImpl.lambda$applyToMutableState$0(Ljava/util/function/Consumer;Lorg/gradle/api/internal/project/ProjectInternal;)Ljava/lang/Object;+2
j  org.gradle.api.internal.project.DefaultProjectStateRegistry$ProjectStateImpl$$Lambda$1136+0x000002774472bf58.apply(Ljava/lang/Object;)Ljava/lang/Object;+8
j  org.gradle.api.internal.project.DefaultProjectStateRegistry$ProjectStateImpl.lambda$fromMutableState$1(Ljava/util/function/Function;)Ljava/lang/Object;+5
j  org.gradle.api.internal.project.DefaultProjectStateRegistry$ProjectStateImpl$$Lambda$1137+0x000002774472c198.get()Ljava/lang/Object;+8
j  org.gradle.api.internal.project.DefaultProjectStateRegistry$ProjectStateImpl.runWithModelLock(Ljava/util/function/Supplier;)Ljava/lang/Object;+89
j  org.gradle.api.internal.project.DefaultProjectStateRegistry$ProjectStateImpl.fromMutableState(Ljava/util/function/Function;)Ljava/lang/Object;+8
j  org.gradle.api.internal.project.DefaultProjectStateRegistry$ProjectStateImpl.applyToMutableState(Ljava/util/function/Consumer;)V+7
j  org.gradle.configuration.project.LifecycleProjectEvaluator$EvaluateProject.run(Lorg/gradle/internal/operations/BuildOperationContext;)V+16
J 7677 c1 org.gradle.internal.operations.DefaultBuildOperationRunner$1.execute(Lorg/gradle/internal/operations/BuildOperation;Lorg/gradle/internal/operations/BuildOperationContext;)V (10 bytes) @ 0x0000027727818424 [0x00000277278181c0+0x0000000000000264]
J 7655 c1 org.gradle.internal.operations.DefaultBuildOperationRunner$2.execute(Lorg/gradle/internal/operations/BuildOperationDescriptor;Lorg/gradle/internal/operations/BuildOperationState;Lorg/gradle/internal/operations/BuildOperationState;Lorg/gradle/internal/operations/DefaultBuildOperationRunner$ReadableBuildOperationContext;Lorg/gradle/internal/operations/DefaultBuildOperationRunner$BuildOperationExecutionListener;)Lorg/gradle/internal/operations/BuildOperation; (110 bytes) @ 0x0000027727809a3c [0x0000027727809840+0x00000000000001fc]
J 7313 c1 org.gradle.internal.operations.DefaultBuildOperationRunner$2.execute(Lorg/gradle/internal/operations/BuildOperationDescriptor;Lorg/gradle/internal/operations/BuildOperationState;Lorg/gradle/internal/operations/BuildOperationState;Lorg/gradle/internal/operations/DefaultBuildOperationRunner$ReadableBuildOperationContext;Lorg/gradle/internal/operations/DefaultBuildOperationRunner$BuildOperationExecutionListener;)Ljava/lang/Object; (12 bytes) @ 0x000002772774dcc4 [0x000002772774dc40+0x0000000000000084]
J 9039 c1 org.gradle.internal.operations.DefaultBuildOperationRunner.execute(Lorg/gradle/internal/operations/BuildOperationDescriptor$Builder;Lorg/gradle/internal/operations/DefaultBuildOperationRunner$BuildOperationExecution;)Ljava/lang/Object; (147 bytes) @ 0x0000027727ad1664 [0x0000027727ad07a0+0x0000000000000ec4]
J 7308 c1 org.gradle.internal.operations.DefaultBuildOperationRunner.execute(Lorg/gradle/internal/operations/BuildOperation;Lorg/gradle/internal/operations/BuildOperationWorker;)V (22 bytes) @ 0x000002772774a2fc [0x000002772774a060+0x000000000000029c]
J 7676 c1 org.gradle.internal.operations.DefaultBuildOperationRunner.run(Lorg/gradle/internal/operations/RunnableBuildOperation;)V (9 bytes) @ 0x0000027727817ecc [0x0000027727817e40+0x000000000000008c]
j  org.gradle.configuration.project.LifecycleProjectEvaluator.evaluate(Lorg/gradle/api/internal/project/ProjectInternal;Lorg/gradle/api/internal/project/ProjectStateInternal;)V+42
j  org.gradle.api.internal.project.DefaultProject.evaluateUnchecked()Lorg/gradle/api/internal/project/ProjectInternal;+20
j  org.gradle.api.internal.project.ProjectLifecycleController.lambda$ensureSelfConfigured$2()V+4
j  org.gradle.api.internal.project.ProjectLifecycleController$$Lambda$1133+0x000002774472a318.run()V+4
j  org.gradle.internal.model.StateTransitionController.lambda$doTransition$14(Ljava/lang/Runnable;)Lorg/gradle/internal/build/ExecutionResult;+1
j  org.gradle.internal.model.StateTransitionController$$Lambda$354+0x0000027744384af8.get()Ljava/lang/Object;+4
j  org.gradle.internal.model.StateTransitionController.doTransition(Lorg/gradle/internal/model/StateTransitionController$State;Lorg/gradle/internal/model/StateTransitionController$State;Ljava/util/function/Supplier;)Lorg/gradle/internal/build/ExecutionResult;+24
j  org.gradle.internal.model.StateTransitionController.doTransition(Lorg/gradle/internal/model/StateTransitionController$State;Lorg/gradle/internal/model/StateTransitionController$State;Ljava/lang/Runnable;)V+9
j  org.gradle.internal.model.StateTransitionController.lambda$maybeTransitionIfNotCurrentlyTransitioning$10(Lorg/gradle/internal/model/StateTransitionController$State;Lorg/gradle/internal/model/StateTransitionController$State;Ljava/lang/Runnable;)V+16
j  org.gradle.internal.model.StateTransitionController$$Lambda$1134+0x000002774472a538.run()V+16
j  org.gradle.internal.work.DefaultSynchronizer.withLock(Ljava/lang/Runnable;)V+6
j  org.gradle.internal.model.StateTransitionController.maybeTransitionIfNotCurrentlyTransitioning(Lorg/gradle/internal/model/StateTransitionController$State;Lorg/gradle/internal/model/StateTransitionController$State;Ljava/lang/Runnable;)V+13
j  org.gradle.api.internal.project.ProjectLifecycleController.ensureSelfConfigured()V+16
j  org.gradle.api.internal.project.DefaultProjectStateRegistry$ProjectStateImpl.ensureConfigured()V+19
j  org.gradle.api.internal.project.DefaultProject.evaluationDependsOn(Lorg/gradle/api/internal/project/ProjectInternal;)Lorg/gradle/api/Project;+40
j  org.gradle.api.internal.project.DefaultProject.evaluationDependsOn(Ljava/lang/String;)Lorg/gradle/api/Project;+26
j  org.gradle.api.internal.project.MutableStateAccessAwareProject.evaluationDependsOn(Ljava/lang/String;)Lorg/gradle/api/Project;+12
j  com.facebook.react.ReactRootProjectPlugin$apply$1.execute(Lorg/gradle/api/Project;)V+23
j  com.facebook.react.ReactRootProjectPlugin$apply$1.execute(Ljava/lang/Object;)V+5
J 8138 c1 org.gradle.api.internal.DefaultMutationGuard$1.execute(Ljava/lang/Object;)V (67 bytes) @ 0x0000027727900a94 [0x0000027727900620+0x0000000000000474]
j  org.gradle.internal.Actions.with(Ljava/lang/Object;Lorg/gradle/api/Action;)Ljava/lang/Object;+2
j  org.gradle.api.internal.project.BuildOperationCrossProjectConfigurator$1.run(Lorg/gradle/internal/operations/BuildOperationContext;)V+20
J 7677 c1 org.gradle.internal.operations.DefaultBuildOperationRunner$1.execute(Lorg/gradle/internal/operations/BuildOperation;Lorg/gradle/internal/operations/BuildOperationContext;)V (10 bytes) @ 0x0000027727818424 [0x00000277278181c0+0x0000000000000264]
J 7655 c1 org.gradle.internal.operations.DefaultBuildOperationRunner$2.execute(Lorg/gradle/internal/operations/BuildOperationDescriptor;Lorg/gradle/internal/operations/BuildOperationState;Lorg/gradle/internal/operations/BuildOperationState;Lorg/gradle/internal/operations/DefaultBuildOperationRunner$ReadableBuildOperationContext;Lorg/gradle/internal/operations/DefaultBuildOperationRunner$BuildOperationExecutionListener;)Lorg/gradle/internal/operations/BuildOperation; (110 bytes) @ 0x0000027727809a3c [0x0000027727809840+0x00000000000001fc]
J 7313 c1 org.gradle.internal.operations.DefaultBuildOperationRunner$2.execute(Lorg/gradle/internal/operations/BuildOperationDescriptor;Lorg/gradle/internal/operations/BuildOperationState;Lorg/gradle/internal/operations/BuildOperationState;Lorg/gradle/internal/operations/DefaultBuildOperationRunner$ReadableBuildOperationContext;Lorg/gradle/internal/operations/DefaultBuildOperationRunner$BuildOperationExecutionListener;)Ljava/lang/Object; (12 bytes) @ 0x000002772774dcc4 [0x000002772774dc40+0x0000000000000084]
J 9039 c1 org.gradle.internal.operations.DefaultBuildOperationRunner.execute(Lorg/gradle/internal/operations/BuildOperationDescriptor$Builder;Lorg/gradle/internal/operations/DefaultBuildOperationRunner$BuildOperationExecution;)Ljava/lang/Object; (147 bytes) @ 0x0000027727ad1664 [0x0000027727ad07a0+0x0000000000000ec4]
J 7308 c1 org.gradle.internal.operations.DefaultBuildOperationRunner.execute(Lorg/gradle/internal/operations/BuildOperation;Lorg/gradle/internal/operations/BuildOperationWorker;)V (22 bytes) @ 0x000002772774a2fc [0x000002772774a060+0x000000000000029c]
J 7676 c1 org.gradle.internal.operations.DefaultBuildOperationRunner.run(Lorg/gradle/internal/operations/RunnableBuildOperation;)V (9 bytes) @ 0x0000027727817ecc [0x0000027727817e40+0x000000000000008c]
j  org.gradle.api.internal.project.BuildOperationCrossProjectConfigurator.lambda$runProjectConfigureAction$0(Lorg/gradle/api/internal/project/ProjectInternal;Lorg/gradle/api/Action;Lorg/gradle/api/internal/project/ProjectInternal;)V+15
j  org.gradle.api.internal.project.BuildOperationCrossProjectConfigurator$$Lambda$1236+0x00000277447ae448.accept(Ljava/lang/Object;)V+16
j  org.gradle.api.internal.project.DefaultProjectStateRegistry$ProjectStateImpl.lambda$applyToMutableState$0(Ljava/util/function/Consumer;Lorg/gradle/api/internal/project/ProjectInternal;)Ljava/lang/Object;+2
j  org.gradle.api.internal.project.DefaultProjectStateRegistry$ProjectStateImpl$$Lambda$1136+0x000002774472bf58.apply(Ljava/lang/Object;)Ljava/lang/Object;+8
j  org.gradle.api.internal.project.DefaultProjectStateRegistry$ProjectStateImpl.lambda$fromMutableState$1(Ljava/util/function/Function;)Ljava/lang/Object;+5
j  org.gradle.api.internal.project.DefaultProjectStateRegistry$ProjectStateImpl$$Lambda$1137+0x000002774472c198.get()Ljava/lang/Object;+8
j  org.gradle.api.internal.project.DefaultProjectStateRegistry$ProjectStateImpl.runWithModelLock(Ljava/util/function/Supplier;)Ljava/lang/Object;+89
j  org.gradle.api.internal.project.DefaultProjectStateRegistry$ProjectStateImpl.fromMutableState(Ljava/util/function/Function;)Ljava/lang/Object;+8
j  org.gradle.api.internal.project.DefaultProjectStateRegistry$ProjectStateImpl.applyToMutableState(Ljava/util/function/Consumer;)V+7
j  org.gradle.api.internal.project.BuildOperationCrossProjectConfigurator.runProjectConfigureAction(Lorg/gradle/api/internal/project/ProjectInternal;Lorg/gradle/api/Action;)V+14
j  org.gradle.api.internal.project.BuildOperationCrossProjectConfigurator.access$100(Lorg/gradle/api/internal/project/BuildOperationCrossProjectConfigurator;Lorg/gradle/api/internal/project/ProjectInternal;Lorg/gradle/api/Action;)V+3
j  org.gradle.api.internal.project.BuildOperationCrossProjectConfigurator$BlockConfigureBuildOperation.run(Lorg/gradle/internal/operations/BuildOperationContext;)V+38
J 7677 c1 org.gradle.internal.operations.DefaultBuildOperationRunner$1.execute(Lorg/gradle/internal/operations/BuildOperation;Lorg/gradle/internal/operations/BuildOperationContext;)V (10 bytes) @ 0x0000027727818424 [0x00000277278181c0+0x0000000000000264]
J 7655 c1 org.gradle.internal.operations.DefaultBuildOperationRunner$2.execute(Lorg/gradle/internal/operations/BuildOperationDescriptor;Lorg/gradle/internal/operations/BuildOperationState;Lorg/gradle/internal/operations/BuildOperationState;Lorg/gradle/internal/operations/DefaultBuildOperationRunner$ReadableBuildOperationContext;Lorg/gradle/internal/operations/DefaultBuildOperationRunner$BuildOperationExecutionListener;)Lorg/gradle/internal/operations/BuildOperation; (110 bytes) @ 0x0000027727809a3c [0x0000027727809840+0x00000000000001fc]
J 7313 c1 org.gradle.internal.operations.DefaultBuildOperationRunner$2.execute(Lorg/gradle/internal/operations/BuildOperationDescriptor;Lorg/gradle/internal/operations/BuildOperationState;Lorg/gradle/internal/operations/BuildOperationState;Lorg/gradle/internal/operations/DefaultBuildOperationRunner$ReadableBuildOperationContext;Lorg/gradle/internal/operations/DefaultBuildOperationRunner$BuildOperationExecutionListener;)Ljava/lang/Object; (12 bytes) @ 0x000002772774dcc4 [0x000002772774dc40+0x0000000000000084]
J 9039 c1 org.gradle.internal.operations.DefaultBuildOperationRunner.execute(Lorg/gradle/internal/operations/BuildOperationDescriptor$Builder;Lorg/gradle/internal/operations/DefaultBuildOperationRunner$BuildOperationExecution;)Ljava/lang/Object; (147 bytes) @ 0x0000027727ad1664 [0x0000027727ad07a0+0x0000000000000ec4]
J 7308 c1 org.gradle.internal.operations.DefaultBuildOperationRunner.execute(Lorg/gradle/internal/operations/BuildOperation;Lorg/gradle/internal/operations/BuildOperationWorker;)V (22 bytes) @ 0x000002772774a2fc [0x000002772774a060+0x000000000000029c]
J 7676 c1 org.gradle.internal.operations.DefaultBuildOperationRunner.run(Lorg/gradle/internal/operations/RunnableBuildOperation;)V (9 bytes) @ 0x0000027727817ecc [0x0000027727817e40+0x000000000000008c]
j  org.gradle.api.internal.project.BuildOperationCrossProjectConfigurator.runBlockConfigureAction(Lorg/gradle/internal/operations/BuildOperationDescriptor$Builder;Ljava/lang/Iterable;Lorg/gradle/api/Action;)V+16
j  org.gradle.api.internal.project.BuildOperationCrossProjectConfigurator.subprojects(Ljava/lang/Iterable;Lorg/gradle/api/Action;)V+6
j  org.gradle.api.internal.project.DefaultProject.subprojects(Lorg/gradle/api/internal/project/ProjectInternal;Lorg/gradle/api/Action;)V+10
j  org.gradle.api.internal.project.DefaultProject.subprojects(Lorg/gradle/api/Action;)V+3
j  com.facebook.react.ReactRootProjectPlugin.apply(Lorg/gradle/api/Project;)V+18
j  com.facebook.react.ReactRootProjectPlugin.apply(Ljava/lang/Object;)V+5
j  org.gradle.api.internal.plugins.ImperativeOnlyPluginTarget.applyImperative(Ljava/lang/String;Lorg/gradle/api/Plugin;)V+13
j  org.gradle.api.internal.plugins.RuleBasedPluginTarget.applyImperative(Ljava/lang/String;Lorg/gradle/api/Plugin;)V+6
j  org.gradle.api.internal.plugins.DefaultPluginManager.addPlugin(Ljava/lang/Runnable;Lorg/gradle/api/internal/plugins/PluginImplementation;Ljava/lang/String;Ljava/lang/Class;)V+54
j  org.gradle.api.internal.plugins.DefaultPluginManager.access$100(Lorg/gradle/api/internal/plugins/DefaultPluginManager;Ljava/lang/Runnable;Lorg/gradle/api/internal/plugins/PluginImplementation;Ljava/lang/String;Ljava/lang/Class;)V+6
j  org.gradle.api.internal.plugins.DefaultPluginManager$AddPluginBuildOperation.run(Lorg/gradle/internal/operations/BuildOperationContext;)V+20
J 7677 c1 org.gradle.internal.operations.DefaultBuildOperationRunner$1.execute(Lorg/gradle/internal/operations/BuildOperation;Lorg/gradle/internal/operations/BuildOperationContext;)V (10 bytes) @ 0x0000027727818424 [0x00000277278181c0+0x0000000000000264]
J 7655 c1 org.gradle.internal.operations.DefaultBuildOperationRunner$2.execute(Lorg/gradle/internal/operations/BuildOperationDescriptor;Lorg/gradle/internal/operations/BuildOperationState;Lorg/gradle/internal/operations/BuildOperationState;Lorg/gradle/internal/operations/DefaultBuildOperationRunner$ReadableBuildOperationContext;Lorg/gradle/internal/operations/DefaultBuildOperationRunner$BuildOperationExecutionListener;)Lorg/gradle/internal/operations/BuildOperation; (110 bytes) @ 0x0000027727809a3c [0x0000027727809840+0x00000000000001fc]
J 7313 c1 org.gradle.internal.operations.DefaultBuildOperationRunner$2.execute(Lorg/gradle/internal/operations/BuildOperationDescriptor;Lorg/gradle/internal/operations/BuildOperationState;Lorg/gradle/internal/operations/BuildOperationState;Lorg/gradle/internal/operations/DefaultBuildOperationRunner$ReadableBuildOperationContext;Lorg/gradle/internal/operations/DefaultBuildOperationRunner$BuildOperationExecutionListener;)Ljava/lang/Object; (12 bytes) @ 0x000002772774dcc4 [0x000002772774dc40+0x0000000000000084]
J 9039 c1 org.gradle.internal.operations.DefaultBuildOperationRunner.execute(Lorg/gradle/internal/operations/BuildOperationDescriptor$Builder;Lorg/gradle/internal/operations/DefaultBuildOperationRunner$BuildOperationExecution;)Ljava/lang/Object; (147 bytes) @ 0x0000027727ad1664 [0x0000027727ad07a0+0x0000000000000ec4]
J 7308 c1 org.gradle.internal.operations.DefaultBuildOperationRunner.execute(Lorg/gradle/internal/operations/BuildOperation;Lorg/gradle/internal/operations/BuildOperationWorker;)V (22 bytes) @ 0x000002772774a2fc [0x000002772774a060+0x000000000000029c]
J 7676 c1 org.gradle.internal.operations.DefaultBuildOperationRunner.run(Lorg/gradle/internal/operations/RunnableBuildOperation;)V (9 bytes) @ 0x0000027727817ecc [0x0000027727817e40+0x000000000000008c]
j  org.gradle.api.internal.plugins.DefaultPluginManager.lambda$doApply$0(Ljava/lang/Runnable;Lorg/gradle/api/internal/plugins/PluginImplementation;Ljava/lang/String;Ljava/lang/Class;Lorg/gradle/internal/code/UserCodeApplicationId;)V+20
j  org.gradle.api.internal.plugins.DefaultPluginManager$$Lambda$1044+0x0000027744637220.execute(Ljava/lang/Object;)V+24
j  org.gradle.internal.code.DefaultUserCodeApplicationContext.apply(Lorg/gradle/internal/code/UserCodeSource;Lorg/gradle/api/Action;)V+37
j  org.gradle.api.internal.plugins.DefaultPluginManager.doApply(Lorg/gradle/api/internal/plugins/PluginImplementation;)V+144
j  org.gradle.api.internal.plugins.DefaultPluginManager.apply(Ljava/lang/String;)V+52
j  org.gradle.api.internal.plugins.DefaultObjectConfigurationAction.applyType(Ljava/lang/String;)V+43
j  org.gradle.api.internal.plugins.DefaultObjectConfigurationAction.access$200(Lorg/gradle/api/internal/plugins/DefaultObjectConfigurationAction;Ljava/lang/String;)V+2
j  org.gradle.api.internal.plugins.DefaultObjectConfigurationAction$3.run()V+8
j  org.gradle.api.internal.plugins.DefaultObjectConfigurationAction.execute()V+58
j  org.gradle.api.internal.project.AbstractPluginAware.apply(Ljava/util/Map;)V+12
j  org.gradle.api.internal.project.DefaultProject.apply(Ljava/util/Map;)V+2
j  org.gradle.api.internal.project.ProjectScript.apply(Ljava/util/Map;)V+5
j  java.lang.invoke.LambdaForm$DMH+0x000002774402c000.invokeInterface(Ljava/lang/Object;Ljava/lang/Object;Ljava/lang/Object;)V+24 java.base@17.0.15
j  java.lang.invoke.LambdaForm$MH+0x0000027744aca000.invoke(Ljava/lang/Object;Ljava/lang/Object;Ljava/lang/Object;)Ljava/lang/Object;+14 java.base@17.0.15
j  java.lang.invoke.LambdaForm$MH+0x00000277444ea400.guardWithCatch(Ljava/lang/Object;Ljava/lang/Object;Ljava/lang/Object;)Ljava/lang/Object;+40 java.base@17.0.15
j  java.lang.invoke.LambdaForm$MH+0x00000277444ebc00.reinvoke(Ljava/lang/Object;Ljava/lang/Object;Ljava/lang/Object;)Ljava/lang/Object;+20 java.base@17.0.15
j  java.lang.invoke.LambdaForm$MH+0x00000277444ec000.guard(Ljava/lang/Object;Ljava/lang/Object;Ljava/lang/Object;)Ljava/lang/Object;+74 java.base@17.0.15
j  java.lang.invoke.LambdaForm$MH+0x00000277444ebc00.reinvoke(Ljava/lang/Object;Ljava/lang/Object;Ljava/lang/Object;)Ljava/lang/Object;+20 java.base@17.0.15
j  java.lang.invoke.LambdaForm$MH+0x00000277444ec000.guard(Ljava/lang/Object;Ljava/lang/Object;Ljava/lang/Object;)Ljava/lang/Object;+74 java.base@17.0.15
j  java.lang.invoke.LambdaForm$MH+0x00000277444ebc00.reinvoke(Ljava/lang/Object;Ljava/lang/Object;Ljava/lang/Object;)Ljava/lang/Object;+20 java.base@17.0.15
j  java.lang.invoke.LambdaForm$MH+0x00000277444ed400.invoke(Ljava/lang/Object;Ljava/lang/Object;)Ljava/lang/Object;+132 java.base@17.0.15
j  java.lang.invoke.LambdaForm$MH+0x00000277444ed800.invokeExact_MT(Ljava/lang/Object;Ljava/lang/Object;Ljava/lang/Object;)Ljava/lang/Object;+19 java.base@17.0.15
j  org.codehaus.groovy.vmplugin.v8.IndyInterface.fromCache(Ljava/lang/invoke/MutableCallSite;Ljava/lang/Class;Ljava/lang/String;ILjava/lang/Boolean;Ljava/lang/Boolean;Ljava/lang/Boolean;Ljava/lang/Object;[Ljava/lang/Object;)Ljava/lang/Object;+139
j  java.lang.invoke.LambdaForm$DMH+0x00000277444dc000.invokeStatic(Ljava/lang/Object;Ljava/lang/Object;Ljava/lang/Object;Ljava/lang/Object;ILjava/lang/Object;Ljava/lang/Object;Ljava/lang/Object;Ljava/lang/Object;Ljava/lang/Object;)Ljava/lang/Object;+26 java.base@17.0.15
j  java.lang.invoke.LambdaForm$MH+0x00000277444e1c00.invoke(Ljava/lang/Object;Ljava/lang/Object;Ljava/lang/Object;)Ljava/lang/Object;+98 java.base@17.0.15
j  java.lang.invoke.Invokers$Holder.linkToCallSite(Ljava/lang/Object;Ljava/lang/Object;Ljava/lang/Object;)Ljava/lang/Object;+14 java.base@17.0.15
j  build_ccz298m4apav2jymghe26g7vs.run()Ljava/lang/Object;+18
j  org.gradle.groovy.scripts.internal.DefaultScriptRunnerFactory$ScriptRunnerImpl.run(Ljava/lang/Object;Lorg/gradle/internal/service/ServiceRegistry;)V+57
j  org.gradle.configuration.DefaultScriptPluginFactory$ScriptPluginImpl.lambda$apply$1(Lorg/gradle/groovy/scripts/ScriptRunner;Ljava/lang/Object;Lorg/gradle/internal/service/CloseableServiceRegistry;)V+3
j  org.gradle.configuration.DefaultScriptPluginFactory$ScriptPluginImpl$$Lambda$2015+0x0000027744a93930.run()V+12
j  org.gradle.configuration.ProjectScriptTarget.addConfiguration(Ljava/lang/Runnable;Z)V+18
j  org.gradle.configuration.DefaultScriptPluginFactory$ScriptPluginImpl.apply(Ljava/lang/Object;)V+342
j  org.gradle.configuration.BuildOperationScriptPlugin$1.run(Lorg/gradle/internal/operations/BuildOperationContext;)V+11
J 7677 c1 org.gradle.internal.operations.DefaultBuildOperationRunner$1.execute(Lorg/gradle/internal/operations/BuildOperation;Lorg/gradle/internal/operations/BuildOperationContext;)V (10 bytes) @ 0x0000027727818424 [0x00000277278181c0+0x0000000000000264]
J 7655 c1 org.gradle.internal.operations.DefaultBuildOperationRunner$2.execute(Lorg/gradle/internal/operations/BuildOperationDescriptor;Lorg/gradle/internal/operations/BuildOperationState;Lorg/gradle/internal/operations/BuildOperationState;Lorg/gradle/internal/operations/DefaultBuildOperationRunner$ReadableBuildOperationContext;Lorg/gradle/internal/operations/DefaultBuildOperationRunner$BuildOperationExecutionListener;)Lorg/gradle/internal/operations/BuildOperation; (110 bytes) @ 0x0000027727809a3c [0x0000027727809840+0x00000000000001fc]
J 7313 c1 org.gradle.internal.operations.DefaultBuildOperationRunner$2.execute(Lorg/gradle/internal/operations/BuildOperationDescriptor;Lorg/gradle/internal/operations/BuildOperationState;Lorg/gradle/internal/operations/BuildOperationState;Lorg/gradle/internal/operations/DefaultBuildOperationRunner$ReadableBuildOperationContext;Lorg/gradle/internal/operations/DefaultBuildOperationRunner$BuildOperationExecutionListener;)Ljava/lang/Object; (12 bytes) @ 0x000002772774dcc4 [0x000002772774dc40+0x0000000000000084]
J 9039 c1 org.gradle.internal.operations.DefaultBuildOperationRunner.execute(Lorg/gradle/internal/operations/BuildOperationDescriptor$Builder;Lorg/gradle/internal/operations/DefaultBuildOperationRunner$BuildOperationExecution;)Ljava/lang/Object; (147 bytes) @ 0x0000027727ad1664 [0x0000027727ad07a0+0x0000000000000ec4]
J 7308 c1 org.gradle.internal.operations.DefaultBuildOperationRunner.execute(Lorg/gradle/internal/operations/BuildOperation;Lorg/gradle/internal/operations/BuildOperationWorker;)V (22 bytes) @ 0x000002772774a2fc [0x000002772774a060+0x000000000000029c]
J 7676 c1 org.gradle.internal.operations.DefaultBuildOperationRunner.run(Lorg/gradle/internal/operations/RunnableBuildOperation;)V (9 bytes) @ 0x0000027727817ecc [0x0000027727817e40+0x000000000000008c]
j  org.gradle.configuration.BuildOperationScriptPlugin.lambda$apply$0(Ljava/lang/Object;Lorg/gradle/internal/code/UserCodeApplicationId;)V+14
j  org.gradle.configuration.BuildOperationScriptPlugin$$Lambda$537+0x000002774448fba8.execute(Ljava/lang/Object;)V+12
j  org.gradle.internal.code.DefaultUserCodeApplicationContext.apply(Lorg/gradle/internal/code/UserCodeSource;Lorg/gradle/api/Action;)V+37
j  org.gradle.configuration.BuildOperationScriptPlugin.apply(Ljava/lang/Object;)V+71
j  org.gradle.configuration.project.BuildScriptProcessor$$Lambda$1165+0x0000027744758e98.accept(Ljava/lang/Object;)V+8
j  org.gradle.api.internal.project.DefaultProjectStateRegistry$ProjectStateImpl.lambda$applyToMutableState$0(Ljava/util/function/Consumer;Lorg/gradle/api/internal/project/ProjectInternal;)Ljava/lang/Object;+2
j  org.gradle.api.internal.project.DefaultProjectStateRegistry$ProjectStateImpl$$Lambda$1136+0x000002774472bf58.apply(Ljava/lang/Object;)Ljava/lang/Object;+8
j  org.gradle.api.internal.project.DefaultProjectStateRegistry$ProjectStateImpl.lambda$fromMutableState$1(Ljava/util/function/Function;)Ljava/lang/Object;+5
j  org.gradle.api.internal.project.DefaultProjectStateRegistry$ProjectStateImpl$$Lambda$1137+0x000002774472c198.get()Ljava/lang/Object;+8
j  org.gradle.api.internal.project.DefaultProjectStateRegistry$ProjectStateImpl.runWithModelLock(Ljava/util/function/Supplier;)Ljava/lang/Object;+89
j  org.gradle.api.internal.project.DefaultProjectStateRegistry$ProjectStateImpl.fromMutableState(Ljava/util/function/Function;)Ljava/lang/Object;+8
j  org.gradle.api.internal.project.DefaultProjectStateRegistry$ProjectStateImpl.applyToMutableState(Ljava/util/function/Consumer;)V+7
j  org.gradle.configuration.project.BuildScriptProcessor.execute(Lorg/gradle/api/internal/project/ProjectInternal;)V+88
j  org.gradle.configuration.project.BuildScriptProcessor.execute(Ljava/lang/Object;)V+5
j  org.gradle.configuration.project.ConfigureActionsProjectEvaluator.evaluate(Lorg/gradle/api/internal/project/ProjectInternal;Lorg/gradle/api/internal/project/ProjectStateInternal;)V+33
j  org.gradle.configuration.project.LifecycleProjectEvaluator$EvaluateProject.lambda$run$0(Lorg/gradle/internal/operations/BuildOperationContext;Lorg/gradle/api/internal/project/ProjectInternal;)V+67
j  org.gradle.configuration.project.LifecycleProjectEvaluator$EvaluateProject$$Lambda$1135+0x000002774472bd28.accept(Ljava/lang/Object;)V+12
j  org.gradle.api.internal.project.DefaultProjectStateRegistry$ProjectStateImpl.lambda$applyToMutableState$0(Ljava/util/function/Consumer;Lorg/gradle/api/internal/project/ProjectInternal;)Ljava/lang/Object;+2
j  org.gradle.api.internal.project.DefaultProjectStateRegistry$ProjectStateImpl$$Lambda$1136+0x000002774472bf58.apply(Ljava/lang/Object;)Ljava/lang/Object;+8
j  org.gradle.api.internal.project.DefaultProjectStateRegistry$ProjectStateImpl.lambda$fromMutableState$1(Ljava/util/function/Function;)Ljava/lang/Object;+5
j  org.gradle.api.internal.project.DefaultProjectStateRegistry$ProjectStateImpl$$Lambda$1137+0x000002774472c198.get()Ljava/lang/Object;+8
j  org.gradle.api.internal.project.DefaultProjectStateRegistry$ProjectStateImpl$$Lambda$1138+0x000002774472c3b8.create()Ljava/lang/Object;+4
j  org.gradle.internal.work.DefaultWorkerLeaseService.lambda$withLocksAcquired$0(Lorg/gradle/internal/Factory;Ljava/util/Collection;)Ljava/lang/Object;+1
j  org.gradle.internal.work.DefaultWorkerLeaseService$$Lambda$210+0x000002774424e138.create()Ljava/lang/Object;+12
j  org.gradle.internal.work.ResourceLockStatistics$1.measure(Ljava/lang/String;Ljava/lang/Iterable;Lorg/gradle/internal/Factory;)Ljava/lang/Object;+1
j  org.gradle.internal.work.DefaultWorkerLeaseService.withLocksAcquired(Ljava/util/Collection;Lorg/gradle/internal/Factory;)Ljava/lang/Object;+21
j  org.gradle.internal.work.DefaultWorkerLeaseService.lambda$withReplacedLocks$3(Lorg/gradle/internal/resources/ResourceLock;Lorg/gradle/internal/Factory;)Ljava/lang/Object;+6
j  org.gradle.internal.work.DefaultWorkerLeaseService$$Lambda$1139+0x000002774472c5d8.create()Ljava/lang/Object;+12
j  org.gradle.internal.work.DefaultWorkerLeaseService.withoutLocks(Ljava/util/Collection;Lorg/gradle/internal/Factory;)Ljava/lang/Object;+10
j  org.gradle.internal.work.DefaultWorkerLeaseService.withReplacedLocks(Ljava/util/Collection;Lorg/gradle/internal/resources/ResourceLock;Lorg/gradle/internal/Factory;)Ljava/lang/Object;+27
j  org.gradle.api.internal.project.DefaultProjectStateRegistry$ProjectStateImpl.runWithModelLock(Ljava/util/function/Supplier;)Ljava/lang/Object;+129
j  org.gradle.api.internal.project.DefaultProjectStateRegistry$ProjectStateImpl.fromMutableState(Ljava/util/function/Function;)Ljava/lang/Object;+8
j  org.gradle.api.internal.project.DefaultProjectStateRegistry$ProjectStateImpl.applyToMutableState(Ljava/util/function/Consumer;)V+7
j  org.gradle.configuration.project.LifecycleProjectEvaluator$EvaluateProject.run(Lorg/gradle/internal/operations/BuildOperationContext;)V+16
J 7677 c1 org.gradle.internal.operations.DefaultBuildOperationRunner$1.execute(Lorg/gradle/internal/operations/BuildOperation;Lorg/gradle/internal/operations/BuildOperationContext;)V (10 bytes) @ 0x0000027727818424 [0x00000277278181c0+0x0000000000000264]
J 7655 c1 org.gradle.internal.operations.DefaultBuildOperationRunner$2.execute(Lorg/gradle/internal/operations/BuildOperationDescriptor;Lorg/gradle/internal/operations/BuildOperationState;Lorg/gradle/internal/operations/BuildOperationState;Lorg/gradle/internal/operations/DefaultBuildOperationRunner$ReadableBuildOperationContext;Lorg/gradle/internal/operations/DefaultBuildOperationRunner$BuildOperationExecutionListener;)Lorg/gradle/internal/operations/BuildOperation; (110 bytes) @ 0x0000027727809a3c [0x0000027727809840+0x00000000000001fc]
J 7313 c1 org.gradle.internal.operations.DefaultBuildOperationRunner$2.execute(Lorg/gradle/internal/operations/BuildOperationDescriptor;Lorg/gradle/internal/operations/BuildOperationState;Lorg/gradle/internal/operations/BuildOperationState;Lorg/gradle/internal/operations/DefaultBuildOperationRunner$ReadableBuildOperationContext;Lorg/gradle/internal/operations/DefaultBuildOperationRunner$BuildOperationExecutionListener;)Ljava/lang/Object; (12 bytes) @ 0x000002772774dcc4 [0x000002772774dc40+0x0000000000000084]
J 9039 c1 org.gradle.internal.operations.DefaultBuildOperationRunner.execute(Lorg/gradle/internal/operations/BuildOperationDescriptor$Builder;Lorg/gradle/internal/operations/DefaultBuildOperationRunner$BuildOperationExecution;)Ljava/lang/Object; (147 bytes) @ 0x0000027727ad1664 [0x0000027727ad07a0+0x0000000000000ec4]
J 7308 c1 org.gradle.internal.operations.DefaultBuildOperationRunner.execute(Lorg/gradle/internal/operations/BuildOperation;Lorg/gradle/internal/operations/BuildOperationWorker;)V (22 bytes) @ 0x000002772774a2fc [0x000002772774a060+0x000000000000029c]
J 7676 c1 org.gradle.internal.operations.DefaultBuildOperationRunner.run(Lorg/gradle/internal/operations/RunnableBuildOperation;)V (9 bytes) @ 0x0000027727817ecc [0x0000027727817e40+0x000000000000008c]
j  org.gradle.configuration.project.LifecycleProjectEvaluator.evaluate(Lorg/gradle/api/internal/project/ProjectInternal;Lorg/gradle/api/internal/project/ProjectStateInternal;)V+42
j  org.gradle.api.internal.project.DefaultProject.evaluateUnchecked()Lorg/gradle/api/internal/project/ProjectInternal;+20
j  org.gradle.api.internal.project.ProjectLifecycleController.lambda$ensureSelfConfigured$2()V+4
j  org.gradle.api.internal.project.ProjectLifecycleController$$Lambda$1133+0x000002774472a318.run()V+4
j  org.gradle.internal.model.StateTransitionController.lambda$doTransition$14(Ljava/lang/Runnable;)Lorg/gradle/internal/build/ExecutionResult;+1
j  org.gradle.internal.model.StateTransitionController$$Lambda$354+0x0000027744384af8.get()Ljava/lang/Object;+4
j  org.gradle.internal.model.StateTransitionController.doTransition(Lorg/gradle/internal/model/StateTransitionController$State;Lorg/gradle/internal/model/StateTransitionController$State;Ljava/util/function/Supplier;)Lorg/gradle/internal/build/ExecutionResult;+24
j  org.gradle.internal.model.StateTransitionController.doTransition(Lorg/gradle/internal/model/StateTransitionController$State;Lorg/gradle/internal/model/StateTransitionController$State;Ljava/lang/Runnable;)V+9
j  org.gradle.internal.model.StateTransitionController.lambda$maybeTransitionIfNotCurrentlyTransitioning$10(Lorg/gradle/internal/model/StateTransitionController$State;Lorg/gradle/internal/model/StateTransitionController$State;Ljava/lang/Runnable;)V+16
j  org.gradle.internal.model.StateTransitionController$$Lambda$1134+0x000002774472a538.run()V+16
j  org.gradle.internal.work.DefaultSynchronizer.withLock(Ljava/lang/Runnable;)V+6
j  org.gradle.internal.model.StateTransitionController.maybeTransitionIfNotCurrentlyTransitioning(Lorg/gradle/internal/model/StateTransitionController$State;Lorg/gradle/internal/model/StateTransitionController$State;Ljava/lang/Runnable;)V+13
j  org.gradle.api.internal.project.ProjectLifecycleController.ensureSelfConfigured()V+16
j  org.gradle.api.internal.project.DefaultProjectStateRegistry$ProjectStateImpl.ensureConfigured()V+19
j  org.gradle.execution.TaskPathProjectEvaluator.configure(Lorg/gradle/api/internal/project/ProjectInternal;)V+6
j  org.gradle.execution.TaskPathProjectEvaluator.configureHierarchy(Lorg/gradle/api/internal/project/ProjectInternal;)V+2
j  org.gradle.configuration.DefaultProjectsPreparer.prepareProjects(Lorg/gradle/api/internal/GradleInternal;)V+52
j  org.gradle.configuration.BuildTreePreparingProjectsPreparer.prepareProjects(Lorg/gradle/api/internal/GradleInternal;)V+114
j  org.gradle.configuration.BuildOperationFiringProjectsPreparer$ConfigureBuild.run(Lorg/gradle/internal/operations/BuildOperationContext;)V+11
J 7677 c1 org.gradle.internal.operations.DefaultBuildOperationRunner$1.execute(Lorg/gradle/internal/operations/BuildOperation;Lorg/gradle/internal/operations/BuildOperationContext;)V (10 bytes) @ 0x0000027727818424 [0x00000277278181c0+0x0000000000000264]
J 7655 c1 org.gradle.internal.operations.DefaultBuildOperationRunner$2.execute(Lorg/gradle/internal/operations/BuildOperationDescriptor;Lorg/gradle/internal/operations/BuildOperationState;Lorg/gradle/internal/operations/BuildOperationState;Lorg/gradle/internal/operations/DefaultBuildOperationRunner$ReadableBuildOperationContext;Lorg/gradle/internal/operations/DefaultBuildOperationRunner$BuildOperationExecutionListener;)Lorg/gradle/internal/operations/BuildOperation; (110 bytes) @ 0x0000027727809a3c [0x0000027727809840+0x00000000000001fc]
J 7313 c1 org.gradle.internal.operations.DefaultBuildOperationRunner$2.execute(Lorg/gradle/internal/operations/BuildOperationDescriptor;Lorg/gradle/internal/operations/BuildOperationState;Lorg/gradle/internal/operations/BuildOperationState;Lorg/gradle/internal/operations/DefaultBuildOperationRunner$ReadableBuildOperationContext;Lorg/gradle/internal/operations/DefaultBuildOperationRunner$BuildOperationExecutionListener;)Ljava/lang/Object; (12 bytes) @ 0x000002772774dcc4 [0x000002772774dc40+0x0000000000000084]
J 9039 c1 org.gradle.internal.operations.DefaultBuildOperationRunner.execute(Lorg/gradle/internal/operations/BuildOperationDescriptor$Builder;Lorg/gradle/internal/operations/DefaultBuildOperationRunner$BuildOperationExecution;)Ljava/lang/Object; (147 bytes) @ 0x0000027727ad1664 [0x0000027727ad07a0+0x0000000000000ec4]
J 7308 c1 org.gradle.internal.operations.DefaultBuildOperationRunner.execute(Lorg/gradle/internal/operations/BuildOperation;Lorg/gradle/internal/operations/BuildOperationWorker;)V (22 bytes) @ 0x000002772774a2fc [0x000002772774a060+0x000000000000029c]
J 7676 c1 org.gradle.internal.operations.DefaultBuildOperationRunner.run(Lorg/gradle/internal/operations/RunnableBuildOperation;)V (9 bytes) @ 0x0000027727817ecc [0x0000027727817e40+0x000000000000008c]
j  org.gradle.configuration.BuildOperationFiringProjectsPreparer.prepareProjects(Lorg/gradle/api/internal/GradleInternal;)V+13
j  org.gradle.initialization.VintageBuildModelController.lambda$prepareProjects$2()V+8
j  org.gradle.initialization.VintageBuildModelController$$Lambda$1081+0x00000277446ba010.run()V+4
j  org.gradle.internal.model.StateTransitionController.lambda$doTransition$14(Ljava/lang/Runnable;)Lorg/gradle/internal/build/ExecutionResult;+1
j  org.gradle.internal.model.StateTransitionController$$Lambda$354+0x0000027744384af8.get()Ljava/lang/Object;+4
j  org.gradle.internal.model.StateTransitionController.doTransition(Lorg/gradle/internal/model/StateTransitionController$State;Lorg/gradle/internal/model/StateTransitionController$State;Ljava/util/function/Supplier;)Lorg/gradle/internal/build/ExecutionResult;+24
j  org.gradle.internal.model.StateTransitionController.doTransition(Lorg/gradle/internal/model/StateTransitionController$State;Lorg/gradle/internal/model/StateTransitionController$State;Ljava/lang/Runnable;)V+9
j  org.gradle.internal.model.StateTransitionController.lambda$transitionIfNotPreviously$11(Lorg/gradle/internal/model/StateTransitionController$State;Lorg/gradle/internal/model/StateTransitionController$State;Ljava/lang/Runnable;)V+16
j  org.gradle.internal.model.StateTransitionController$$Lambda$356+0x0000027744384f38.run()V+16
j  org.gradle.internal.work.DefaultSynchronizer.withLock(Ljava/lang/Runnable;)V+6
j  org.gradle.internal.model.StateTransitionController.transitionIfNotPreviously(Lorg/gradle/internal/model/StateTransitionController$State;Lorg/gradle/internal/model/StateTransitionController$State;Ljava/lang/Runnable;)V+13
j  org.gradle.initialization.VintageBuildModelController.prepareProjects()V+16
j  org.gradle.initialization.VintageBuildModelController.prepareToScheduleTasks()V+5
j  org.gradle.internal.build.DefaultBuildLifecycleController.lambda$prepareToScheduleTasks$6()V+9
j  org.gradle.internal.build.DefaultBuildLifecycleController$$Lambda$352+0x00000277443846b8.run()V+4
j  org.gradle.internal.model.StateTransitionController.lambda$doTransition$14(Ljava/lang/Runnable;)Lorg/gradle/internal/build/ExecutionResult;+1
j  org.gradle.internal.model.StateTransitionController$$Lambda$354+0x0000027744384af8.get()Ljava/lang/Object;+4
j  org.gradle.internal.model.StateTransitionController.doTransition(Lorg/gradle/internal/model/StateTransitionController$State;Lorg/gradle/internal/model/StateTransitionController$State;Ljava/util/function/Supplier;)Lorg/gradle/internal/build/ExecutionResult;+24
j  org.gradle.internal.model.StateTransitionController.doTransition(Lorg/gradle/internal/model/StateTransitionController$State;Lorg/gradle/internal/model/StateTransitionController$State;Ljava/lang/Runnable;)V+9
j  org.gradle.internal.model.StateTransitionController.lambda$maybeTransition$9(Lorg/gradle/internal/model/StateTransitionController$State;Lorg/gradle/internal/model/StateTransitionController$State;Ljava/lang/Runnable;)V+16
j  org.gradle.internal.model.StateTransitionController$$Lambda$353+0x00000277443848d8.run()V+16
j  org.gradle.internal.work.DefaultSynchronizer.withLock(Ljava/lang/Runnable;)V+6
j  org.gradle.internal.model.StateTransitionController.maybeTransition(Lorg/gradle/internal/model/StateTransitionController$State;Lorg/gradle/internal/model/StateTransitionController$State;Ljava/lang/Runnable;)V+13
j  org.gradle.internal.build.DefaultBuildLifecycleController.prepareToScheduleTasks()V+16
j  org.gradle.internal.buildtree.DefaultBuildTreeWorkPreparer.scheduleRequestedTasks(Lorg/gradle/internal/buildtree/BuildTreeWorkGraph;Lorg/gradle/execution/EntryTaskSelector;)Lorg/gradle/internal/buildtree/BuildTreeWorkGraph$FinalizedGraph;+4
j  org.gradle.internal.cc.impl.barrier.BarrierAwareBuildTreeWorkPreparer.scheduleRequestedTasks$lambda$0(Lorg/gradle/internal/cc/impl/barrier/BarrierAwareBuildTreeWorkPreparer;Lorg/gradle/internal/buildtree/BuildTreeWorkGraph;Lorg/gradle/execution/EntryTaskSelector;)Lorg/gradle/internal/buildtree/BuildTreeWorkGraph$FinalizedGraph;+6
j  org.gradle.internal.cc.impl.barrier.BarrierAwareBuildTreeWorkPreparer$$Lambda$351+0x0000027744380948.invoke()Ljava/lang/Object;+12
j  org.gradle.internal.cc.impl.barrier.VintageConfigurationTimeActionRunner.runConfigurationTimeAction(Lkotlin/jvm/functions/Function0;)Ljava/lang/Object;+25
j  org.gradle.internal.cc.impl.barrier.BarrierAwareBuildTreeWorkPreparer.scheduleRequestedTasks(Lorg/gradle/internal/buildtree/BuildTreeWorkGraph;Lorg/gradle/execution/EntryTaskSelector;)Lorg/gradle/internal/buildtree/BuildTreeWorkGraph$FinalizedGraph;+18
j  org.gradle.internal.cc.impl.VintageBuildTreeWorkController$scheduleAndRunRequestedTasks$1.apply(Lorg/gradle/internal/buildtree/BuildTreeWorkGraph;)Lorg/gradle/internal/build/ExecutionResult;+18
j  org.gradle.internal.cc.impl.VintageBuildTreeWorkController$scheduleAndRunRequestedTasks$1.apply(Ljava/lang/Object;)Ljava/lang/Object;+5
j  org.gradle.composite.internal.DefaultIncludedBuildTaskGraph.withNewWorkGraph(Ljava/util/function/Function;)Ljava/lang/Object;+30
j  org.gradle.internal.cc.impl.VintageBuildTreeWorkController.scheduleAndRunRequestedTasks(Lorg/gradle/execution/EntryTaskSelector;)Lorg/gradle/internal/build/ExecutionResult;+16
j  org.gradle.internal.buildtree.DefaultBuildTreeLifecycleController.lambda$scheduleAndRunTasks$1(Lorg/gradle/execution/EntryTaskSelector;)Lorg/gradle/internal/build/ExecutionResult;+5
j  org.gradle.internal.buildtree.DefaultBuildTreeLifecycleController$$Lambda$346+0x000002774437dd70.get()Ljava/lang/Object;+8
j  org.gradle.internal.buildtree.DefaultBuildTreeLifecycleController.lambda$runBuild$4(Ljava/util/function/Supplier;)Ljava/lang/Object;+1
j  org.gradle.internal.buildtree.DefaultBuildTreeLifecycleController$$Lambda$347+0x000002774437c800.get()Ljava/lang/Object;+8
j  org.gradle.internal.model.StateTransitionController.lambda$transition$6(Ljava/util/function/Supplier;)Lorg/gradle/internal/build/ExecutionResult;+1
j  org.gradle.internal.model.StateTransitionController$$Lambda$349+0x000002774437cc40.get()Ljava/lang/Object;+4
j  org.gradle.internal.model.StateTransitionController.doTransition(Lorg/gradle/internal/model/StateTransitionController$State;Lorg/gradle/internal/model/StateTransitionController$State;Ljava/util/function/Supplier;)Lorg/gradle/internal/build/ExecutionResult;+24
j  org.gradle.internal.model.StateTransitionController.lambda$transition$7(Lorg/gradle/internal/model/StateTransitionController$State;Lorg/gradle/internal/model/StateTransitionController$State;Ljava/util/function/Supplier;)Ljava/lang/Object;+9
j  org.gradle.internal.model.StateTransitionController$$Lambda$348+0x000002774437ca20.create()Ljava/lang/Object;+16
j  org.gradle.internal.work.DefaultSynchronizer.withLock(Lorg/gradle/internal/Factory;)Ljava/lang/Object;+6
j  org.gradle.internal.model.StateTransitionController.transition(Lorg/gradle/internal/model/StateTransitionController$State;Lorg/gradle/internal/model/StateTransitionController$State;Ljava/util/function/Supplier;)Ljava/lang/Object;+13
j  org.gradle.internal.buildtree.DefaultBuildTreeLifecycleController.runBuild(Ljava/util/function/Supplier;)Ljava/lang/Object;+17
j  org.gradle.internal.buildtree.DefaultBuildTreeLifecycleController.scheduleAndRunTasks(Lorg/gradle/execution/EntryTaskSelector;)V+8
j  org.gradle.internal.buildtree.DefaultBuildTreeLifecycleController.scheduleAndRunTasks()V+2
j  org.gradle.tooling.internal.provider.ExecuteBuildActionRunner.run(Lorg/gradle/internal/invocation/BuildAction;Lorg/gradle/internal/buildtree/BuildTreeLifecycleController;)Lorg/gradle/internal/buildtree/BuildActionRunner$Result;+12
j  org.gradle.launcher.exec.ChainingBuildActionRunner.run(Lorg/gradle/internal/invocation/BuildAction;Lorg/gradle/internal/buildtree/BuildTreeLifecycleController;)Lorg/gradle/internal/buildtree/BuildActionRunner$Result;+34
j  org.gradle.internal.buildtree.ProblemReportingBuildActionRunner.run(Lorg/gradle/internal/invocation/BuildAction;Lorg/gradle/internal/buildtree/BuildTreeLifecycleController;)Lorg/gradle/internal/buildtree/BuildActionRunner$Result;+12
j  org.gradle.launcher.exec.BuildOutcomeReportingBuildActionRunner.run(Lorg/gradle/internal/invocation/BuildAction;Lorg/gradle/internal/buildtree/BuildTreeLifecycleController;)Lorg/gradle/internal/buildtree/BuildActionRunner$Result;+69
j  org.gradle.tooling.internal.provider.FileSystemWatchingBuildActionRunner.run(Lorg/gradle/internal/invocation/BuildAction;Lorg/gradle/internal/buildtree/BuildTreeLifecycleController;)Lorg/gradle/internal/buildtree/BuildActionRunner$Result;+317
j  org.gradle.launcher.exec.BuildCompletionNotifyingBuildActionRunner.run(Lorg/gradle/internal/invocation/BuildAction;Lorg/gradle/internal/buildtree/BuildTreeLifecycleController;)Lorg/gradle/internal/buildtree/BuildActionRunner$Result;+6
j  org.gradle.launcher.exec.RootBuildLifecycleBuildActionExecutor.lambda$execute$0(Lorg/gradle/internal/invocation/BuildAction;Lorg/gradle/internal/buildtree/BuildTreeLifecycleController;)Lorg/gradle/internal/buildtree/BuildActionRunner$Result;+6
j  org.gradle.launcher.exec.RootBuildLifecycleBuildActionExecutor$$Lambda$315+0x0000027744366e80.apply(Ljava/lang/Object;)Ljava/lang/Object;+12
j  org.gradle.composite.internal.DefaultRootBuildState.run(Ljava/util/function/Function;)Ljava/lang/Object;+92
j  org.gradle.launcher.exec.RootBuildLifecycleBuildActionExecutor.execute(Lorg/gradle/internal/invocation/BuildAction;)Lorg/gradle/internal/buildtree/BuildActionRunner$Result;+91
j  org.gradle.launcher.exec.BuildTreeLifecycleBuildActionExecutor.runRootBuildAction(Lorg/gradle/internal/invocation/BuildAction;Lorg/gradle/internal/service/ServiceRegistry;Lorg/gradle/internal/buildtree/BuildTreeModelControllerServices$Supplier;)Lorg/gradle/internal/buildtree/BuildActionRunner$Result;+39
j  org.gradle.launcher.exec.BuildTreeLifecycleBuildActionExecutor.execute(Lorg/gradle/internal/invocation/BuildAction;Lorg/gradle/internal/session/BuildSessionContext;)Lorg/gradle/internal/buildtree/BuildActionRunner$Result;+44
j  org.gradle.launcher.exec.RunAsBuildOperationBuildActionExecutor$2.call(Lorg/gradle/internal/operations/BuildOperationContext;)Lorg/gradle/internal/buildtree/BuildActionRunner$Result;+25
j  org.gradle.launcher.exec.RunAsBuildOperationBuildActionExecutor$2.call(Lorg/gradle/internal/operations/BuildOperationContext;)Ljava/lang/Object;+2
j  org.gradle.internal.operations.DefaultBuildOperationRunner$CallableBuildOperationWorker.execute(Lorg/gradle/internal/operations/CallableBuildOperation;Lorg/gradle/internal/operations/BuildOperationContext;)V+3
j  org.gradle.internal.operations.DefaultBuildOperationRunner$CallableBuildOperationWorker.execute(Lorg/gradle/internal/operations/BuildOperation;Lorg/gradle/internal/operations/BuildOperationContext;)V+6
j  org.gradle.internal.operations.DefaultBuildOperationRunner$2.execute(Lorg/gradle/internal/operations/BuildOperationDescriptor;Lorg/gradle/internal/operations/BuildOperationState;Lorg/gradle/internal/operations/BuildOperationState;Lorg/gradle/internal/operations/DefaultBuildOperationRunner$ReadableBuildOperationContext;Lorg/gradle/internal/operations/DefaultBuildOperationRunner$BuildOperationExecutionListener;)Lorg/gradle/internal/operations/BuildOperation;+22
j  org.gradle.internal.operations.DefaultBuildOperationRunner$2.execute(Lorg/gradle/internal/operations/BuildOperationDescriptor;Lorg/gradle/internal/operations/BuildOperationState;Lorg/gradle/internal/operations/BuildOperationState;Lorg/gradle/internal/operations/DefaultBuildOperationRunner$ReadableBuildOperationContext;Lorg/gradle/internal/operations/DefaultBuildOperationRunner$BuildOperationExecutionListener;)Ljava/lang/Object;+8
j  org.gradle.internal.operations.DefaultBuildOperationRunner.execute(Lorg/gradle/internal/operations/BuildOperationDescriptor$Builder;Lorg/gradle/internal/operations/DefaultBuildOperationRunner$BuildOperationExecution;)Ljava/lang/Object;+141
j  org.gradle.internal.operations.DefaultBuildOperationRunner.execute(Lorg/gradle/internal/operations/BuildOperation;Lorg/gradle/internal/operations/BuildOperationWorker;)V+17
j  org.gradle.internal.operations.DefaultBuildOperationRunner.call(Lorg/gradle/internal/operations/CallableBuildOperation;)Ljava/lang/Object;+12
j  org.gradle.launcher.exec.RunAsBuildOperationBuildActionExecutor.execute(Lorg/gradle/internal/invocation/BuildAction;Lorg/gradle/internal/session/BuildSessionContext;)Lorg/gradle/internal/buildtree/BuildActionRunner$Result;+23
j  org.gradle.launcher.exec.RunAsWorkerThreadBuildActionExecutor.lambda$execute$0(Lorg/gradle/internal/invocation/BuildAction;Lorg/gradle/internal/session/BuildSessionContext;)Lorg/gradle/internal/buildtree/BuildActionRunner$Result;+6
j  org.gradle.launcher.exec.RunAsWorkerThreadBuildActionExecutor$$Lambda$208+0x000002774424c5d8.create()Ljava/lang/Object;+12
j  org.gradle.internal.work.DefaultWorkerLeaseService.lambda$withLocksAcquired$0(Lorg/gradle/internal/Factory;Ljava/util/Collection;)Ljava/lang/Object;+1
j  org.gradle.internal.work.DefaultWorkerLeaseService$$Lambda$210+0x000002774424e138.create()Ljava/lang/Object;+12
j  org.gradle.internal.work.ResourceLockStatistics$1.measure(Ljava/lang/String;Ljava/lang/Iterable;Lorg/gradle/internal/Factory;)Ljava/lang/Object;+1
j  org.gradle.internal.work.DefaultWorkerLeaseService.withLocksAcquired(Ljava/util/Collection;Lorg/gradle/internal/Factory;)Ljava/lang/Object;+21
j  org.gradle.internal.work.DefaultWorkerLeaseService.withLocks(Ljava/util/Collection;Lorg/gradle/internal/Factory;)Ljava/lang/Object;+25
j  org.gradle.internal.work.DefaultWorkerLeaseService.runAsWorkerThread(Lorg/gradle/internal/Factory;)Ljava/lang/Object;+33
j  org.gradle.launcher.exec.RunAsWorkerThreadBuildActionExecutor.execute(Lorg/gradle/internal/invocation/BuildAction;Lorg/gradle/internal/session/BuildSessionContext;)Lorg/gradle/internal/buildtree/BuildActionRunner$Result;+12
j  org.gradle.tooling.internal.provider.continuous.ContinuousBuildActionExecutor.execute(Lorg/gradle/internal/invocation/BuildAction;Lorg/gradle/internal/session/BuildSessionContext;)Lorg/gradle/internal/buildtree/BuildActionRunner$Result;+58
j  org.gradle.tooling.internal.provider.SubscribableBuildActionExecutor.execute(Lorg/gradle/internal/invocation/BuildAction;Lorg/gradle/internal/session/BuildSessionContext;)Lorg/gradle/internal/buildtree/BuildActionRunner$Result;+30
j  org.gradle.internal.session.DefaultBuildSessionContext.execute(Lorg/gradle/internal/invocation/BuildAction;)Lorg/gradle/internal/buildtree/BuildActionRunner$Result;+64
j  org.gradle.internal.buildprocess.execution.BuildSessionLifecycleBuildActionExecutor$ActionImpl.apply(Lorg/gradle/internal/session/BuildSessionContext;)Lorg/gradle/launcher/exec/BuildActionResult;+6
j  org.gradle.internal.buildprocess.execution.BuildSessionLifecycleBuildActionExecutor$ActionImpl.apply(Ljava/lang/Object;)Ljava/lang/Object;+5
j  org.gradle.internal.session.BuildSessionState.run(Ljava/util/function/Function;)Ljava/lang/Object;+5
j  org.gradle.internal.buildprocess.execution.BuildSessionLifecycleBuildActionExecutor.execute(Lorg/gradle/internal/invocation/BuildAction;Lorg/gradle/launcher/exec/BuildActionParameters;Lorg/gradle/initialization/BuildRequestContext;)Lorg/gradle/launcher/exec/BuildActionResult;+105
j  org.gradle.internal.buildprocess.execution.BuildSessionLifecycleBuildActionExecutor.execute(Lorg/gradle/internal/invocation/BuildAction;Ljava/lang/Object;Ljava/lang/Object;)Lorg/gradle/launcher/exec/BuildActionResult;+10
j  org.gradle.internal.buildprocess.execution.StartParamsValidatingActionExecutor.execute(Lorg/gradle/internal/invocation/BuildAction;Lorg/gradle/launcher/exec/BuildActionParameters;Lorg/gradle/initialization/BuildRequestContext;)Lorg/gradle/launcher/exec/BuildActionResult;+142
j  org.gradle.internal.buildprocess.execution.StartParamsValidatingActionExecutor.execute(Lorg/gradle/internal/invocation/BuildAction;Ljava/lang/Object;Ljava/lang/Object;)Lorg/gradle/launcher/exec/BuildActionResult;+10
j  org.gradle.internal.buildprocess.execution.SessionFailureReportingActionExecutor.execute(Lorg/gradle/internal/invocation/BuildAction;Lorg/gradle/launcher/exec/BuildActionParameters;Lorg/gradle/initialization/BuildRequestContext;)Lorg/gradle/launcher/exec/BuildActionResult;+7
j  org.gradle.internal.buildprocess.execution.SessionFailureReportingActionExecutor.execute(Lorg/gradle/internal/invocation/BuildAction;Ljava/lang/Object;Ljava/lang/Object;)Lorg/gradle/launcher/exec/BuildActionResult;+10
j  org.gradle.internal.buildprocess.execution.SetupLoggingActionExecutor.execute(Lorg/gradle/internal/invocation/BuildAction;Lorg/gradle/launcher/exec/BuildActionParameters;Lorg/gradle/initialization/BuildRequestContext;)Lorg/gradle/launcher/exec/BuildActionResult;+50
j  org.gradle.internal.buildprocess.execution.SetupLoggingActionExecutor.execute(Lorg/gradle/internal/invocation/BuildAction;Ljava/lang/Object;Ljava/lang/Object;)Lorg/gradle/launcher/exec/BuildActionResult;+10
j  org.gradle.launcher.daemon.server.exec.ExecuteBuild.doBuild(Lorg/gradle/launcher/daemon/server/api/DaemonCommandExecution;Lorg/gradle/launcher/daemon/protocol/Build;)V+147
j  org.gradle.launcher.daemon.server.exec.BuildCommandOnly.execute(Lorg/gradle/launcher/daemon/server/api/DaemonCommandExecution;)V+49
j  org.gradle.launcher.daemon.server.api.DaemonCommandExecution.proceed()Z+23
j  org.gradle.launcher.daemon.server.exec.WatchForDisconnection.execute(Lorg/gradle/launcher/daemon/server/api/DaemonCommandExecution;)V+19
j  org.gradle.launcher.daemon.server.api.DaemonCommandExecution.proceed()Z+23
j  org.gradle.launcher.daemon.server.exec.ResetDeprecationLogger.execute(Lorg/gradle/launcher/daemon/server/api/DaemonCommandExecution;)V+7
j  org.gradle.launcher.daemon.server.api.DaemonCommandExecution.proceed()Z+23
j  org.gradle.launcher.daemon.server.exec.RequestStopIfSingleUsedDaemon.execute(Lorg/gradle/launcher/daemon/server/api/DaemonCommandExecution;)V+33
j  org.gradle.launcher.daemon.server.api.DaemonCommandExecution.proceed()Z+23
j  org.gradle.launcher.daemon.server.exec.ForwardClientInput.lambda$execute$0(Lorg/gradle/launcher/daemon/server/api/DaemonCommandExecution;Lorg/gradle/internal/daemon/clientinput/StdinHandler;)Ljava/lang/Object;+11
j  org.gradle.launcher.daemon.server.exec.ForwardClientInput$$Lambda$117+0x0000027744182d70.apply(Ljava/lang/Object;)Ljava/lang/Object;+8
j  org.gradle.internal.daemon.clientinput.ClientInputForwarder.forwardInput(Ljava/util/function/Function;)Ljava/lang/Object;+46
j  org.gradle.launcher.daemon.server.exec.ForwardClientInput.execute(Lorg/gradle/launcher/daemon/server/api/DaemonCommandExecution;)V+10
j  org.gradle.launcher.daemon.server.api.DaemonCommandExecution.proceed()Z+23
j  org.gradle.launcher.daemon.server.exec.LogAndCheckHealth.execute(Lorg/gradle/launcher/daemon/server/api/DaemonCommandExecution;)V+8
j  org.gradle.launcher.daemon.server.api.DaemonCommandExecution.proceed()Z+23
j  org.gradle.launcher.daemon.server.exec.LogToClient.doBuild(Lorg/gradle/launcher/daemon/server/api/DaemonCommandExecution;Lorg/gradle/launcher/daemon/protocol/Build;)V+87
j  org.gradle.launcher.daemon.server.exec.BuildCommandOnly.execute(Lorg/gradle/launcher/daemon/server/api/DaemonCommandExecution;)V+49
j  org.gradle.launcher.daemon.server.api.DaemonCommandExecution.proceed()Z+23
j  org.gradle.launcher.daemon.server.exec.EstablishBuildEnvironment.doBuild(Lorg/gradle/launcher/daemon/server/api/DaemonCommandExecution;Lorg/gradle/launcher/daemon/protocol/Build;)V+356
j  org.gradle.launcher.daemon.server.exec.BuildCommandOnly.execute(Lorg/gradle/launcher/daemon/server/api/DaemonCommandExecution;)V+49
j  org.gradle.launcher.daemon.server.api.DaemonCommandExecution.proceed()Z+23
j  org.gradle.launcher.daemon.server.exec.StartBuildOrRespondWithBusy$1.run()V+44
j  org.gradle.launcher.daemon.server.DaemonStateCoordinator.lambda$runCommand$0(Ljava/lang/Runnable;)V+1
j  org.gradle.launcher.daemon.server.DaemonStateCoordinator$$Lambda$116+0x0000027744181bd8.run()V+8
j  org.gradle.internal.concurrent.ExecutorPolicy$CatchAndRecordFailures.onExecute(Ljava/lang/Runnable;)V+1
j  org.gradle.internal.concurrent.AbstractManagedExecutor$1.run()V+25
j  java.util.concurrent.ThreadPoolExecutor.runWorker(Ljava/util/concurrent/ThreadPoolExecutor$Worker;)V+92 java.base@17.0.15
j  java.util.concurrent.ThreadPoolExecutor$Worker.run()V+5 java.base@17.0.15
j  java.lang.Thread.run()V+11 java.base@17.0.15
v  ~StubRoutines::call_stub

Compiled method (n/a)   37063  801     n 0       java.lang.ClassLoader::defineClass1 (native)
 total in heap  [0x000002772e635b10,0x000002772e635ff0] = 1248
 relocation     [0x000002772e635c68,0x000002772e635ca0] = 56
 main code      [0x000002772e635ca0,0x000002772e635ff0] = 848

[Constant Pool (empty)]

[MachCode]
[Entry Point]
  # {method} {0x0000027743010f28} 'defineClass1' '(Ljava/lang/ClassLoader;Ljava/lang/String;[BIILjava/security/ProtectionDomain;Ljava/lang/String;)Ljava/lang/Class;' in 'java/lang/ClassLoader'
  # parm0:    rdx:rdx   = 'java/lang/ClassLoader'
  # parm1:    r8:r8     = 'java/lang/String'
  # parm2:    r9:r9     = '[B'
  # parm3:    rdi       = int
  # parm4:    rsi       = int
  # parm5:    rcx:rcx   = 'java/security/ProtectionDomain'
  # parm6:    [sp+0xa0]   = 'java/lang/String'  (sp of caller)
  0x000002772e635ca0: 448b 5208 | 49bb 0000 | 0043 7702 | 0000 4d03 | d349 3bc2 | 0f84 0600 

  0x000002772e635cb8: ;   {runtime_call ic_miss_stub}
  0x000002772e635cb8: 0000 e9c1 | b3a5 ff90 
[Verified Entry Point]
  0x000002772e635cc0: 8984 2400 | 90ff ff55 | 488b ec48 | 81ec 9000 | 0000 4881 | 7d10 0000 | 0000 488d | 4510 480f 
  0x000002772e635ce0: 4445 1048 | 8944 2440 | 4889 4c24 | 7048 83f9 | 0048 8d44 | 2470 480f | 4444 2470 | 4889 4424 
  0x000002772e635d00: 3848 8974 | 2430 4889 | 7c24 284c | 894c 2458 | 4983 f900 | 488d 4424 | 5848 0f44 | 4424 5848 
  0x000002772e635d20: 8944 2420 | 4c89 4424 | 5049 83f8 | 004c 8d4c | 2450 4c0f | 444c 2450 | 4889 5424 | 4848 83fa 
  0x000002772e635d40: 004c 8d44 | 2448 4c0f | 4444 2448 

  0x000002772e635d4c: ;   {oop(a 'java/lang/Class'{0x00000007006433b8} = 'java/lang/ClassLoader')}
  0x000002772e635d4c: 49be b833 | 6400 0700 | 0000 4c89 | 7424 784c | 8d74 2478 | 498b d6c5 

  0x000002772e635d64: ;   {internal_word}
  0x000002772e635d64: f877 49ba | 635d 632e | 7702 0000 | 4d89 97a0 | 0200 0049 | 89a7 9802 

  0x000002772e635d7c: ;   {external_word}
  0x000002772e635d7c: 0000 49ba | ad37 1491 | fd7f 0000 | 4180 3a00 | 0f84 5200 | 0000 5241 

  0x000002772e635d94: ;   {metadata({method} {0x0000027743010f28} 'defineClass1' '(Ljava/lang/ClassLoader;Ljava/lang/String;[BIILjava/security/ProtectionDomain;Ljava/lang/String;)Ljava/lang/Class;' in 'java/lang/ClassLoader')}
  0x000002772e635d94: 5041 5148 | ba20 0f01 | 4377 0200 | 0049 8bcf | 4883 ec20 | f7c4 0f00 | 0000 0f84 | 1a00 0000 
  0x000002772e635db4: 4883 ec08 

  0x000002772e635db8: ;   {runtime_call}
  0x000002772e635db8: 49ba 90e9 | c990 fd7f | 0000 41ff | d248 83c4 | 08e9 0d00 

  0x000002772e635dcc: ;   {runtime_call}
  0x000002772e635dcc: 0000 49ba | 90e9 c990 | fd7f 0000 | 41ff d248 | 83c4 2041 | 5941 585a | 498d 8fb8 | 0200 0041 
  0x000002772e635dec: c787 4003 | 0000 0400 

  0x000002772e635df4: ;   {runtime_call}
  0x000002772e635df4: 0000 49ba | ac16 ba39 | fe7f 0000 | 41ff d2c5 | f877 41c7 | 8740 0300 | 0005 0000 | 00f0 8344 
  0x000002772e635e14: 24c0 0049 | 3baf 4803 | 0000 0f87 | 1100 0000 | 4181 bf30 | 0300 0000 | 0000 000f | 842c 0000 
  0x000002772e635e34: 00c5 f877 | 4889 45f8 | 498b cf4c | 8be4 4883 | ec20 4883 

  0x000002772e635e48: ;   {runtime_call}
  0x000002772e635e48: e4f0 49ba | 90f7 d990 | fd7f 0000 | 41ff d249 | 8be4 4d33 | e448 8b45 | f841 c787 | 4003 0000 
  0x000002772e635e68: 0800 0000 | 4181 bfb0 | 0300 0002 | 0000 000f | 843f 0100 

  0x000002772e635e7c: ;   {external_word}
  0x000002772e635e7c: 0049 baad | 3714 91fd | 7f00 0041 | 803a 000f | 8450 0000 | 0048 8945 

  0x000002772e635e94: ;   {metadata({method} {0x0000027743010f28} 'defineClass1' '(Ljava/lang/ClassLoader;Ljava/lang/String;[BIILjava/security/ProtectionDomain;Ljava/lang/String;)Ljava/lang/Class;' in 'java/lang/ClassLoader')}
  0x000002772e635e94: f848 ba20 | 0f01 4377 | 0200 0049 | 8bcf 4883 | ec20 f7c4 | 0f00 0000 | 0f84 1a00 | 0000 4883 
  0x000002772e635eb4: ;   {runtime_call}
  0x000002772e635eb4: ec08 49ba | 90e9 c990 | fd7f 0000 | 41ff d248 | 83c4 08e9 | 0d00 0000 

  0x000002772e635ecc: ;   {runtime_call}
  0x000002772e635ecc: 49ba 90e9 | c990 fd7f | 0000 41ff | d248 83c4 | 2048 8b45 | f849 c787 | 9802 0000 | 0000 0000 
  0x000002772e635eec: 49c7 87a0 | 0200 0000 | 0000 00c5 | f877 4885 | c00f 8493 | 0000 0048 | f7c0 0100 | 0000 0f84 
  0x000002772e635f0c: 8300 0000 | 488b 40ff | 4180 7f38 | 000f 846f | 0000 0048 | 83f8 000f | 8465 0000 | 0049 8b4f 
  0x000002772e635f2c: 2048 83f9 | 000f 8414 | 0000 0048 | 83e9 0849 | 894f 2049 | 034f 3048 | 8901 e943 | 0000 0050 
  0x000002772e635f4c: 498b d748 | 8bc8 4883 | ec20 f7c4 | 0f00 0000 | 0f84 1a00 | 0000 4883 

  0x000002772e635f64: ;   {runtime_call}
  0x000002772e635f64: ec08 49ba | a08b 8890 | fd7f 0000 | 41ff d248 | 83c4 08e9 | 0d00 0000 

  0x000002772e635f7c: ;   {runtime_call}
  0x000002772e635f7c: 49ba a08b | 8890 fd7f | 0000 41ff | d248 83c4 | 2058 e903 | 0000 0048 | 8b00 498b | 8fd8 0000 
  0x000002772e635f9c: 00c7 8100 | 0100 0000 | 0000 00c9 | 4981 7f08 | 0000 0000 | 0f85 0100 

  0x000002772e635fb4: ;   {runtime_call StubRoutines (1)}
  0x000002772e635fb4: 0000 c3e9 | 44af a0ff | c5f8 7748 | 8945 f84c | 8be4 4883 | ec20 4883 

  0x000002772e635fcc: ;   {runtime_call}
  0x000002772e635fcc: e4f0 49ba | a01a ca90 | fd7f 0000 | 41ff d249 | 8be4 4d33 | e448 8b45 | f8e9 93fe | ffff f4f4 
  0x000002772e635fec: f4f4 f4f4 
[/MachCode]


Compiled method (c2)   37073 11896       4       java.security.SecureClassLoader::defineClass (16 bytes)
 total in heap  [0x000002772ec16b10,0x000002772ec1bd20] = 21008
 relocation     [0x000002772ec16c68,0x000002772ec16e98] = 560
 main code      [0x000002772ec16ea0,0x000002772ec19d60] = 11968
 stub code      [0x000002772ec19d60,0x000002772ec19e78] = 280
 oops           [0x000002772ec19e78,0x000002772ec19e88] = 16
 metadata       [0x000002772ec19e88,0x000002772ec1a058] = 464
 scopes data    [0x000002772ec1a058,0x000002772ec1b1a0] = 4424
 scopes pcs     [0x000002772ec1b1a0,0x000002772ec1b900] = 1888
 dependencies   [0x000002772ec1b900,0x000002772ec1b940] = 64
 handler table  [0x000002772ec1b940,0x000002772ec1bc40] = 768
 nul chk table  [0x000002772ec1bc40,0x000002772ec1bd20] = 224

[Constant Pool (empty)]

[MachCode]
[Entry Point]
  # {method} {0x0000027743434d98} 'defineClass' '(Ljava/lang/String;[BIILjava/security/CodeSource;)Ljava/lang/Class;' in 'java/security/SecureClassLoader'
  # this:     rdx:rdx   = 'java/security/SecureClassLoader'
  # parm0:    r8:r8     = 'java/lang/String'
  # parm1:    r9:r9     = '[B'
  # parm2:    rdi       = int
  # parm3:    rsi       = int
  # parm4:    rcx:rcx   = 'java/security/CodeSource'
  #           [sp+0xd0]  (sp of caller)
  0x000002772ec16ea0: 448b 5208 | 49bb 0000 | 0043 7702 | 0000 4d03 | d349 3bc2 

  0x000002772ec16eb4: ;   {runtime_call ic_miss_stub}
  0x000002772ec16eb4: 0f85 c6a1 | 47ff 6690 | 0f1f 4000 
[Verified Entry Point]
  0x000002772ec16ec0: 8984 2400 | 90ff ff55 | 4881 ecc0 | 0000 0089 | 7424 3c89 | 7c24 384c | 894c 2430 | 4c89 4424 
  0x000002772ec16ee0: 2848 8954 | 2420 4889 | 4c24 5048 | 85c9 0f84 | b021 0000 | 4d8b 8708 | 0100 004d | 8bd0 4983 
  0x000002772ec16f00: c210 4d3b | 9718 0100 | 000f 836d | 1c00 004d | 8997 0801 | 0000 410f | 0d8a c000 | 0000 49c7 
  0x000002772ec16f20: 0001 0000 

  0x000002772ec16f24: ;   {metadata('java/security/SecureClassLoader$CodeSourceKey')}
  0x000002772ec16f24: 0041 c740 | 0898 7f14 | 004c 8b54 | 2450 4d8b | ca49 c1e9 | 0345 8948 | 0c49 8b8f | 0801 0000 
  0x000002772ec16f44: 4c8b 5424 | 2041 8b6a | 504c 8bd1 | 4983 c218 | 4d3b 9718 | 0100 000f | 833b 1c00 | 004d 8997 
  0x000002772ec16f64: 0801 0000 | 410f 0d8a | c000 0000 | 48c7 0101 

  0x000002772ec16f74: ;   {metadata('java/security/SecureClassLoader$1')}
  0x000002772ec16f74: 0000 00c7 | 4108 a881 | 1400 4489 | 6114 4489 | 490c 4c8b | 5424 204d | 8bda 49c1 | eb03 4489 
  0x000002772ec16f94: 5910 458b 

  0x000002772ec16f98: ;   {metadata('java/util/concurrent/ConcurrentHashMap')}
  0x000002772ec16f98: 5cec 0841 | 81fb 48e4 | 0000 0f85 | 481f 0000 | 498d 14ec | 4c8b c990 

  0x000002772ec16fb0: ;   {optimized virtual_call}
  0x000002772ec16fb0: c5f8 77e8 

  0x000002772ec16fb4: ; ImmutableOopMap {[32]=Oop [40]=Oop [48]=Oop }
                      ;*invokeinterface computeIfAbsent {reexecute=0 rethrow=0 return_oop=1}
                      ; - java.security.SecureClassLoader::getProtectionDomain@29 (line 222)
                      ; - java.security.SecureClassLoader::defineClass@9 (line 150)
  0x000002772ec16fb4: 080f 0700 

  0x000002772ec16fb8: ; implicit exception: dispatches to 0x000002772ec199dc
  0x000002772ec16fb8: 448b 5008 

  0x000002772ec16fbc: ;   {metadata('java/security/ProtectionDomain')}
  0x000002772ec16fbc: 4181 fa90 | ec00 000f | 8563 2900 | 0048 8944 | 2448 4c8b | 7424 2845 | 8b56 14c4 | c179 6eca 
  0x000002772ec16fdc: ; implicit exception: dispatches to 0x000002772ec19a04
  0x000002772ec16fdc: 478b 44d4 | 0c45 85c0 | 0f86 1e1f | 0000 450f | be56 1045 | 85d2 0f85 | 0c20 0000 | c4c1 797e 
  0x000002772ec16ffc: c94f 8d1c | cc4f 8d6c | cc10 b82f | 0000 0049 | 8bfd 418b | d048 8bdf | 83fa 100f | 8c79 0000 
  0x000002772ec1701c: 0083 fa20 | 0f8c 3600 | 0000 c5f9 | 6ec0 c4e2 | 7d78 c0c5 | edef d28b | ca83 e1e0 | 83e2 1fc5 
  0x000002772ec1703c: fe6f 1bc5 | e574 d8c4 | e27d 17d3 | 0f83 6900 | 0000 4883 | c320 83e9 | 2075 e4e9 | 0d00 0000 
  0x000002772ec1705c: c5f9 6ec0 | c5e9 efd2 | c4e2 7900 | c283 fa10 | 0f8c 2400 | 0000 8bca | 83e1 f083 | e20f c5fa 
  0x000002772ec1707c: 6f1b c5e1 | 74d8 c4e2 | 7917 d30f | 832a 0000 | 0048 83c3 | 1083 e910 | 75e4 85d2 | 0f84 1200 
  0x000002772ec1709c: 0000 0fb6 | 0b3b c174 | 1c48 83c3 | 0183 ea01 | 7402 ebee | bbff ffff | ffeb 0dc5 | fdd7 cb0f 
  0x000002772ec170bc: bcc1 4803 | d848 2bdf | 83fb ff0f | 8553 1f00 | 0041 0fb6 | 6d00 83fd | 5b0f 84e1 | 1f00 0041 
  0x000002772ec170dc: 8be8 418b | cad3 fd44 | 8bd5 4183 | c2fb 4585 | d27c 5841 | 807d 006a | 7551 4183 | f804 0f86 
  0x000002772ec170fc: 1c1e 0000 | 458b d143 | 807c d411 | 6175 3c43 | 807c d412 | 7675 3443 | 807c d413 | 6175 2c43 
  0x000002772ec1711c: 807c d414 

  0x000002772ec17120: ;   {oop(a 'jdk/internal/loader/ClassLoaders$PlatformClassLoader'{0x00000007005c8cb0})}
  0x000002772ec17120: 2e75 2449 | bab0 8c5c | 0007 0000 | 004c 8b4c | 2420 4d3b | ca0f 8505 

  0x000002772ec17138: ;   {oop(a 'jdk/internal/loader/ClassLoaders$PlatformClassLoader'{0x00000007005c8cb0})}
  0x000002772ec17138: 2000 0048 | bbb0 8c5c | 0007 0000 | 00eb 0548 | 8b5c 2420 | 4c8b 5424 | 4845 8b4a | 1044 894c 
  0x000002772ec17158: 2428 8bcd | ffc9 458b | d041 ffca | 413b ca44 | 0f4c d145 | 85d2 7c25 | 453b d00f | 83c8 1c00 
  0x000002772ec17178: 0043 807c | 1310 2e74 | 1a49 8b8f | 5003 0000 | 41ff ca4d 

  0x000002772ec1718c: ; ImmutableOopMap {r11=Oop r9=Oop rbx=Oop r13=Derived_oop_r11 r14=Oop xmm1=NarrowOop [32]=Oop [40]=NarrowOop [48]=Oop [72]=Oop }
                      ;*goto {reexecute=1 rethrow=0 return_oop=0}
                      ; - (reexecute) java.lang.StringLatin1::lastIndexOf@35 (line 294)
                      ; - java.lang.String::lastIndexOf@13 (line 2489)
                      ; - java.lang.String::lastIndexOf@8 (line 2451)
                      ; - java.lang.ClassLoader::checkCerts@3 (line 1153)
                      ; - java.lang.ClassLoader::preDefineClass@113 (line 907)
                      ; - java.lang.ClassLoader::defineClass@4 (line 1015)
                      ; - java.security.SecureClassLoader::defineClass@12 (line 150)
                      ;   {poll}
  0x000002772ec1718c: 8bce 8501 | 4585 d27d | db41 baff | ffff ff41 | 83fa ff0f | 84b8 0c00 | 0045 85d2 | 0f8c 8a1e 
  0x000002772ec171ac: 0000 443b | d50f 8f39 | 1f00 0044 | 3bd5 7508 | 498b f6e9 | 6101 0000 | 4585 d20f | 84fa 1700 
  0x000002772ec171cc: 0049 8bb7 | 0801 0000 | 4c8b ce49 | 83c1 184d | 3b8f 1801 | 0000 0f83 | fd19 0000 | 4d89 8f08 
  0x000002772ec171ec: 0100 0041 | 0f0d 89c0 | 0000 0048 | c706 0100 

  0x000002772ec171fc: ;   {metadata('java/lang/String')}
  0x000002772ec171fc: 0000 c746 | 08f0 e900 | 0044 8966 | 0c4c 8966 | 1041 81fa | 0000 1000 | 0f87 1a1d | 0000 4d63 
  0x000002772ec1721c: ca45 3bc2 | 418b ea41 | 0f4c e844 | 3bc5 0f82 | 781d 0000 | 443b d50f | 826f 1d00 | 0049 83c1 
  0x000002772ec1723c: 174d 8bc1 | 4983 e0f8 | 4181 fa00 | 0010 000f | 8730 1a00 | 00c4 c1f9 | 6ec5 4d8b | af08 0100 
  0x000002772ec1725c: 0049 8bcd | 4903 c849 | 3b8f 1801 | 0000 0f83 | 0c1a 0000 | 4989 8f08 | 0100 000f | 0d89 c000 
  0x000002772ec1727c: 0000 49c7 | 4500 0100 | 0000 0f0d | 8900 0100 

  0x000002772ec1728c: ;   {metadata({type array byte})}
  0x000002772ec1728c: 0041 c745 | 0838 6700 | 0045 8955 | 0c0f 0d89 | 4001 0000 | 0f0d 8980 | 0100 0049 | 8bd5 4883 
  0x000002772ec172ac: c210 49c1 | e903 4d8b | dd49 c1eb | 0344 895c | 242c 85ed | 0f84 761c | 0000 413b | ea0f 8c1b 
  0x000002772ec172cc: 1000 0049 | 83c0 f049 | c1e8 03c4 | e1f9 7ec1 | c5f8 7749 | ba60 8607 | 2e77 0200 | 0041 ffd2 
  0x000002772ec172ec: 448b 5424 | 2c44 8956 | 144c 8bd6 | 4d8b dd4d | 33da 49c1 | eb15 4d85 | db74 1a49 | c1ea 0948 
  0x000002772ec1730c: b900 0006 | 3377 0200 | 0049 03ca | 8039 040f | 8561 1000 | 0044 8866 | 1044 8b5c | 2428 478b 
  0x000002772ec1732c: 4cdc 1445 | 85c9 0f85 | 340b 0000 | 478b 4cdc | 1045 85c9 | 0f85 dc0b 

  0x000002772ec17344: ;   {oop(""{0x00000007005cefb0})}
  0x000002772ec17344: 0000 49bb | b0ef 5c00 | 0700 0000 | 49b9 0000 | 0633 7702 | 0000 4533 

  0x000002772ec1735c: ;   {oop(a 'java/security/cert/Certificate'[0] {0x00000007005dfd00})}
  0x000002772ec1735c: c048 b900 | fd5d 0007 | 0000 0044 | 8b53 2c45 | 85d2 0f84 | 541b 0000 | 4889 4c24 | 6844 8944 
  0x000002772ec1737c: 2460 4c89 | 4c24 584c | 895c 2450 | 4889 5c24 | 404c 8974 | 2428 4b8d | 14d4 4c8b | c64c 8bc9 
  0x000002772ec1739c: bf01 0000 | 0049 8bee 

  0x000002772ec173a4: ;   {optimized virtual_call}
  0x000002772ec173a4: c5f8 77e8 

  0x000002772ec173a8: ; ImmutableOopMap {rbp=Oop [32]=Oop [40]=Oop [48]=Oop [64]=Oop [72]=Oop [80]=Oop [104]=Oop }
                      ;*invokevirtual putVal {reexecute=0 rethrow=0 return_oop=1}
                      ; - java.util.concurrent.ConcurrentHashMap::putIfAbsent@4 (line 1541)
                      ; - java.lang.ClassLoader::checkCerts@62 (line 1161)
                      ; - java.lang.ClassLoader::preDefineClass@113 (line 907)
                      ; - java.lang.ClassLoader::defineClass@4 (line 1015)
                      ; - java.security.SecureClassLoader::defineClass@12 (line 150)
  0x000002772ec173a8: 1451 b2ff | 4885 c074 | 3244 8b50 

  0x000002772ec173b4: ;   {metadata('java/security/cert/Certificate'[])}
  0x000002772ec173b4: 0841 81fa | 8054 1200 | 0f85 aa25 | 0000 4c8b | c04c 8b4c | 2468 418b | 590c 458b | 500c 85db 
  0x000002772ec173d4: 0f87 fc15 | 0000 4585 | d20f 87e9 | 1c00 004c | 8b5c 2448 | 458b 4310 

  0x000002772ec173ec: ; implicit exception: dispatches to 0x000002772ec19a98
  0x000002772ec173ec: 438b 6cc4 | 0c45 8b54 | ec38 4585 | d20f 84e1 | 1a00 0048 | ff74 2448 | 488f 4424 | 404b 8d14 
  0x000002772ec1740c: d44d 8d04 | ec66 6690 

  0x000002772ec17414: ;   {optimized virtual_call}
  0x000002772ec17414: c5f8 77e8 

  0x000002772ec17418: ; ImmutableOopMap {[32]=Oop [40]=Oop [48]=Oop [64]=Oop [72]=Oop [80]=Oop }
                      ;*invokevirtual toExternalForm {reexecute=0 rethrow=0 return_oop=1}
                      ; - java.net.URL::toExternalForm@5 (line 1039)
                      ; - java.net.URL::toString@1 (line 1025)
                      ; - java.lang.ClassLoader::defineClassSourceLocation@22 (line 917)
                      ; - java.lang.ClassLoader::defineClass@12 (line 1016)
                      ; - java.security.SecureClassLoader::defineClass@12 (line 150)
  0x000002772ec17418: 0497 b7ff | 488b 5424 | 204c 8b44 | 2428 4c8b | 4c24 308b | 7c24 388b | 7424 3c48 | 8b4c 2448 
  0x000002772ec17438: 4889 0424 

  0x000002772ec1743c: ;   {static_call}
  0x000002772ec1743c: c5f8 77e8 

  0x000002772ec17440: ; ImmutableOopMap {[32]=Oop [64]=Oop [72]=Oop [80]=Oop }
                      ;*invokestatic defineClass1 {reexecute=0 rethrow=0 return_oop=1}
                      ; - java.lang.ClassLoader::defineClass@27 (line 1017)
                      ; - java.security.SecureClassLoader::defineClass@12 (line 150)
  0x000002772ec17440: 7ce8 a1ff | 4889 4424 | 2844 8b50 | 3c45 85d2 | 0f85 bb02 | 0000 4c8b | 5010 458b | 5a08 4585 
  0x000002772ec17460: db0f 8cc5 | 1c00 0044 | 8b50 2c45 | 85d2 0f84 | a009 0000 | 4f8d 0cd4 | 458b 4114 

  0x000002772ec1747c: ; implicit exception: dispatches to 0x000002772ec19b1c
  0x000002772ec1747c: 478b 5cc4 | 0c41 0fbe | 4910 418b | dbd3 fb8b | f3ff ce85 | c90f 8554 | 1e00 004b | 8d2c c445 
  0x000002772ec1749c: 8bd3 41ff | ca41 3bf2 | 440f 4cd6 | 4585 d27c | 2566 6690 | 453b d30f | 83cf 1900 | 0042 807c 
  0x000002772ec174bc: 1510 2e74 | 1749 8b8f | 5003 0000 

  0x000002772ec174c8: ; ImmutableOopMap {r8=NarrowOop r9=Oop rbp=Oop [32]=Oop [40]=Oop [64]=Oop [80]=Oop }
                      ;*goto {reexecute=1 rethrow=0 return_oop=0}
                      ; - (reexecute) java.lang.StringLatin1::lastIndexOf@35 (line 294)
                      ; - java.lang.String::lastIndexOf@13 (line 2489)
                      ; - java.lang.String::lastIndexOf@8 (line 2451)
                      ; - java.lang.Class::getPackageName@47 (line 1083)
                      ; - java.lang.ClassLoader::postDefineClass@2 (line 924)
                      ; - java.lang.ClassLoader::defineClass@37 (line 1018)
                      ; - java.security.SecureClassLoader::defineClass@12 (line 150)
                      ;   {poll}
  0x000002772ec174c8: 41ff ca85 | 0145 85d2 | 7dde 41ba | ffff ffff | 4183 faff | 0f84 a301 | 0000 4585 | d20f 8c45 
  0x000002772ec174e8: 1e00 0044 | 3bd3 0f8f | 6c1e 0000 | 443b d375 | 0849 8bd9 | e973 0100 | 0045 85d2 | 0f84 cc16 
  0x000002772ec17508: 0000 498b | 9f08 0100 | 004c 8bcb | 4983 c118 | 4d3b 8f18 | 0100 000f | 837d 1800 | 004d 898f 
  0x000002772ec17528: 0801 0000 | 410f 0d89 | c000 0000 | 48c7 0301 

  0x000002772ec17538: ;   {metadata('java/lang/String')}
  0x000002772ec17538: 0000 00c7 | 4308 f0e9 | 0000 4489 | 630c 4c89 | 6310 4181 | fa00 0010 | 000f 8741 | 1c00 0049 
  0x000002772ec17558: 63ca 453b | da41 8bfa | 410f 4cfb | 897c 2464 | 443b df0f | 8298 1c00 | 0044 3bd7 | 0f82 8f1c 
  0x000002772ec17578: 0000 4883 | c117 488b | f948 83e7 | f841 81fa | 0000 1000 | 0f87 4918 | 0000 4d8b | af08 0100 
  0x000002772ec17598: 004d 8bdd | 4c03 df4d | 3b9f 1801 | 0000 0f83 | 2f18 0000 | 4d89 9f08 | 0100 0041 | 0f0d 8bc0 
  0x000002772ec175b8: 0000 0049 | c745 0001 | 0000 0041 | 0f0d 8b00 

  0x000002772ec175c8: ;   {metadata({type array byte})}
  0x000002772ec175c8: 0100 0041 | c745 0838 | 6700 0045 | 8955 0c41 | 0f0d 8b40 | 0100 0041 | 0f0d 8b80 | 0100 004d 
  0x000002772ec175e8: 8bcd 4983 | c110 48c1 | e903 498b | f548 c1ee | 0344 8b5c | 2464 4585 | db0f 8499 | 1b00 004f 
  0x000002772ec17608: 8d5c c410 | 8b6c 2464 | 413b ea0f | 8cc7 1200 | 0048 83c7 | f048 c1ef | 0349 8bcb | 498b d14c 
  0x000002772ec17628: 8bc7 c5f8 | 7749 ba60 | 8607 2e77 | 0200 0041 | ffd2 4180 | 7f38 0075 | 0089 7314 | 4d8b d54c 
  0x000002772ec17648: 8bdb 4d33 | d349 c1ea | 154d 85d2 | 741a 49c1 | eb09 48b9 | 0000 0633 | 7702 0000 | 4903 cb80 
  0x000002772ec17668: 3904 0f85 | 0613 0000 | 4488 6310 | 488b d390 

  0x000002772ec17678: ;   {optimized virtual_call}
  0x000002772ec17678: c5f8 77e8 

  0x000002772ec1767c: ; ImmutableOopMap {[32]=Oop [40]=Oop [64]=Oop }
                      ;*invokevirtual intern {reexecute=0 rethrow=0 return_oop=1}
                      ; - java.lang.Class::getPackageName@65 (line 1084)
                      ; - java.lang.ClassLoader::postDefineClass@2 (line 924)
                      ; - java.lang.ClassLoader::defineClass@37 (line 1018)
                      ; - java.security.SecureClassLoader::defineClass@12 (line 150)
  0x000002772ec1767c: c0e2 9dff | 4889 4424 | 5041 807f | 3800 0f85 | 0511 0000 | 488b 5c24 | 504c 8bd3 | 49c1 ea03 
  0x000002772ec1769c: 4c8b 5c24 | 2845 8953 | 3c4d 8bd3 | 4c8b db4d | 33da 49c1 | eb15 4d85 | db74 5e48 | 85db 7459 
  0x000002772ec176bc: 49c1 ea09 | 48b9 0000 | 0633 7702 | 0000 4903 | ca80 3904 | 7443 4d8b | 5750 4d8b | 5f40 f083 
  0x000002772ec176dc: 4424 c000 | 8039 0074 | 3044 8821 | 4d85 db75 | 1549 8bd7 | c5f8 7749 | ba80 8b88 | 90fd 7f00 
  0x000002772ec176fc: 0041 ffd2 | eb13 4b89 | 4c1a f849 | 83c3 f84d | 895f 40eb | 044b 8d1c | d44c 8b6c | 2420 458b 
  0x000002772ec1771c: 5538 438b | 4cd4 284c | 8bdb 448b | 4b0c 4c8b | 4424 2845 | 8b40 3045 | 85c9 0f84 | 7205 0000 
  0x000002772ec1773c: 85c9 0f84 | c400 0000 | 418b 6ccc | 0c45 8bd1 | 41c1 ea10 | 4533 d141 | 81e2 ffff | ff7f 85ed 
  0x000002772ec1775c: 0f86 1219 | 0000 4d8d | 0ccc ffcd | 4123 ea48 | 63cd 458b | 4c89 1045 | 85c9 0f84 | 8c00 0000 
  0x000002772ec1777c: 438b 5ccc | 0c41 3bda | 7460 85db | 0f8d 4a03 | 0000 438b 

  0x000002772ec17790: ;   {metadata('java/util/concurrent/ConcurrentHashMap$ForwardingNode')}
  0x000002772ec17790: 4ccc 0881 | f998 7e19 | 000f 8584 | 1500 0044 | 8944 2438 | 4c89 5c24 | 304c 896c | 2420 4b8d 
  0x000002772ec177b0: 14cc 458b | c24d 8bcb | 488b 6c24 | 2866 6690 

  0x000002772ec177c0: ;   {optimized virtual_call}
  0x000002772ec177c0: c5f8 77e8 

  0x000002772ec177c4: ; ImmutableOopMap {rbp=Oop [32]=Oop [40]=Oop [48]=Oop [56]=NarrowOop [64]=Oop }
                      ;*invokevirtual find {reexecute=0 rethrow=0 return_oop=1}
                      ; - java.util.concurrent.ConcurrentHashMap::get@93 (line 944)
                      ; - java.lang.ClassLoader::getNamedPackage@5 (line 340)
                      ; - java.lang.ClassLoader::postDefineClass@9 (line 924)
                      ; - java.lang.ClassLoader::defineClass@37 (line 1018)
                      ; - java.security.SecureClassLoader::defineClass@12 (line 150)
  0x000002772ec177c4: b89b 47ff | 4885 c00f | 8497 1300 | 008b 6814 | 85ed 0f84 | d816 0000 | 4c8b 6c24 | 20e9 5c04 
  0x000002772ec177e4: 0000 438b | 6ccc 1048 | 8bcd 48c1 | e103 493b | cb0f 85bd | 0100 0043 | 8b6c cc14 | 85ed 0f85 
  0x000002772ec17804: 3a04 0000 | 498b 8708 | 0100 004c | 8bd0 4983 | c218 4d3b | 9718 0100 | 000f 8341 | 1500 004d 
  0x000002772ec17824: 8997 0801 | 0000 410f | 0d8a c000 | 0000 48c7 | 0001 0000 

  0x000002772ec17838: ;   {metadata('java/lang/NamedPackage')}
  0x000002772ec17838: 00c7 4008 | 50f1 0100 | 4489 600c | 4c89 6010 | 458b 4b14 

  0x000002772ec1784c: ; implicit exception: dispatches to 0x000002772ec19b2c
  0x000002772ec1784c: 478b 54cc | 0c45 85d2 | 0f87 e205 | 0000 4585 | c00f 84d1 | 1900 0048 | 8944 2448 | 4c89 5c24 
  0x000002772ec1786c: 304c 896c | 2420 4b8d | 14c4 4489 | 4424 3849 | 8beb 6690 

  0x000002772ec17880: ;   {optimized virtual_call}
  0x000002772ec17880: c5f8 77e8 

  0x000002772ec17884: ; ImmutableOopMap {rbp=Oop [32]=Oop [40]=Oop [48]=Oop [56]=NarrowOop [64]=Oop [72]=Oop }
                      ;*invokevirtual isNamed {reexecute=0 rethrow=0 return_oop=0}
                      ; - java.lang.NamedPackage::<init>@12 (line 48)
                      ; - java.lang.ClassLoader::getNamedPackage@22 (line 342)
                      ; - java.lang.ClassLoader::postDefineClass@9 (line 924)
                      ; - java.lang.ClassLoader::defineClass@37 (line 1018)
                      ; - java.security.SecureClassLoader::defineClass@12 (line 150)
  0x000002772ec17884: 188c d7ff | 85c0 0f85 | b419 0000 | 448b 4424 | 3849 8be8 | 48c1 e503 | 4489 4424 | 3848 8b54 
  0x000002772ec178a4: 2430 6690 

  0x000002772ec178a8: ;   {optimized virtual_call}
  0x000002772ec178a8: c5f8 77e8 

  0x000002772ec178ac: ; ImmutableOopMap {rbp=Oop [32]=Oop [40]=Oop [48]=Oop [56]=NarrowOop [64]=Oop [72]=Oop }
                      ;*invokevirtual intern {reexecute=0 rethrow=0 return_oop=1}
                      ; - java.lang.NamedPackage::<init>@47 (line 51)
                      ; - java.lang.ClassLoader::getNamedPackage@22 (line 342)
                      ; - java.lang.ClassLoader::postDefineClass@9 (line 924)
                      ; - java.lang.ClassLoader::defineClass@37 (line 1018)
                      ; - java.security.SecureClassLoader::defineClass@12 (line 150)
  0x000002772ec178ac: 90e0 9dff | 488b d841 | 807f 3800 | 0f85 130f | 0000 488b | 7c24 484c | 8bd3 49c1 | ea03 4489 
  0x000002772ec178cc: 570c 4c8b | d74c 8bdb | 4d33 da49 | c1eb 154d | 85db 741f | 4885 db74 | 1a49 c1ea | 0948 b900 
  0x000002772ec178ec: 0006 3377 | 0200 0049 | 03ca 8039 | 040f 854f | 0f00 0041 | 807f 3800 | 0f85 030f | 0000 8b5c 
  0x000002772ec1790c: 2438 895f | 104c 8bd5 | 4c8b df4d | 33d3 49c1 | ea15 4d85 | d274 1e85 | db74 1a49 | c1eb 0948 
  0x000002772ec1792c: b900 0006 | 3377 0200 | 0049 03cb | 8039 040f | 8556 0f00 | 004c 8b5c | 2420 458b | 5338 4585 
  0x000002772ec1794c: d20f 8421 | 1800 0048 | 897c 2448 | 4b8d 14d4 | 4c8b 4424 | 304c 8bcf | bf01 0000 | 0066 6690 
  0x000002772ec1796c: ;   {optimized virtual_call}
  0x000002772ec1796c: c5f8 77e8 

  0x000002772ec17970: ; ImmutableOopMap {[32]=Oop [40]=Oop [56]=NarrowOop [64]=Oop [72]=Oop }
                      ;*invokevirtual putVal {reexecute=0 rethrow=0 return_oop=1}
                      ; - java.util.concurrent.ConcurrentHashMap::putIfAbsent@4 (line 1541)
                      ; - java.lang.ClassLoader::getNamedPackage@32 (line 344)
                      ; - java.lang.ClassLoader::postDefineClass@9 (line 924)
                      ; - java.lang.ClassLoader::defineClass@37 (line 1018)
                      ; - java.security.SecureClassLoader::defineClass@12 (line 150)
  0x000002772ec17970: 4c4b b2ff | 4885 c00f | 84c7 0e00 | 0044 8b50 | 0849 bb00 | 0000 4377 | 0200 004d | 03da 4d8b 
  0x000002772ec17990: ;   {metadata('java/lang/NamedPackage')}
  0x000002772ec17990: 5338 49bb | 50f1 0143 | 7702 0000 | 4d3b d30f | 85e3 1700 | 0048 8be8 | ba54 ffff | ff66 6690 
  0x000002772ec179b0: ;   {runtime_call UncommonTrapBlob}
  0x000002772ec179b0: c5f8 77e8 

  0x000002772ec179b4: ; ImmutableOopMap {rbp=Oop [32]=Oop [40]=Oop [56]=NarrowOop [64]=Oop [72]=Oop }
                      ;*ifnull {reexecute=1 rethrow=0 return_oop=0}
                      ; - (reexecute) java.lang.ClassLoader::getNamedPackage@42 (line 345)
                      ; - java.lang.ClassLoader::postDefineClass@9 (line 924)
                      ; - java.lang.ClassLoader::defineClass@37 (line 1018)
                      ; - java.security.SecureClassLoader::defineClass@12 (line 150)
  0x000002772ec179b4: 48ef 47ff 

  0x000002772ec179b8: ; implicit exception: dispatches to 0x000002772ec19b58
  0x000002772ec179b8: 418b 5cec | 0849 8d3c | ec4c 3bdf | 0f84 31fe 

  0x000002772ec179c8: ;   {metadata('java/lang/String')}
  0x000002772ec179c8: ffff 81fb | f0e9 0000 | 0f85 0201 | 0000 410f | be4b 100f | be6f 103b | cd0f 85ad | 1a00 008b 
  0x000002772ec179e8: 7f14 418b | 5b14 418b | 74fc 0c41 | 8b4c dc0c | 3bce 0f85 | d800 0000 | 498d 14fc | 498d 74fc 
  0x000002772ec17a08: 1049 8d3c | dc49 8d7c | dc10 85c9 | 0f84 a500 | 0000 8bc1 | 83e0 1f83 | e1e0 0f84 | 4b00 0000 
  0x000002772ec17a28: 488d 3c0f | 488d 340e | 48f7 d9c5 | fe6f 0c0f | c5fe 6f04 | 0ec5 f5ef | c8c4 e27d | 17c9 0f85 
  0x000002772ec17a48: 7a00 0000 | 4883 c120 | 75e1 85c0 | 0f84 6500 | 0000 c5fe | 6f4c 07e0 | c5fe 6f44 | 06e0 c5f5 
  0x000002772ec17a68: efc8 c4e2 | 7d17 c975 | 55eb 4c8b | c883 e1fc | 7419 488d | 3c0f 488d | 340e 48f7 | d98b 1c0f 
  0x000002772ec17a88: 3b1c 0e75 | 3948 83c1 | 0475 f2f7 | c002 0000 | 0074 120f | b71f 0fb7 | 0e3b d975 | 2148 8d7f 
  0x000002772ec17aa8: 0248 8d76 | 02f7 c001 | 0000 0074 | 0a0f b61f | 0fb6 0e3b | d975 07b8 | 0100 0000 | eb02 33c0 
  0x000002772ec17ac8: c5f5 efc9 | c5fd efc0 | 85c0 0f85 | 23fd ffff | 438b 4ccc | 1885 c90f | 8423 fdff | ff4d 8d0c 
  0x000002772ec17ae8: cc41 8b59 | 0c49 8b97 | 5003 0000 

  0x000002772ec17af4: ; ImmutableOopMap {r11=Oop r8=NarrowOop r9=Oop rcx=Oop r13=Oop [40]=Oop [64]=Oop }
                      ;*if_icmpne {reexecute=1 rethrow=0 return_oop=0}
                      ; - (reexecute) java.util.concurrent.ConcurrentHashMap::get@127 (line 946)
                      ; - java.lang.ClassLoader::getNamedPackage@5 (line 340)
                      ; - java.lang.ClassLoader::postDefineClass@9 (line 924)
                      ; - java.lang.ClassLoader::defineClass@37 (line 1018)
                      ; - java.security.SecureClassLoader::defineClass@12 (line 150)
                      ;   {poll}
  0x000002772ec17af4: 498b cd85 | 0241 3bda | 0f85 fd02 | 0000 418b | 6910 488b | cd48 c1e1 | 0349 3bcb | 0f84 2001 
  0x000002772ec17b14: 0000 418b | 4cec 0849 | 8d1c ec4c | 3bdb 0f84 | 0e01 0000 

  0x000002772ec17b28: ;   {metadata('java/lang/String')}
  0x000002772ec17b28: 81f9 f0e9 | 0000 0f85 | 2a19 0000 | 410f be4b | 100f be6b | 103b cd0f | 8536 1a00 | 008b 7b14 
  0x000002772ec17b48: 418b 4314 | 418b 54fc | 0c41 8b4c | c40c 3bca | 0f85 0019 | 0000 498d | 1cfc 498d | 74fc 1049 
  0x000002772ec17b68: 8d1c c449 | 8d7c c410 | 85c9 0f84 | a500 0000 | 8bc1 83e0 | 1f83 e1e0 | 0f84 4b00 | 0000 488d 
  0x000002772ec17b88: 3c0f 488d | 340e 48f7 | d9c5 fe6f | 040f c5fe | 6f0c 0ec5 | fdef c1c4 | e27d 17c0 | 0f85 7a00 
  0x000002772ec17ba8: 0000 4883 | c120 75e1 | 85c0 0f84 | 6500 0000 | c5fe 6f44 | 07e0 c5fe | 6f4c 06e0 | c5fd efc1 
  0x000002772ec17bc8: c4e2 7d17 | c075 55eb | 4c8b c883 | e1fc 7419 | 488d 3c0f | 488d 340e | 48f7 d98b | 1c0f 3b1c 
  0x000002772ec17be8: 0e75 3948 | 83c1 0475 | f2f7 c002 | 0000 0074 | 120f b71f | 0fb7 0e3b | d975 2148 | 8d7f 0248 
  0x000002772ec17c08: 8d76 02f7 | c001 0000 | 0074 0a0f | b61f 0fb6 | 0e3b d975 | 07b8 0100 | 0000 eb02 | 33c0 c5fd 
  0x000002772ec17c28: efc0 c5f5 | efc9 85c0 | 0f84 2818 | 0000 418b | 6914 85ed | 0f84 c6fb | ffff 458b | 54ec 0849 
  0x000002772ec17c48: bb00 0000 | 4377 0200 | 004d 03da | 4d8b 5338 

  0x000002772ec17c58: ;   {metadata('java/lang/NamedPackage')}
  0x000002772ec17c58: 49bb 50f1 | 0143 7702 | 0000 4d3b | d30f 8589 | 1300 004c | 8b54 2440 | 458b 5a10 

  0x000002772ec17c74: ; implicit exception: dispatches to 0x000002772ec19b3c
  0x000002772ec17c74: 478b 4cdc | 1445 85c9 | 0f85 4907 | 0000 478b | 44dc 1045 | 85c0 0f85 | df07 0000 | 488b 4424 
  0x000002772ec17c94: 28c5 f877 | 4881 c4c0 | 0000 005d 

  0x000002772ec17ca0: ;   {poll_return}
  0x000002772ec17ca0: 493b a748 | 0300 000f | 8783 2000 | 00c3 440f | b64b 1145 | 85c9 0f85 | 030d 0000 | 440f be4b 
  0x000002772ec17cc0: 1045 85c9 | 0f85 f218 | 0000 8b73 | 1441 8b6c | f40c 85ed | 0f86 7601 | 0000 8bdd | ffcb 3bdd 
  0x000002772ec17ce0: 0f83 ee17 | 0000 410f | b654 f410 | 448b cd41 | 83c1 fd48 | c1e6 0341 | 83f9 010f | 8e07 1800 
  0x000002772ec17d00: 008b dac1 | e305 2bda | 4b8d 04d4 | 41be a00f | 0000 bf01 | 0000 00eb | 0ec4 c1f9 | 7ec3 c5f9 
  0x000002772ec17d20: 7ed1 c4c1 | 797e c844 | 8bd5 442b | d741 83c2 | fd44 3bcf | 440f 4c54 | 2460 4181 | faa0 0f00 
  0x000002772ec17d40: 0045 0f47 | d644 03d7 | c4c1 f96e | c3c5 f96e | d1c4 c179 | 6ec8 6666 | 0f1f 8400 | 0000 0000 
  0x000002772ec17d60: 4c63 df42 | 0fb6 541e | 1046 0fb6 | 441e 1342 | 0fb6 4c1e | 1146 0fb6 | 5c1e 1203 | da8b d3c1 
  0x000002772ec17d80: e205 2bd3 | 03d1 8bda | c1e3 052b | da41 03db | 8bd3 c1e2 | 052b d341 | 03d0 8bda | c1e3 052b 
  0x000002772ec17da0: da83 c704 | 413b fa7c | b74d 8b97 

  0x000002772ec17dac: ; ImmutableOopMap {rsi=Oop rax=Oop r13=Oop xmm0=Oop xmm1=NarrowOop xmm2=NarrowOop [40]=Oop [64]=Oop }
                      ;*goto {reexecute=1 rethrow=0 return_oop=0}
                      ; - (reexecute) java.lang.StringLatin1::hashCode@37 (line 196)
                      ; - java.lang.String::hashCode@27 (line 2344)
                      ; - java.util.concurrent.ConcurrentHashMap::get@1 (line 936)
                      ; - java.lang.ClassLoader::getNamedPackage@5 (line 340)
                      ; - java.lang.ClassLoader::postDefineClass@9 (line 924)
                      ; - java.lang.ClassLoader::defineClass@37 (line 1018)
                      ; - java.security.SecureClassLoader::defineClass@12 (line 150)
  0x000002772ec17dac: 5003 0000 

  0x000002772ec17db0: ;   {poll}
  0x000002772ec17db0: 4185 0241 | 3bf9 0f8c | 5dff ffff | c4c1 f97e | c3c5 f97e | d1c4 c179 | 7ec8 3bfd | 7d2c 440f 
  0x000002772ec17dd0: b654 3e10 | 448b ca41 | c1e1 0544 | 2bca 4503 | caff c73b | fd7d 0541 | 8bd1 ebe2 | 4585 c974 
  0x000002772ec17df0: 5f45 894b | 0ce9 42f9 | ffff 448b | caeb ed41 | 8b49 1885 | c90f 84fd | f9ff ff4d | 8d0c cce9 
  0x000002772ec17e10: d5fc ffff | 488b d090 

  0x000002772ec17e18: ;   {optimized virtual_call}
  0x000002772ec17e18: c5f8 77e8 

  0x000002772ec17e1c: ; ImmutableOopMap {[32]=Oop [40]=Oop [64]=Oop [72]=Oop [80]=Oop }
                      ;*invokevirtual initClassName {reexecute=0 rethrow=0 return_oop=1}
                      ; - java.lang.Class::getName@14 (line 863)
                      ; - java.lang.Class::getPackageName@40 (line 1082)
                      ; - java.lang.ClassLoader::postDefineClass@2 (line 924)
                      ; - java.lang.ClassLoader::defineClass@37 (line 1018)
                      ; - java.security.SecureClassLoader::defineClass@12 (line 150)
  0x000002772ec17e1c: 2042 a1ff | 4c8b c848 | 85c0 0f85 | 4cf6 ffff | baf6 ffff | ff66 6690 

  0x000002772ec17e34: ;   {runtime_call UncommonTrapBlob}
  0x000002772ec17e34: c5f8 77e8 

  0x000002772ec17e38: ; ImmutableOopMap {}
                      ;*invokevirtual lastIndexOf {reexecute=0 rethrow=0 return_oop=0}
                      ; - java.lang.Class::getPackageName@47 (line 1083)
                      ; - java.lang.ClassLoader::postDefineClass@2 (line 924)
                      ; - java.lang.ClassLoader::defineClass@37 (line 1018)
                      ; - java.security.SecureClassLoader::defineClass@12 (line 150)
  0x000002772ec17e38: c4ea 47ff | 4c89 6c24 | 204c 895c | 2430 4889 | 4424 48e9 | 45fa ffff | 41c6 4311 | 0145 33c9 
  0x000002772ec17e58: e9df f8ff 

  0x000002772ec17e5c: ;   {oop(""{0x00000007005cefb0})}
  0x000002772ec17e5c: ff48 beb0 | ef5c 0007 | 0000 00e9 | b9f4 ffff | 478b 5ccc | 0c47 8b54 | cc08 4b8d | 2ccc 4d63 
  0x000002772ec17e7c: c349 c1e0 | 0249 83c0 | 1749 83e0 | f841 81fb | 0000 0400 | 0f87 7c16 | 0000 498b | bf08 0100 
  0x000002772ec17e9c: 0048 8bcf | 4903 c849 | 3b8f 1801 | 0000 0f83 | 6216 0000 | 4989 8f08 | 0100 000f | 0d89 c000 
  0x000002772ec17ebc: 0000 48c7 | 0701 0000 | 0044 8957 | 0844 895f | 0c0f 0d89 | 0001 0000 | 0f0d 8940 | 0100 000f 
  0x000002772ec17edc: 0d89 8001 | 0000 4b8d | 4ccc 1048 | 8bd7 4883 | c210 4983 | c0f0 49c1 | e803 c5f8 | 7749 ba60 
  0x000002772ec17efc: 8607 2e77 | 0200 0041 

  0x000002772ec17f04: ;   {oop(""{0x00000007005cefb0})}
  0x000002772ec17f04: ffd2 49bb | b0ef 5c00 | 0700 0000 | 49b9 0000 | 0633 7702 | 0000 4533 | c0e9 c003 | 0000 498b 
  0x000002772ec17f24: 8708 0100 | 004c 8bd0 | 4983 c218 | 4b8d 14dc | 4d3b 9718 | 0100 000f | 83f2 1600 | 004d 8997 
  0x000002772ec17f44: 0801 0000 | 410f 0d8a | c000 0000 | 48c7 0001 

  0x000002772ec17f54: ;   {metadata('java/util/ArrayList')}
  0x000002772ec17f54: 0000 00c7 | 4008 20df | 0000 4489 | 600c 4489 

  0x000002772ec17f64: ;   {oop(a 'java/lang/Object'[0] {0x000000070063c610})}
  0x000002772ec17f64: 6010 c740 | 14c2 780c | e04c 8be8 | 478b 54cc | 0c45 85d2 

  0x000002772ec17f78: ;   {oop(""{0x00000007005cefb0})}
  0x000002772ec17f78: 761b 49b8 | b0ef 5c00 | 0700 0000 | 48bf 0000 | 0633 7702 | 0000 33ed | 4533 dbeb | 5745 33c0 
  0x000002772ec17f98: ;   {oop(""{0x00000007005cefb0})}
  0x000002772ec17f98: 49bb b0ef | 5c00 0700 | 0000 49b9 | 0000 0633 | 7702 0000 | 33ed e9fe | 0000 0066 | 0f1f 8400 
  0x000002772ec17fb8: 0000 0000 | 6666 6690 | 4889 6c24 | 204c 8b74 | 2440 488b | 5c24 504c | 8b44 2458 | 488b 7c24 
  0x000002772ec17fd8: 6048 8b74 | 2468 8b6c | 242c 488b | 5424 704c | 8b6c 2478 

  0x000002772ec17fec: ; implicit exception: dispatches to 0x000002772ec19bc8
  0x000002772ec17fec: 478b 54cc | 0c45 3bda | 0f83 2e18 | 0000 4f8d | 14cc 438b | 4c9a 1041 | 8b4c cc10 

  0x000002772ec18008: ; implicit exception: dispatches to 0x000002772ec19be8
  0x000002772ec18008: 418b 4ccc | 1044 899c | 2480 0000 | 004c 896c | 2478 4889 | 5424 7089 | 6c24 2c48 | 8974 2468 
  0x000002772ec18028: 4889 7c24 | 604c 8944 | 2458 4889 | 5c24 504c | 8974 2440 | 488b 6c24 | 204c 8bc1 | 49c1 e003 
  0x000002772ec18048: 498b d590 

  0x000002772ec1804c: ;   {optimized virtual_call}
  0x000002772ec1804c: c5f8 77e8 

  0x000002772ec18050: ; ImmutableOopMap {rbp=Oop [40]=NarrowOop [48]=Oop [64]=Oop [72]=Oop [80]=Oop [88]=Oop [104]=Oop [112]=Oop [120]=Oop }
                      ;*invokevirtual addAll {reexecute=0 rethrow=0 return_oop=0}
                      ; - java.security.CodeSource::getCertificates@57 (line 210)
                      ; - java.lang.ClassLoader::checkCerts@34 (line 1158)
                      ; - java.lang.ClassLoader::preDefineClass@113 (line 907)
                      ; - java.lang.ClassLoader::defineClass@4 (line 1015)
                      ; - java.security.SecureClassLoader::defineClass@12 (line 150)
  0x000002772ec18050: 2c93 47ff | 4d8b 9750 | 0300 0044 | 8b5c 2428 | 478b 4cdc | 1044 8b9c | 2480 0000 

  0x000002772ec1806c: ; ImmutableOopMap {r9=NarrowOop rbp=Oop [40]=NarrowOop [48]=Oop [64]=Oop [72]=Oop [80]=Oop [88]=Oop [104]=Oop [112]=Oop [120]=Oop }
                      ;*goto {reexecute=1 rethrow=0 return_oop=0}
                      ; - (reexecute) java.security.CodeSource::getCertificates@64 (line 209)
                      ; - java.lang.ClassLoader::checkCerts@34 (line 1158)
                      ; - java.lang.ClassLoader::preDefineClass@113 (line 907)
                      ; - java.lang.ClassLoader::defineClass@4 (line 1015)
                      ; - java.security.SecureClassLoader::defineClass@12 (line 150)
  0x000002772ec1806c: 0041 ffc3 

  0x000002772ec18070: ;   {poll}
  0x000002772ec18070: 4185 0247 | 8b44 cc0c | 453b d80f | 8c3f ffff | ff4c 8b6c | 2478 458b | 4510 4889 | 6c24 204c 
  0x000002772ec18090: 8b74 2440 | 488b 5c24 | 504c 8b5c | 2458 4c8b | 4c24 6048 | 8b74 2468 | 8b6c 242c | 488b 5424 
  0x000002772ec180b0: 7041 81f8 | 0000 0400 | 0f87 e217 | 0000 4963 | c841 81f8 | 0000 0400 | 0f87 dd15 | 0000 4d8b 
  0x000002772ec180d0: 9708 0100 | 0048 c1e1 | 0248 83c1 | 1748 8bf9 | 4883 e7f8 | 498b c248 | 03c7 493b | 8718 0100 
  0x000002772ec180f0: 000f 83b4 | 1500 0049 | 8987 0801 | 0000 0f0d | 88c0 0000 | 0049 c702 | 0100 0000 | 0f0d 8800 
  0x000002772ec18110: ;   {metadata('java/security/cert/Certificate'[])}
  0x000002772ec18110: 0100 0041 | c742 0880 | 5412 0045 | 8942 0c0f | 0d88 4001 | 0000 498b | fa48 83c7 | 100f 0d88 
  0x000002772ec18130: 8001 0000 | 48c1 e903 | 4883 c1fe | 4833 c048 | 83f9 087f | 1048 ffc9 | 784f 4889 | 04cf 48ff 
  0x000002772ec18150: c97d f7eb | 44c5 fdef | c0e9 0d00 | 0000 c5fe | 7f07 c5fe | 7f47 2048 | 83c7 4048 | 83e9 087d 
  0x000002772ec18170: ed48 83c1 | 047c 0cc5 | fe7f 0748 | 83c7 2048 | 83e9 0448 | 83c1 047e | 1048 ffc9 | c5f9 d607 
  0x000002772ec18190: 4883 c708 | 48ff c97d | f34c 8974 | 2440 4889 | 5c24 504c | 895c 2458 | 4c89 4c24 | 6048 8974 
  0x000002772ec181b0: 2468 4889 | 5424 704c | 896c 2478 | 4d8b c248 | 8b54 2478 

  0x000002772ec181c4: ;   {optimized virtual_call}
  0x000002772ec181c4: c5f8 77e8 

  0x000002772ec181c8: ; ImmutableOopMap {[32]=Oop [40]=NarrowOop [48]=Oop [64]=Oop [72]=Oop [80]=Oop [88]=Oop [104]=Oop [112]=Oop }
                      ;*invokevirtual toArray {reexecute=0 rethrow=0 return_oop=1}
                      ; - java.security.CodeSource::getCertificates@76 (line 213)
                      ; - java.lang.ClassLoader::checkCerts@34 (line 1158)
                      ; - java.lang.ClassLoader::preDefineClass@113 (line 907)
                      ; - java.lang.ClassLoader::defineClass@4 (line 1015)
                      ; - java.security.SecureClassLoader::defineClass@12 (line 150)
  0x000002772ec181c8: b491 47ff | 488b d844 

  0x000002772ec181d0: ;   {metadata('java/security/cert/Certificate'[])}
  0x000002772ec181d0: 8b50 0841 | 81fa 8054 | 1200 0f85 | a417 0000 | 4180 7f38 | 000f 856d | 1000 008b | 7c24 284c 
  0x000002772ec181f0: 8b54 2470 | 4d8b da4c | 8bd3 49c1 | ea03 4589 | 54fc 144c | 8bd3 4d33 | d349 c1ea | 154d 85d2 
  0x000002772ec18210: 741a 49c1 | eb09 48b9 | 0000 0633 | 7702 0000 | 4903 cb80 | 3904 0f85 | 6810 0000 | 448b 5b0c 
  0x000002772ec18230: 448b 5308 | 4d63 c349 | c1e0 0249 | 83c0 1749 | 83e0 f841 | 81fb 0000 | 0400 0f87 | 9814 0000 
  0x000002772ec18250: 498b bf08 | 0100 004c | 8bcf 4d03 | c84d 3b8f | 1801 0000 | 0f83 7e14 | 0000 4d89 | 8f08 0100 
  0x000002772ec18270: 0041 0f0d | 89c0 0000 | 0048 c707 | 0100 0000 | 4489 5708 | 4489 5f0c | 410f 0d89 | 0001 0000 
  0x000002772ec18290: 410f 0d89 | 4001 0000 | 410f 0d89 | 8001 0000 | 488b cb48 | 83c1 1048 | 8bd7 4883 | c210 4983 
  0x000002772ec182b0: c0f0 49c1 | e803 c5f8 | 7749 ba60 | 8607 2e77 | 0200 0041 | ffd2 4c8b | 7424 4048 | 8b5c 2450 
  0x000002772ec182d0: 4c8b 5c24 | 584c 8b4c | 2460 488b | 7424 6844 | 8bc5 488b | cfe9 7df0 | ffff 4c63 | c54d 8bd0 
  0x000002772ec182f0: 4983 c210 | 4d8b da49 | 83e3 f849 | 8bfd 4903 | fb49 c1ea | 034d 2bca | 498b c948 | 33c0 4883 
  0x000002772ec18310: f908 7f10 | 48ff c978 | 4f48 8904 | cf48 ffc9 | 7df7 eb44 | c5f5 efc9 | e90d 0000 | 00c5 fe7f 
  0x000002772ec18330: 0fc5 fe7f | 4f20 4883 | c740 4883 | e908 7ded | 4883 c104 | 7c0c c5fe | 7f0f 4883 | c720 4883 
  0x000002772ec18350: e904 4883 | c104 7e10 | 48ff c9c5 | f9d6 0f48 | 83c7 0848 | ffc9 7df3 | c4e1 f97e | c1c5 f877 
  0x000002772ec18370: 49ba 607f | 072e 7702 | 0000 41ff | d2e9 6aef | ffff 4d8b | 5740 4d8b | 5f50 f083 | 4424 c000 
  0x000002772ec18390: 8039 000f | 8488 efff | ff44 8821 | 4d85 d275 | 1849 8bd7 | c5f8 7749 | ba80 8b88 | 90fd 7f00 
  0x000002772ec183b0: 0041 ffd2 | e968 efff | ff4b 894c | 13f8 4983 | c2f8 4d89 | 5740 e956 | efff ff43 | 8b5c cc0c 
  0x000002772ec183d0: 478b 54cc | 084b 8d2c | cc4c 63c3 | 49c1 e002 | 4983 c017 | 4983 e0f8 | 81fb 0000 | 0400 0f87 
  0x000002772ec183f0: 0812 0000 | 498b 8708 | 0100 004c | 8bd8 4d03 | d84d 3b9f | 1801 0000 | 0f83 ee11 | 0000 4d89 
  0x000002772ec18410: 9f08 0100 | 0041 0f0d | 8bc0 0000 | 0048 c700 | 0100 0000 | 4489 5008 | 8958 0c41 | 0f0d 8b00 
  0x000002772ec18430: 0100 0041 | 0f0d 8b40 | 0100 0041 | 0f0d 8b80 | 0100 0048 | 8bd8 4b8d | 4ccc 1048 | 8bd3 4883 
  0x000002772ec18450: c210 4983 | c0f0 49c1 | e803 c5f8 | 7749 ba60 | 8607 2e77 | 0200 0041 | ffd2 e90d | 0300 0049 
  0x000002772ec18470: 8b87 0801 | 0000 4c8b | d049 83c2 | 184b 8d14 | dc4d 3b97 | 1801 0000 | 0f83 9012 | 0000 4d89 
  0x000002772ec18490: 9708 0100 | 0041 0f0d | 8ac0 0000 | 0048 c700 | 0100 0000 

  0x000002772ec184a4: ;   {metadata('java/util/ArrayList')}
  0x000002772ec184a4: c740 0820 | df00 0044 | 8960 0c44 | 8960 1047 | 8b4c c40c 

  0x000002772ec184b8: ;   {oop(a 'java/lang/Object'[0] {0x000000070063c610})}
  0x000002772ec184b8: c740 14c2 | 780c e048 | 8bd8 4585 | c977 1c44 | 8b44 2460 | e999 0000 | 004c 8bed | 4489 5424 
  0x000002772ec184d8: 6048 8b54 | 2430 488b | 5c24 3847 | 8b4c c40c | 448b 5424 | 6045 3bd1 | 0f83 8213 | 0000 49c1 
  0x000002772ec184f8: e003 478b | 4c90 1047 | 8b44 cc10 

  0x000002772ec18504: ; implicit exception: dispatches to 0x000002772ec19c28
  0x000002772ec18504: 478b 4cc4 | 1048 895c | 2438 4889 | 5424 3044 | 895c 2424 | 498b ed4d | 8bc1 49c1 | e003 488b 
  0x000002772ec18524: d366 6690 

  0x000002772ec18528: ;   {optimized virtual_call}
  0x000002772ec18528: c5f8 77e8 

  0x000002772ec1852c: ; ImmutableOopMap {rbp=Oop [36]=NarrowOop [40]=Oop [48]=Oop [56]=Oop }
                      ;*invokevirtual addAll {reexecute=0 rethrow=0 return_oop=0}
                      ; - java.security.CodeSource::getCertificates@57 (line 210)
                      ; - java.lang.ClassLoader::postDefineClass@24 (line 927)
                      ; - java.lang.ClassLoader::defineClass@37 (line 1018)
                      ; - java.security.SecureClassLoader::defineClass@12 (line 150)
  0x000002772ec1852c: 508e 47ff | 498b 8f50 | 0300 0044 | 8b5c 2424 | 478b 44dc | 1044 8b54 | 2460 41ff 

  0x000002772ec18548: ; ImmutableOopMap {r11=NarrowOop r8=NarrowOop rbp=Oop [40]=Oop [48]=Oop [56]=Oop }
                      ;*goto {reexecute=1 rethrow=0 return_oop=0}
                      ; - (reexecute) java.security.CodeSource::getCertificates@64 (line 209)
                      ; - java.lang.ClassLoader::postDefineClass@24 (line 927)
                      ; - java.lang.ClassLoader::defineClass@37 (line 1018)
                      ; - java.security.SecureClassLoader::defineClass@12 (line 150)
                      ;   {poll}
  0x000002772ec18548: c285 0143 | 8b4c c40c | 443b d10f | 8c78 ffff | ff48 8b5c | 2438 448b | 4310 4c8b | ed48 8b54 
  0x000002772ec18568: 2430 4181 | f800 0004 | 000f 8731 | 1300 0049 | 63c8 4181 | f800 0004 | 000f 87dc | 1100 004d 
  0x000002772ec18588: 8b97 0801 | 0000 48c1 | e102 4883 | c117 4c8b | c949 83e1 | f849 8bf2 | 4903 f149 | 3bb7 1801 
  0x000002772ec185a8: 0000 0f83 | b311 0000 | 4989 b708 | 0100 000f | 0d8e c000 | 0000 49c7 | 0201 0000 | 000f 0d8e 
  0x000002772ec185c8: 0001 0000 

  0x000002772ec185cc: ;   {metadata('java/security/cert/Certificate'[])}
  0x000002772ec185cc: 41c7 4208 | 8054 1200 | 4589 420c | 0f0d 8e40 | 0100 0049 | 8bfa 4883 | c710 0f0d | 8e80 0100 
  0x000002772ec185ec: 0048 c1e9 | 0348 83c1 | fe48 33c0 | 4883 f908 | 7f10 48ff | c978 4f48 | 8904 cf48 | ffc9 7df7 
  0x000002772ec1860c: eb44 c5fd | efc0 e90d | 0000 00c5 | fe7f 07c5 | fe7f 4720 | 4883 c740 | 4883 e908 | 7ded 4883 
  0x000002772ec1862c: c104 7c0c | c5fe 7f07 | 4883 c720 | 4883 e904 | 4883 c104 | 7e10 48ff | c9c5 f9d6 | 0748 83c7 
  0x000002772ec1864c: 0848 ffc9 | 7df3 4c89 | 6c24 2041 | 8beb 4889 | 5424 3048 | 895c 2438 | 4d8b c248 | 8b54 2438 
  0x000002772ec1866c: ;   {optimized virtual_call}
  0x000002772ec1866c: c5f8 77e8 

  0x000002772ec18670: ; ImmutableOopMap {rbp=NarrowOop [32]=Oop [40]=Oop [48]=Oop }
                      ;*invokevirtual toArray {reexecute=0 rethrow=0 return_oop=1}
                      ; - java.security.CodeSource::getCertificates@76 (line 213)
                      ; - java.lang.ClassLoader::postDefineClass@24 (line 927)
                      ; - java.lang.ClassLoader::defineClass@37 (line 1018)
                      ; - java.security.SecureClassLoader::defineClass@12 (line 150)
  0x000002772ec18670: 0c8d 47ff | 488b d844 

  0x000002772ec18678: ;   {metadata('java/security/cert/Certificate'[])}
  0x000002772ec18678: 8b58 0841 | 81fb 8054 | 1200 0f85 | 2813 0000 | 4180 7f38 | 000f 8501 | 0d00 008b | fd4c 8bd3 
  0x000002772ec18698: 4c89 5424 | 384c 8b54 | 2430 4c8b | 5c24 384d | 8bc3 49c1 | e803 4589 | 44fc 144d | 33da 49c1 
  0x000002772ec186b8: eb15 4d85 | db74 1649 | c1ea 094c | 8b44 2458 | 4d03 c241 | 8038 040f | 85f9 0c00 | 004c 8b54 
  0x000002772ec186d8: 2438 458b | 5a0c 458b | 5208 4963 | eb48 c1e5 | 0248 83c5 | 1748 83e5 | f841 81fb | 0000 0400 
  0x000002772ec186f8: 0f87 9210 | 0000 498b | 8708 0100 | 004c 8bc0 | 4c03 c54d | 3b87 1801 | 0000 0f83 | 7810 0000 
  0x000002772ec18718: 4d89 8708 | 0100 0041 | 0f0d 88c0 | 0000 0048 | c700 0100 | 0000 4489 | 5008 4489 | 580c 410f 
  0x000002772ec18738: 0d88 0001 | 0000 410f | 0d88 4001 | 0000 410f | 0d88 8001 | 0000 488b | d848 8b4c | 2438 4883 
  0x000002772ec18758: c110 488b | d348 83c2 | 1048 83c5 | f048 c1ed | 034c 8bc5 | c5f8 7749 | ba60 8607 | 2e77 0200 
  0x000002772ec18778: 0041 ffd2 | 488b 5424 | 284c 8bc3 | 488b ea90 

  0x000002772ec18788: ;   {optimized virtual_call}
  0x000002772ec18788: c5f8 77e8 

  0x000002772ec1878c: ; ImmutableOopMap {rbp=Oop [40]=Oop }
                      ;*invokevirtual setSigners {reexecute=0 rethrow=0 return_oop=0}
                      ; - java.lang.ClassLoader::setSigners@2 (line 1308)
                      ; - java.lang.ClassLoader::postDefineClass@35 (line 929)
                      ; - java.lang.ClassLoader::defineClass@37 (line 1018)
                      ; - java.security.SecureClassLoader::defineClass@12 (line 150)
  0x000002772ec1878c: f08b 47ff | e9fb f4ff | ff4c 8b54 | 2428 458b | 5a3c 4585 | db0f 84e9 | eeff ff4d | 8b57 2049 
  0x000002772ec187ac: 8bcb 48c1 | e103 4d85 | d20f 845d | 0b00 004d | 8b5f 304b | 894c 13f8 | 4983 c2f8 | 4d89 5720 
  0x000002772ec187cc: e9bf eeff | ff48 8b7c | 2448 448b | 5f0c 4585 | db0f 84e0 | f0ff ff4d | 8b57 2049 | 8bcb 48c1 
  0x000002772ec187ec: e103 4d85 | d20f 844f | 0c00 004d | 8b5f 304b | 894c 13f8 | 4983 c2f8 | 4d89 5720 | e9b6 f0ff 
  0x000002772ec1880c: ff44 8b57 | 1045 85d2 | 0f84 f0f0 | ffff 4d8b | 5f20 498b | ca48 c1e1 | 034d 85db | 0f84 000c 
  0x000002772ec1882c: 0000 4d8b | 5730 4b89 | 4c1a f849 | 83c3 f84d | 895f 20e9 | c6f0 ffff | 4c8b 6c24 | 20e9 1df4 
  0x000002772ec1884c: ffff 4d8b | 5750 4d8b | 5f40 f083 | 4424 c000 | 8039 000f | 849a f0ff | ff44 8821 | 4d85 db75 
  0x000002772ec1886c: 1849 8bd7 | c5f8 7749 | ba80 8b88 | 90fd 7f00 | 0041 ffd2 | e97a f0ff | ff4b 894c | 1af8 4983 
  0x000002772ec1888c: c3f8 4d89 | 5f40 e968 | f0ff ff4d | 8b57 404d | 8b5f 50f0 | 8344 24c0 | 0080 3900 | 0f84 93f0 
  0x000002772ec188ac: ffff 4488 | 214d 85d2 | 7518 498b | d7c5 f877 | 49ba 808b | 8890 fd7f | 0000 41ff | d2e9 73f0 
  0x000002772ec188cc: ffff 4b89 | 4c13 f849 | 83c2 f84d | 8957 40e9 | 61f0 ffff | 4c63 c54d | 8bd0 4983 | c210 498b 
  0x000002772ec188ec: d248 83e2 | f849 8bfd | 4803 fa49 | c1ea 0349 | 2bca 4833 | c048 83f9 | 087f 1048 | ffc9 784f 
  0x000002772ec1890c: 4889 04cf | 48ff c97d | f7eb 44c5 | fdef c0e9 | 0d00 0000 | c5fe 7f07 | c5fe 7f47 | 2048 83c7 
  0x000002772ec1892c: 4048 83e9 | 087d ed48 | 83c1 047c | 0cc5 fe7f | 0748 83c7 | 2048 83e9 | 0448 83c1 | 047e 1048 
  0x000002772ec1894c: ffc9 c5f9 | d607 4883 | c708 48ff | c97d f349 | 8bcb 498b | d1c5 f877 | 49ba 607f | 072e 7702 
  0x000002772ec1896c: 0000 41ff | d2e9 c4ec | ffff 4d8b | 5740 4d8b | 5f50 f083 | 4424 c000 | 8039 000f | 84e3 ecff 
  0x000002772ec1898c: ff44 8821 | 4d85 d275 | 1849 8bd7 | c5f8 7749 | ba80 8b88 | 90fd 7f00 | 0041 ffd2 | e9c3 ecff 
  0x000002772ec189ac: ff4b 894c | 13f8 4983 | c2f8 4d89 | 5740 e9b1 | ecff ff45 | 33c9 e975 

  0x000002772ec189c4: ;   {oop(""{0x00000007005cefb0})}
  0x000002772ec189c4: edff ff48 | beb0 ef5c | 0007 0000 | 00e9 4fe9 | ffff 413b | da0f 85ec | 0000 008b | fbff cf3b 
  0x000002772ec189e4: fb0f 83c5 | 0e00 0045 | 85d2 0f86 | bc0e 0000 | 418b faff | cf33 c9eb | 368b 8c24 | 8000 0000 
  0x000002772ec18a04: ffc1 3b8c | 2494 0000 | 000f 8dcd | 0000 004c | 8b4c 2470 | 4c8b 4424 | 408b 9c24 | 9400 0000 
  0x000002772ec18a24: 448b 9424 | 9000 0000 | 8bbc 2498 | 0000 0041 | 8b74 8910 | 413b fa0f | 836c 0d00 | 0085 f60f 
  0x000002772ec18a44: 8464 0d00 | 004d 8d1c | f433 ed4c | 894c 2470 | 899c 2494 | 0000 0044 | 8994 2490 | 0000 0089 
  0x000002772ec18a64: bc24 9800 | 0000 898c | 2480 0000 | 0089 b424 | 8400 0000 | 4c89 9c24 | a000 0000 | eb13 6666 
  0x000002772ec18a84: 0f1f 8400 | 0000 0000 | 6666 6690 | 4c8b 4424 | 4045 8b54 | a810 4c89 | 4424 404d | 8bc2 49c1 
  0x000002772ec18aa4: e003 488b | 9424 a000 | 0000 6690 

  0x000002772ec18ab0: ;   {optimized virtual_call}
  0x000002772ec18ab0: c5f8 77e8 

  0x000002772ec18ab4: ; ImmutableOopMap {[32]=Oop [40]=Oop [48]=Oop [64]=Oop [72]=Oop [80]=Oop [112]=Oop [132]=NarrowOop [160]=Oop }
                      ;*invokevirtual equals {reexecute=0 rethrow=0 return_oop=0}
                      ; - java.lang.ClassLoader::compareCerts@81 (line 1188)
                      ; - java.lang.ClassLoader::checkCerts@80 (line 1162)
                      ; - java.lang.ClassLoader::preDefineClass@113 (line 907)
                      ; - java.lang.ClassLoader::defineClass@4 (line 1015)
                      ; - java.security.SecureClassLoader::defineClass@12 (line 150)
  0x000002772ec18ab4: c888 47ff | 85c0 0f85 | 3dff ffff | ffc5 3bac | 2490 0000 | 007c c5ba | 45ff ffff | 488b 6c24 
  0x000002772ec18ad4: 2066 6690 

  0x000002772ec18ad8: ;   {runtime_call UncommonTrapBlob}
  0x000002772ec18ad8: c5f8 77e8 

  0x000002772ec18adc: ; ImmutableOopMap {rbp=Oop [40]=Oop [48]=Oop [72]=Oop }
                      ;*ifne {reexecute=1 rethrow=0 return_oop=0}
                      ; - (reexecute) java.lang.ClassLoader::checkCerts@83 (line 1162)
                      ; - java.lang.ClassLoader::preDefineClass@113 (line 907)
                      ; - java.lang.ClassLoader::defineClass@4 (line 1015)
                      ; - java.security.SecureClassLoader::defineClass@12 (line 150)
  0x000002772ec18adc: 20de 47ff | 4533 c0eb | 1644 8b44 | 2478 41ff | c044 3b84 | 2490 0000 | 000f 8de8 | e8ff ff4c 
  0x000002772ec18afc: 8b5c 2440 | 478b 5483 | 1045 85d2 | 0f84 d60c | 0000 4f8d | 0cd4 33ed | 4489 4424 | 7844 8954 
  0x000002772ec18b1c: 247c 4c89 | 8c24 9800 | 0000 6666 | 0f1f 8400 | 0000 0000 | 4c8b 5424 | 7045 8b54 | aa10 4d8b 
  0x000002772ec18b3c: c249 c1e0 | 0348 8b94 | 2498 0000 | 0066 6690 

  0x000002772ec18b4c: ;   {optimized virtual_call}
  0x000002772ec18b4c: c5f8 77e8 

  0x000002772ec18b50: ; ImmutableOopMap {[32]=Oop [40]=Oop [48]=Oop [64]=Oop [72]=Oop [80]=Oop [112]=Oop [124]=NarrowOop [152]=Oop }
                      ;*invokevirtual equals {reexecute=0 rethrow=0 return_oop=0}
                      ; - java.lang.ClassLoader::compareCerts@166 (line 1200)
                      ; - java.lang.ClassLoader::checkCerts@80 (line 1162)
                      ; - java.lang.ClassLoader::preDefineClass@113 (line 907)
                      ; - java.lang.ClassLoader::defineClass@4 (line 1015)
                      ; - java.security.SecureClassLoader::defineClass@12 (line 150)
  0x000002772ec18b50: 2c88 47ff | 85c0 758d | ffc5 3bac | 2494 0000 | 007c cde9 | 63ff ffff | 4c8b 6c24 | 204c 8b5c 
  0x000002772ec18b70: 2430 448b | 4424 38e9 | 8cec ffff 

  0x000002772ec18b7c: ;   {metadata('java/security/SecureClassLoader$CodeSourceKey')}
  0x000002772ec18b7c: 48ba 987f | 1443 7702 | 0000 488b | 6c24 2090 

  0x000002772ec18b8c: ;   {runtime_call _new_instance_Java}
  0x000002772ec18b8c: c5f8 77e8 

  0x000002772ec18b90: ; ImmutableOopMap {rbp=Oop [32]=Oop [40]=Oop [48]=Oop [80]=Oop }
                      ;*new {reexecute=0 rethrow=0 return_oop=1}
                      ; - java.security.SecureClassLoader::getProtectionDomain@6 (line 221)
                      ; - java.security.SecureClassLoader::defineClass@9 (line 150)
  0x000002772ec18b90: 6c75 52ff | 4c8b c0e9 | 91e3 ffff | 4489 4c24 | 484c 8944 | 2440 4c8b 

  0x000002772ec18ba8: ;   {metadata('java/security/SecureClassLoader$1')}
  0x000002772ec18ba8: 5424 5048 | baa8 8114 | 4377 0200 | 004c 8954 | 2458 6690 

  0x000002772ec18bbc: ;   {runtime_call _new_instance_Java}
  0x000002772ec18bbc: c5f8 77e8 

  0x000002772ec18bc0: ; ImmutableOopMap {rbp=NarrowOop [32]=Oop [40]=Oop [48]=Oop [64]=Oop [72]=NarrowOop [88]=Oop }
                      ;*new {reexecute=0 rethrow=0 return_oop=1}
                      ; - java.security.SecureClassLoader::getProtectionDomain@20 (line 222)
                      ; - java.security.SecureClassLoader::defineClass@9 (line 150)
  0x000002772ec18bc0: 3c75 52ff | 4c8b 4424 | 4044 8b4c | 2448 488b | c8e9 ace3 

  0x000002772ec18bd4: ;   {oop(""{0x00000007005cefb0})}
  0x000002772ec18bd4: ffff 48bb | b0ef 5c00 | 0700 0000 | e98f eaff | ff44 8954 | 2474 448b | 4c24 2844 | 894c 2470 
  0x000002772ec18bf4: 4889 5c24 | 684c 896c | 2460 4c89 | 5c24 5844 | 8944 2454 | c5fa 114c | 2450 4c8b | 5424 484c 
  0x000002772ec18c14: 8954 2440 | 4c89 7424 | 2848 8b6c 

  0x000002772ec18c20: ;   {metadata('java/lang/String')}
  0x000002772ec18c20: 2420 48ba | f0e9 0043 | 7702 0000 

  0x000002772ec18c2c: ;   {runtime_call _new_instance_Java}
  0x000002772ec18c2c: c5f8 77e8 

  0x000002772ec18c30: ; ImmutableOopMap {rbp=Oop [40]=Oop [48]=Oop [64]=Oop [80]=NarrowOop [88]=Oop [96]=Derived_oop_[88] [104]=Oop [112]=NarrowOop }
                      ;*new {reexecute=0 rethrow=0 return_oop=1}
                      ; - java.lang.StringLatin1::newString@7 (line 769)
                      ; - java.lang.String::substring@41 (line 2714)
                      ; - java.lang.ClassLoader::checkCerts@21 (line 1154)
                      ; - java.lang.ClassLoader::preDefineClass@113 (line 907)
                      ; - java.lang.ClassLoader::defineClass@4 (line 1015)
                      ; - java.security.SecureClassLoader::defineClass@12 (line 150)
  0x000002772ec18c30: cc74 52ff | 4889 6c24 | 204c 8b74 | 2428 4c8b | 5424 404c | 8954 2448 | c5fa 104c | 2450 448b 
  0x000002772ec18c50: 4424 544c | 8b5c 2458 | 488b 4c24 | 6048 8b5c | 2468 448b | 5424 7044 | 8954 2428 | 448b 5424 
  0x000002772ec18c70: 7448 8bf0 | 4c8b e9e9 | 91e5 ffff | c4c1 f97e | c54c 8984 | 2480 0000 | 004c 894c | 2478 4889 
  0x000002772ec18c90: 7424 7044 | 8954 246c | 448b 5424 | 2844 8954 | 2468 4889 | 5c24 604c | 896c 2458 | 4c89 5c24 
  0x000002772ec18cb0: 504c 8b5c | 2448 4c89 | 5c24 404c | 8974 2428 

  0x000002772ec18cc0: ;   {metadata({type array byte})}
  0x000002772ec18cc0: 48ba 3867 | 0043 7702 | 0000 448b | 4424 6cc5 | fa11 8c24 | 9800 0000 

  0x000002772ec18cd8: ;   {runtime_call _new_array_nozero_Java}
  0x000002772ec18cd8: c5f8 77e8 

  0x000002772ec18cdc: ; ImmutableOopMap {[32]=Oop [40]=Oop [48]=Oop [64]=Oop [80]=Oop [88]=Derived_oop_[80] [96]=Oop [104]=NarrowOop [112]=Oop [152]=NarrowOop }
                      ;*newarray {reexecute=0 rethrow=0 return_oop=1}
                      ; - java.util.Arrays::copyOfRange@41 (line 3822)
                      ; - java.lang.StringLatin1::newString@16 (line 769)
                      ; - java.lang.String::substring@41 (line 2714)
                      ; - java.lang.ClassLoader::checkCerts@21 (line 1154)
                      ; - java.lang.ClassLoader::preDefineClass@113 (line 907)
                      ; - java.lang.ClassLoader::defineClass@4 (line 1015)
                      ; - java.security.SecureClassLoader::defineClass@12 (line 150)
  0x000002772ec18cdc: 207a 52ff | 4c8b 7424 | 284c 8b54 | 2440 4c89 | 5424 48c5 | fb10 4424 | 5848 8b5c | 2460 448b 
  0x000002772ec18cfc: 5424 6844 | 8954 2428 | 448b 5424 | 6c48 8b74 | 2470 4c8b | 4c24 784c | 8b84 2480 | 0000 004c 
  0x000002772ec18d1c: 8be8 e984 

  0x000002772ec18d20: ;   {metadata('java/util/concurrent/ConcurrentHashMap$ReservationNode')}
  0x000002772ec18d20: e5ff ff81 | f9e8 8019 | 000f 84d9 | eaff ffba | c6ff ffff | 488b 6c24 | 284c 896c | 2420 488b 
  0x000002772ec18d40: 4c24 4048 | 894c 2430 | 4489 4424 | 4844 894c | 244c 4489 | 5424 504c | 895c 2458 

  0x000002772ec18d5c: ;   {runtime_call UncommonTrapBlob}
  0x000002772ec18d5c: c5f8 77e8 

  0x000002772ec18d60: ; ImmutableOopMap {rbp=Oop [32]=Oop [48]=Oop [72]=NarrowOop [76]=NarrowOop [88]=Oop }
                      ;*invokevirtual find {reexecute=0 rethrow=0 return_oop=0}
                      ; - java.util.concurrent.ConcurrentHashMap::get@93 (line 944)
                      ; - java.lang.ClassLoader::getNamedPackage@5 (line 340)
                      ; - java.lang.ClassLoader::postDefineClass@9 (line 924)
                      ; - java.lang.ClassLoader::defineClass@37 (line 1018)
                      ; - java.security.SecureClassLoader::defineClass@12 (line 150)
  0x000002772ec18d60: 9cdb 47ff | 4489 4424 | 384c 895c | 2430 4c8b | 5424 284c | 8954 2420 

  0x000002772ec18d78: ;   {metadata('java/lang/NamedPackage')}
  0x000002772ec18d78: 498b ed48 | ba50 f101 | 4377 0200 | 0066 6690 

  0x000002772ec18d88: ;   {runtime_call _new_instance_Java}
  0x000002772ec18d88: c5f8 77e8 

  0x000002772ec18d8c: ; ImmutableOopMap {rbp=Oop [32]=Oop [40]=Oop [48]=Oop [56]=NarrowOop [64]=Oop }
                      ;*new {reexecute=0 rethrow=0 return_oop=1}
                      ; - java.lang.ClassLoader::getNamedPackage@16 (line 342)
                      ; - java.lang.ClassLoader::postDefineClass@9 (line 924)
                      ; - java.lang.ClassLoader::defineClass@37 (line 1018)
                      ; - java.security.SecureClassLoader::defineClass@12 (line 150)
  0x000002772ec18d8c: 7073 52ff | 4c8b ed4c | 8b5c 2430 | 448b 4424 | 38e9 a6ea | ffff 4489 | 5424 3844 | 895c 2434 
  0x000002772ec18dac: 4489 4424 

  0x000002772ec18db0: ;   {metadata('java/lang/String')}
  0x000002772ec18db0: 3048 baf0 | e900 4377 | 0200 0090 

  0x000002772ec18dbc: ;   {runtime_call _new_instance_Java}
  0x000002772ec18dbc: c5f8 77e8 

  0x000002772ec18dc0: ; ImmutableOopMap {rbp=Oop [32]=Oop [40]=Oop [48]=NarrowOop [64]=Oop }
                      ;*new {reexecute=0 rethrow=0 return_oop=1}
                      ; - java.lang.StringLatin1::newString@7 (line 769)
                      ; - java.lang.String::substring@41 (line 2714)
                      ; - java.lang.Class::getPackageName@62 (line 1084)
                      ; - java.lang.ClassLoader::postDefineClass@2 (line 924)
                      ; - java.lang.ClassLoader::defineClass@37 (line 1018)
                      ; - java.security.SecureClassLoader::defineClass@12 (line 150)
  0x000002772ec18dc0: 3c73 52ff | 448b 4424 | 3044 8b5c | 2434 448b | 5424 3848 | 8bd8 e96f | e7ff ff48 | 89ac 2480 
  0x000002772ec18de0: 0000 0048 | 897c 2450 | 4889 4c24 | 4848 895c | 2438 4489 | 5424 3444 | 8944 2430 | 488b 6c24 
  0x000002772ec18e00: ;   {metadata({type array byte})}
  0x000002772ec18e00: 2848 ba38 | 6700 4377 | 0200 0045 | 8bc2 6690 

  0x000002772ec18e10: ;   {runtime_call _new_array_nozero_Java}
  0x000002772ec18e10: c5f8 77e8 

  0x000002772ec18e14: ; ImmutableOopMap {rbp=Oop [32]=Oop [40]=Oop [48]=NarrowOop [56]=Oop [64]=Oop [128]=Oop }
                      ;*newarray {reexecute=0 rethrow=0 return_oop=1}
                      ; - java.util.Arrays::copyOfRange@41 (line 3822)
                      ; - java.lang.StringLatin1::newString@16 (line 769)
                      ; - java.lang.String::substring@41 (line 2714)
                      ; - java.lang.Class::getPackageName@62 (line 1084)
                      ; - java.lang.ClassLoader::postDefineClass@2 (line 924)
                      ; - java.lang.ClassLoader::defineClass@37 (line 1018)
                      ; - java.security.SecureClassLoader::defineClass@12 (line 150)
  0x000002772ec18e14: e878 52ff | 448b 4424 | 3044 8b54 | 2434 488b | 5c24 3848 | 8b4c 2448 | 488b 7c24 | 504c 8be8 
  0x000002772ec18e34: 488b ac24 | 8000 0000 | e9a6 e7ff | ffba e4ff | ffff 488b | 6c24 2044 | 8b5c 2438 | 4489 5c24 
  0x000002772ec18e54: 2c44 8b44 | 243c 4489 | 4424 384c | 8b5c 2448 | 4c89 5c24 | 4048 895c | 2448 4c89 | 7424 50c5 
  0x000002772ec18e74: fa11 4c24 | 5c44 8954 | 2460 6690 

  0x000002772ec18e80: ;   {runtime_call UncommonTrapBlob}
  0x000002772ec18e80: c5f8 77e8 

  0x000002772ec18e84: ; ImmutableOopMap {rbp=Oop [40]=NarrowOop [48]=Oop [64]=Oop [72]=Oop [80]=Oop [92]=NarrowOop }
                      ;*baload {reexecute=0 rethrow=0 return_oop=0}
                      ; - java.lang.StringLatin1::lastIndexOf@24 (line 295)
                      ; - java.lang.String::lastIndexOf@13 (line 2489)
                      ; - java.lang.String::lastIndexOf@8 (line 2451)
                      ; - java.lang.ClassLoader::checkCerts@3 (line 1153)
                      ; - java.lang.ClassLoader::preDefineClass@113 (line 907)
                      ; - java.lang.ClassLoader::defineClass@4 (line 1015)
                      ; - java.security.SecureClassLoader::defineClass@12 (line 150)
  0x000002772ec18e84: 78da 47ff | bae4 ffff | ff48 8b6c | 2428 4c8b | 5c24 404c | 895c 2430 | 4c89 4c24 | 4844 8944 
  0x000002772ec18ea4: 2458 4489 | 5424 5c90 

  0x000002772ec18eac: ;   {runtime_call UncommonTrapBlob}
  0x000002772ec18eac: c5f8 77e8 

  0x000002772ec18eb0: ; ImmutableOopMap {rbp=Oop [32]=Oop [48]=Oop [72]=Oop [88]=NarrowOop }
                      ;*baload {reexecute=0 rethrow=0 return_oop=0}
                      ; - java.lang.StringLatin1::lastIndexOf@24 (line 295)
                      ; - java.lang.String::lastIndexOf@13 (line 2489)
                      ; - java.lang.String::lastIndexOf@8 (line 2451)
                      ; - java.lang.Class::getPackageName@47 (line 1083)
                      ; - java.lang.ClassLoader::postDefineClass@2 (line 924)
                      ; - java.lang.ClassLoader::defineClass@37 (line 1018)
                      ; - java.security.SecureClassLoader::defineClass@12 (line 150)
  0x000002772ec18eb0: 4cda 47ff | 4c8b 6c24 | 204c 8b5c | 2430 448b | 4424 38e9 | 40e9 ffff | baf6 ffff | ff48 8bee 
  0x000002772ec18ed0: 4889 4c24 | 2066 6690 

  0x000002772ec18ed8: ;   {runtime_call UncommonTrapBlob}
  0x000002772ec18ed8: c5f8 77e8 

  0x000002772ec18edc: ; ImmutableOopMap {rbp=Oop [32]=Oop }
                      ;*invokevirtual putIfAbsent {reexecute=0 rethrow=0 return_oop=0}
                      ; - java.lang.ClassLoader::checkCerts@62 (line 1161)
                      ; - java.lang.ClassLoader::preDefineClass@113 (line 907)
                      ; - java.lang.ClassLoader::defineClass@4 (line 1015)
                      ; - java.security.SecureClassLoader::defineClass@12 (line 150)
  0x000002772ec18edc: 20da 47ff | baf6 ffff | ff66 6690 

  0x000002772ec18ee8: ;   {runtime_call UncommonTrapBlob}
  0x000002772ec18ee8: c5f8 77e8 

  0x000002772ec18eec: ; ImmutableOopMap {rbp=NarrowOop }
                      ;*invokevirtual toExternalForm {reexecute=0 rethrow=0 return_oop=0}
                      ; - java.net.URL::toExternalForm@5 (line 1039)
                      ; - java.net.URL::toString@1 (line 1025)
                      ; - java.lang.ClassLoader::defineClassSourceLocation@22 (line 917)
                      ; - java.lang.ClassLoader::defineClass@12 (line 1016)
                      ; - java.security.SecureClassLoader::defineClass@12 (line 150)
  0x000002772ec18eec: 10da 47ff | bade ffff | ff4c 8944 | 2440 4889 | 4c24 4890 

  0x000002772ec18f00: ;   {runtime_call UncommonTrapBlob}
  0x000002772ec18f00: c5f8 77e8 

  0x000002772ec18f04: ; ImmutableOopMap {rbp=NarrowOop [32]=Oop [40]=Oop [48]=Oop [64]=Oop [72]=Oop }
                      ;*invokeinterface computeIfAbsent {reexecute=0 rethrow=0 return_oop=0}
                      ; - java.security.SecureClassLoader::getProtectionDomain@29 (line 222)
                      ; - java.security.SecureClassLoader::defineClass@9 (line 150)
  0x000002772ec18f04: f8d9 47ff | ba45 ffff | ff48 8b6c | 2420 6690 

  0x000002772ec18f14: ;   {runtime_call UncommonTrapBlob}
  0x000002772ec18f14: c5f8 77e8 

  0x000002772ec18f18: ; ImmutableOopMap {rbp=Oop [40]=Oop [48]=Oop [72]=Oop }
                      ;*ifeq {reexecute=1 rethrow=0 return_oop=0}
                      ; - (reexecute) java.lang.ClassLoader::checkName@8 (line 1145)
                      ; - java.lang.ClassLoader::preDefineClass@1 (line 890)
                      ; - java.lang.ClassLoader::defineClass@4 (line 1015)
                      ; - java.security.SecureClassLoader::defineClass@12 (line 150)
  0x000002772ec18f18: e4d9 47ff | bae4 ffff | ff48 8b6c | 2420 4489 | 4c24 5490 

  0x000002772ec18f2c: ;   {runtime_call UncommonTrapBlob}
  0x000002772ec18f2c: c5f8 77e8 

  0x000002772ec18f30: ; ImmutableOopMap {rbp=Oop [40]=Oop [48]=Oop [72]=Oop [84]=NarrowOop }
                      ;*baload {reexecute=0 rethrow=0 return_oop=0}
                      ; - java.lang.String::startsWith@80 (line 2270)
                      ; - java.lang.String::startsWith@3 (line 2302)
                      ; - java.lang.ClassLoader::preDefineClass@43 (line 896)
                      ; - java.lang.ClassLoader::defineClass@4 (line 1015)
                      ; - java.security.SecureClassLoader::defineClass@12 (line 150)
  0x000002772ec18f30: ccd9 47ff | 4d63 cae9 | e1e2 ffff | 4983 c1fe | 498b c948 | 8bfa 4833 | c048 83f9 | 087f 1048 
  0x000002772ec18f50: ffc9 784f | 4889 04cf | 48ff c97d | f7eb 44c5 | fdef c0e9 | 0d00 0000 | c5fe 7f07 | c5fe 7f47 
  0x000002772ec18f70: 2048 83c7 | 4048 83e9 | 087d ed48 | 83c1 047c | 0cc5 fe7f | 0748 83c7 | 2048 83e9 | 0448 83c1 
  0x000002772ec18f90: 047e 1048 | ffc9 c5f9 | d607 4883 | c708 48ff | c97d f3e9 | 44e3 ffff | bacc ffff | ff48 8b6c 
  0x000002772ec18fb0: 2420 448b | 4424 3844 | 8944 242c | 448b 5c24 | 3c44 895c | 2438 4c8b | 5c24 484c | 895c 2440 
  0x000002772ec18fd0: 4889 5c24 | 484c 8974 | 2450 4889 | 7424 60c5 | fa11 4c24 | 3c44 8954 | 246c 6690 

  0x000002772ec18fec: ;   {runtime_call UncommonTrapBlob}
  0x000002772ec18fec: c5f8 77e8 

  0x000002772ec18ff0: ; ImmutableOopMap {rbp=Oop [40]=NarrowOop [48]=Oop [60]=NarrowOop [64]=Oop [72]=Oop [80]=Oop [96]=Oop }
                      ;*newarray {reexecute=1 rethrow=0 return_oop=0}
                      ; - (reexecute) java.util.Arrays::copyOfRange@41 (line 3822)
                      ; - java.lang.StringLatin1::newString@16 (line 769)
                      ; - java.lang.String::substring@41 (line 2714)
                      ; - java.lang.ClassLoader::checkCerts@21 (line 1154)
                      ; - java.lang.ClassLoader::preDefineClass@113 (line 907)
                      ; - java.lang.ClassLoader::defineClass@4 (line 1015)
                      ; - java.security.SecureClassLoader::defineClass@12 (line 150)
  0x000002772ec18ff0: 0cd9 47ff | bade ffff | ff66 6690 

  0x000002772ec18ffc: ;   {runtime_call UncommonTrapBlob}
  0x000002772ec18ffc: c5f8 77e8 

  0x000002772ec19000: ; ImmutableOopMap {rbp=NarrowOop }
                      ;*checkcast {reexecute=0 rethrow=0 return_oop=0}
                      ; - java.lang.ClassLoader::getNamedPackage@8 (line 340)
                      ; - java.lang.ClassLoader::postDefineClass@9 (line 924)
                      ; - java.lang.ClassLoader::defineClass@37 (line 1018)
                      ; - java.security.SecureClassLoader::defineClass@12 (line 150)
  0x000002772ec19000: fcd8 47ff | 4585 d240 | 0f95 c540 | 0fb6 ed83 | f501 ba45 | ffff ff90 

  0x000002772ec19018: ;   {runtime_call UncommonTrapBlob}
  0x000002772ec19018: c5f8 77e8 

  0x000002772ec1901c: ; ImmutableOopMap {[32]=Oop [40]=Oop [48]=Oop [72]=Oop }
                      ;*ifeq {reexecute=1 rethrow=0 return_oop=0}
                      ; - (reexecute) java.lang.String::indexOf@4 (line 2423)
                      ; - java.lang.String::indexOf@3 (line 2380)
                      ; - java.lang.ClassLoader::checkName@16 (line 1147)
                      ; - java.lang.ClassLoader::preDefineClass@1 (line 890)
                      ; - java.lang.ClassLoader::defineClass@4 (line 1015)
                      ; - java.security.SecureClassLoader::defineClass@12 (line 150)
  0x000002772ec1901c: e0d8 47ff | ba45 ffff | ff48 8b6c | 2420 895c | 2458 6690 

  0x000002772ec19030: ;   {runtime_call UncommonTrapBlob}
  0x000002772ec19030: c5f8 77e8 

  0x000002772ec19034: ; ImmutableOopMap {rbp=Oop [40]=Oop [48]=Oop [72]=Oop }
                      ;*if_icmpne {reexecute=1 rethrow=0 return_oop=0}
                      ; - (reexecute) java.lang.ClassLoader::checkName@20 (line 1147)
                      ; - java.lang.ClassLoader::preDefineClass@1 (line 890)
                      ; - java.lang.ClassLoader::defineClass@4 (line 1015)
                      ; - java.security.SecureClassLoader::defineClass@12 (line 150)
  0x000002772ec19034: c8d8 47ff | ba45 ffff | ff44 8b5c | 2438 4489 | 5c24 2c44 | 8b44 243c | 4489 4424 | 3848 895c 
  0x000002772ec19054: 2450 4c89 | 7424 584c | 8974 2460 | 4489 5424 | 6844 8954 | 2470 6690 

  0x000002772ec1906c: ;   {runtime_call UncommonTrapBlob}
  0x000002772ec1906c: c5f8 77e8 

  0x000002772ec19070: ; ImmutableOopMap {[32]=Oop [40]=NarrowOop [48]=Oop [72]=Oop [80]=Oop [88]=Oop [96]=Oop }
                      ;*if_icmpgt {reexecute=1 rethrow=0 return_oop=0}
                      ; - (reexecute) java.lang.String::checkBoundsBeginEnd@6 (line 4605)
                      ; - java.lang.String::substring@8 (line 2709)
                      ; - java.lang.ClassLoader::checkCerts@21 (line 1154)
                      ; - java.lang.ClassLoader::preDefineClass@113 (line 907)
                      ; - java.lang.ClassLoader::defineClass@4 (line 1015)
                      ; - java.security.SecureClassLoader::defineClass@12 (line 150)
  0x000002772ec19070: 8cd8 47ff | ba45 ffff | ff4c 8b4c | 2440 4c89 | 4c24 384c | 896c 2440 | 4489 4424 | 504c 895c 
  0x000002772ec19090: 2458 894c | 2454 4489 | 5424 6090 

  0x000002772ec1909c: ;   {runtime_call UncommonTrapBlob}
  0x000002772ec1909c: c5f8 77e8 

  0x000002772ec190a0: ; ImmutableOopMap {[40]=Oop [56]=Oop [64]=Oop [80]=NarrowOop [84]=NarrowOop [88]=Oop }
                      ;*ifle {reexecute=1 rethrow=0 return_oop=0}
                      ; - (reexecute) java.util.concurrent.ConcurrentHashMap::get@23 (line 937)
                      ; - java.lang.ClassLoader::getNamedPackage@5 (line 340)
                      ; - java.lang.ClassLoader::postDefineClass@9 (line 924)
                      ; - java.lang.ClassLoader::defineClass@37 (line 1018)
                      ; - java.security.SecureClassLoader::defineClass@12 (line 150)
  0x000002772ec190a0: 5cd8 47ff | ba45 ffff | ff48 8b6c | 2420 4889 | 4c24 4890 

  0x000002772ec190b4: ;   {runtime_call UncommonTrapBlob}
  0x000002772ec190b4: c5f8 77e8 

  0x000002772ec190b8: ; ImmutableOopMap {rbp=Oop [40]=Oop [48]=Oop [72]=Oop [80]=Oop }
                      ;*ifnonnull {reexecute=1 rethrow=0 return_oop=0}
                      ; - (reexecute) java.security.SecureClassLoader::getProtectionDomain@1 (line 213)
                      ; - java.security.SecureClassLoader::defineClass@9 (line 150)
  0x000002772ec190b8: 44d8 47ff | ba45 ffff | ff66 6690 

  0x000002772ec190c4: ;   {runtime_call UncommonTrapBlob}
  0x000002772ec190c4: c5f8 77e8 

  0x000002772ec190c8: ; ImmutableOopMap {[32]=Oop [40]=Oop [48]=Oop [72]=Oop }
                      ;*if_icmpne {reexecute=1 rethrow=0 return_oop=0}
                      ; - (reexecute) java.lang.ClassLoader::checkName@30 (line 1147)
                      ; - java.lang.ClassLoader::preDefineClass@1 (line 890)
                      ; - java.lang.ClassLoader::defineClass@4 (line 1015)
                      ; - java.security.SecureClassLoader::defineClass@12 (line 150)
  0x000002772ec190c8: 34d8 47ff | ba45 ffff | ff48 8b6c | 2420 4c8b | 5c24 484c | 895c 2440 | 4489 5424 | 4866 6690 
  0x000002772ec190e8: ;   {runtime_call UncommonTrapBlob}
  0x000002772ec190e8: c5f8 77e8 

  0x000002772ec190ec: ; ImmutableOopMap {rbp=Oop [40]=Oop [48]=Oop [64]=Oop }
                      ;*ifne {reexecute=1 rethrow=0 return_oop=0}
                      ; - (reexecute) java.lang.ClassLoader::compareCerts@7 (line 1176)
                      ; - java.lang.ClassLoader::checkCerts@80 (line 1162)
                      ; - java.lang.ClassLoader::preDefineClass@113 (line 907)
                      ; - java.lang.ClassLoader::defineClass@4 (line 1015)
                      ; - java.security.SecureClassLoader::defineClass@12 (line 150)
  0x000002772ec190ec: 10d8 47ff | ba45 ffff | ff44 8b44 | 2438 4489 | 4424 2c44 | 8b5c 243c | 4489 5c24 | 3848 895c 
  0x000002772ec1910c: 2450 4c89 | 7424 584c | 8974 2460 | 4489 5424 | 6844 8954 | 2470 6690 

  0x000002772ec19124: ;   {runtime_call UncommonTrapBlob}
  0x000002772ec19124: c5f8 77e8 

  0x000002772ec19128: ; ImmutableOopMap {[32]=Oop [40]=NarrowOop [48]=Oop [72]=Oop [80]=Oop [88]=Oop [96]=Oop }
                      ;*if_icmple {reexecute=1 rethrow=0 return_oop=0}
                      ; - (reexecute) java.lang.String::checkBoundsBeginEnd@11 (line 4605)
                      ; - java.lang.String::substring@8 (line 2709)
                      ; - java.lang.ClassLoader::checkCerts@21 (line 1154)
                      ; - java.lang.ClassLoader::preDefineClass@113 (line 907)
                      ; - java.lang.ClassLoader::defineClass@4 (line 1015)
                      ; - java.security.SecureClassLoader::defineClass@12 (line 150)
  0x000002772ec19128: d4d7 47ff | ba45 ffff | ff48 8944 | 2440 6690 

  0x000002772ec19138: ;   {runtime_call UncommonTrapBlob}
  0x000002772ec19138: c5f8 77e8 

  0x000002772ec1913c: ; ImmutableOopMap {[32]=Oop [40]=Oop [64]=Oop [72]=Oop }
                      ;*ifeq {reexecute=1 rethrow=0 return_oop=0}
                      ; - (reexecute) java.lang.Class::getPackageName@13 (line 1078)
                      ; - java.lang.ClassLoader::postDefineClass@2 (line 924)
                      ; - java.lang.ClassLoader::defineClass@37 (line 1018)
                      ; - java.security.SecureClassLoader::defineClass@12 (line 150)
  0x000002772ec1913c: c0d7 47ff | ba37 0100 | 0049 8be9 | 4c8b 5424 | 304c 8954 | 2428 448b | 5c24 3844 | 895c 2430 
  0x000002772ec1915c: 448b 5424 | 3c44 8954 | 2434 4c89 | 7424 3890 

  0x000002772ec1916c: ;   {runtime_call UncommonTrapBlob}
  0x000002772ec1916c: c5f8 77e8 

  0x000002772ec19170: ; ImmutableOopMap {rbp=Oop [40]=Oop [56]=Oop }
                      ;*new {reexecute=0 rethrow=0 return_oop=0}
                      ; - java.lang.ClassLoader::preDefineClass@56 (line 898)
                      ; - java.lang.ClassLoader::defineClass@4 (line 1015)
                      ; - java.security.SecureClassLoader::defineClass@12 (line 150)
  0x000002772ec19170: 8cd7 47ff | baf6 ffff | ff48 897c | 2420 6690 

  0x000002772ec19180: ;   {runtime_call UncommonTrapBlob}
  0x000002772ec19180: c5f8 77e8 

  0x000002772ec19184: ; ImmutableOopMap {[32]=Oop [48]=Oop }
                      ;*invokevirtual putIfAbsent {reexecute=0 rethrow=0 return_oop=0}
                      ; - java.lang.ClassLoader::getNamedPackage@32 (line 344)
                      ; - java.lang.ClassLoader::postDefineClass@9 (line 924)
                      ; - java.lang.ClassLoader::defineClass@37 (line 1018)
                      ; - java.security.SecureClassLoader::defineClass@12 (line 150)
  0x000002772ec19184: 78d7 47ff | bade ffff | ff48 8be8 

  0x000002772ec19190: ;   {runtime_call UncommonTrapBlob}
  0x000002772ec19190: c5f8 77e8 

  0x000002772ec19194: ; ImmutableOopMap {rbp=Oop }
                      ;*checkcast {reexecute=0 rethrow=0 return_oop=0}
                      ; - java.lang.ClassLoader::getNamedPackage@35 (line 344)
                      ; - java.lang.ClassLoader::postDefineClass@9 (line 924)
                      ; - java.lang.ClassLoader::defineClass@37 (line 1018)
                      ; - java.security.SecureClassLoader::defineClass@12 (line 150)
  0x000002772ec19194: 68d7 47ff | 4963 cae9 | bae3 ffff | 4883 c1fe | 498b f948 | 33c0 4883 | f908 7f10 | 48ff c978 
  0x000002772ec191b4: 4f48 8904 | cf48 ffc9 | 7df7 eb44 | c5fd efc0 | e90d 0000 | 00c5 fe7f | 07c5 fe7f | 4720 4883 
  0x000002772ec191d4: c740 4883 | e908 7ded | 4883 c104 | 7c0c c5fe | 7f07 4883 | c720 4883 | e904 4883 | c104 7e10 
  0x000002772ec191f4: 48ff c9c5 | f9d6 0748 | 83c7 0848 | ffc9 7df3 | e931 e4ff | ffba ccff | ffff 488b | 6c24 284c 
  0x000002772ec19214: 8b5c 2440 | 4c89 5c24 | 3048 895c | 2450 4489 | 4424 5844 | 8954 2460 

  0x000002772ec1922c: ;   {runtime_call UncommonTrapBlob}
  0x000002772ec1922c: c5f8 77e8 

  0x000002772ec19230: ; ImmutableOopMap {rbp=Oop [32]=Oop [48]=Oop [80]=Oop [88]=NarrowOop }
                      ;*newarray {reexecute=1 rethrow=0 return_oop=0}
                      ; - (reexecute) java.util.Arrays::copyOfRange@41 (line 3822)
                      ; - java.lang.StringLatin1::newString@16 (line 769)
                      ; - java.lang.String::substring@41 (line 2714)
                      ; - java.lang.Class::getPackageName@62 (line 1084)
                      ; - java.lang.ClassLoader::postDefineClass@2 (line 924)
                      ; - java.lang.ClassLoader::defineClass@37 (line 1018)
                      ; - java.security.SecureClassLoader::defineClass@12 (line 150)
  0x000002772ec19230: ccd6 47ff | baf6 ffff | ff66 6690 

  0x000002772ec1923c: ;   {runtime_call UncommonTrapBlob}
  0x000002772ec1923c: c5f8 77e8 

  0x000002772ec19240: ; ImmutableOopMap {}
                      ;*invokevirtual isNamed {reexecute=0 rethrow=0 return_oop=0}
                      ; - java.lang.NamedPackage::<init>@12 (line 48)
                      ; - java.lang.ClassLoader::getNamedPackage@22 (line 342)
                      ; - java.lang.ClassLoader::postDefineClass@9 (line 924)
                      ; - java.lang.ClassLoader::defineClass@37 (line 1018)
                      ; - java.security.SecureClassLoader::defineClass@12 (line 150)
  0x000002772ec19240: bcd6 47ff | ba12 0000 | 0048 8b6c | 2428 6690 

  0x000002772ec19250: ;   {runtime_call UncommonTrapBlob}
  0x000002772ec19250: c5f8 77e8 

  0x000002772ec19254: ; ImmutableOopMap {rbp=Oop [32]=Oop [48]=Oop [56]=NarrowOop [64]=Oop [72]=Oop }
                      ;*new {reexecute=0 rethrow=0 return_oop=0}
                      ; - java.lang.NamedPackage::<init>@18 (line 49)
                      ; - java.lang.ClassLoader::getNamedPackage@22 (line 342)
                      ; - java.lang.ClassLoader::postDefineClass@9 (line 924)
                      ; - java.lang.ClassLoader::defineClass@37 (line 1018)
                      ; - java.security.SecureClassLoader::defineClass@12 (line 150)
  0x000002772ec19254: a8d6 47ff | 8b7c 2428 | 458b 54fc | 1445 85d2 | 0f84 85ef | ffff 4d8b | 5f20 498b | ca48 c1e1 
  0x000002772ec19274: 034d 85db | 0f84 5e06 | 0000 4d8b | 5730 4b89 | 4c1a f849 | 83c3 f84d | 895f 20e9 | 5bef ffff 
  0x000002772ec19294: 4d8b 5740 | 4d8b 5f50 | f083 4424 | c000 8039 | 0074 2a44 | 8821 4d85 | d274 0f4b | 894c 13f8 
  0x000002772ec192b4: 4983 c2f8 | 4d89 5740 | eb13 498b | d7c5 f877 | 49ba 808b | 8890 fd7f | 0000 41ff | d245 8b54 
  0x000002772ec192d4: fc14 4585 | d20f 842d | 0600 0049 | 8bda 48c1 | e303 e941 | efff ff85 | c940 0f95 | c540 0fb6 
  0x000002772ec192f4: ed83 f501 | ba45 ffff | ff4c 8b54 | 2448 4c89 | 5424 384c | 894c 2458 | 8974 2460 

  0x000002772ec19310: ;   {runtime_call UncommonTrapBlob}
  0x000002772ec19310: c5f8 77e8 

  0x000002772ec19314: ; ImmutableOopMap {[32]=Oop [40]=Oop [56]=Oop [88]=Oop }
                      ;*ifeq {reexecute=1 rethrow=0 return_oop=0}
                      ; - (reexecute) java.lang.String::lastIndexOf@4 (line 2489)
                      ; - java.lang.String::lastIndexOf@8 (line 2451)
                      ; - java.lang.Class::getPackageName@47 (line 1083)
                      ; - java.lang.ClassLoader::postDefineClass@2 (line 924)
                      ; - java.lang.ClassLoader::defineClass@37 (line 1018)
                      ; - java.security.SecureClassLoader::defineClass@12 (line 150)
  0x000002772ec19314: e8d5 47ff | 498b d7c5 | f877 49ba | a08b 8890 | fd7f 0000 | 41ff d2e9 | 60e3 ffff | ba45 ffff 
  0x000002772ec19334: ff48 8b6c | 2428 4c8b | 5c24 404c | 895c 2430 | 4c89 4c24 | 4844 8954 | 2458 895c | 245c 4489 
  0x000002772ec19354: 5424 6090 

  0x000002772ec19358: ;   {runtime_call UncommonTrapBlob}
  0x000002772ec19358: c5f8 77e8 

  0x000002772ec1935c: ; ImmutableOopMap {rbp=Oop [32]=Oop [48]=Oop [72]=Oop }
                      ;*if_icmpgt {reexecute=1 rethrow=0 return_oop=0}
                      ; - (reexecute) java.lang.String::checkBoundsBeginEnd@6 (line 4605)
                      ; - java.lang.String::substring@8 (line 2709)
                      ; - java.lang.Class::getPackageName@62 (line 1084)
                      ; - java.lang.ClassLoader::postDefineClass@2 (line 924)
                      ; - java.lang.ClassLoader::defineClass@37 (line 1018)
                      ; - java.security.SecureClassLoader::defineClass@12 (line 150)
  0x000002772ec1935c: a0d5 47ff | ba45 ffff | ff48 8b6c | 2428 4c8b | 5c24 404c | 895c 2430 | 4c89 4c24 | 4844 8954 
  0x000002772ec1937c: 2458 895c | 245c 4489 | 5424 6089 | 5c24 6490 

  0x000002772ec1938c: ;   {runtime_call UncommonTrapBlob}
  0x000002772ec1938c: c5f8 77e8 

  0x000002772ec19390: ; ImmutableOopMap {rbp=Oop [32]=Oop [48]=Oop [72]=Oop }
                      ;*if_icmple {reexecute=1 rethrow=0 return_oop=0}
                      ; - (reexecute) java.lang.String::checkBoundsBeginEnd@11 (line 4605)
                      ; - java.lang.String::substring@8 (line 2709)
                      ; - java.lang.Class::getPackageName@62 (line 1084)
                      ; - java.lang.ClassLoader::postDefineClass@2 (line 924)
                      ; - java.lang.ClassLoader::defineClass@37 (line 1018)
                      ; - java.security.SecureClassLoader::defineClass@12 (line 150)
  0x000002772ec19390: 6cd5 47ff | 8bfd 458b | 54ec 1445 | 85d2 0f84 | f1f2 ffff | 4d8b 5f20 | 498b ca48 | c1e1 034d 
  0x000002772ec193b0: 85db 0f84 | 3c05 0000 | 4d8b 5730 | 4b89 4c1a | f849 83c3 | f84d 895f | 20e9 c7f2 | ffff 4d8b 
  0x000002772ec193d0: 5740 4d8b | 5f50 f083 | 4424 c000 | 4180 3800 | 742d 4588 | 204d 85d2 | 740f 4f89 | 4413 f849 
  0x000002772ec193f0: 83c2 f84d | 8957 40eb | 1649 8bc8 | 498b d7c5 | f877 49ba | 808b 8890 | fd7f 0000 | 41ff d245 
  0x000002772ec19410: 8b5c fc14 | 4585 db0f | 84ff 0400 | 004d 8bd3 | 49c1 e203 | 4c89 5424 | 38e9 a7f2 | ffff 498b 
  0x000002772ec19430: d7c5 f877 | 49ba a08b | 8890 fd7f | 0000 41ff | d2e9 c4e4 | ffff 498b | d7c5 f877 | 49ba a08b 
  0x000002772ec19450: 8890 fd7f | 0000 41ff | d2e9 65e4 | ffff ba45 | ffff ff48 | 8b6c 2428 | 4c89 6c24 | 2048 8b4c 
  0x000002772ec19470: 2440 4889 | 4c24 3044 | 8944 2448 | 4c89 5c24 | 504c 894c | 2458 4489 | 5424 4c90 

  0x000002772ec1948c: ;   {runtime_call UncommonTrapBlob}
  0x000002772ec1948c: c5f8 77e8 

  0x000002772ec19490: ; ImmutableOopMap {rbp=Oop [32]=Oop [48]=Oop [72]=NarrowOop [80]=Oop [88]=Oop }
                      ;*ifeq {reexecute=1 rethrow=0 return_oop=0}
                      ; - (reexecute) java.util.concurrent.ConcurrentHashMap::get@152 (line 947)
                      ; - java.lang.ClassLoader::getNamedPackage@5 (line 340)
                      ; - java.lang.ClassLoader::postDefineClass@9 (line 924)
                      ; - java.lang.ClassLoader::defineClass@37 (line 1018)
                      ; - java.security.SecureClassLoader::defineClass@12 (line 150)
  0x000002772ec19490: 6cd4 47ff | ba45 ffff | ff48 8b5c | 2440 4889 | 5c24 384c | 896c 2440 | 4489 4424 | 504c 895c 
  0x000002772ec194b0: 2458 4489 | 4c24 5444 | 8954 2460 | 4c89 5c24 | 6848 897c | 2470 894c | 2464 6690 

  0x000002772ec194cc: ;   {runtime_call UncommonTrapBlob}
  0x000002772ec194cc: c5f8 77e8 

  0x000002772ec194d0: ; ImmutableOopMap {[40]=Oop [56]=Oop [64]=Oop [80]=NarrowOop [84]=NarrowOop [88]=Oop [104]=Oop [112]=Oop }
                      ;*if_icmpne {reexecute=1 rethrow=0 return_oop=0}
                      ; - (reexecute) java.lang.String::equals@33 (line 1830)
                      ; - java.util.concurrent.ConcurrentHashMap::get@73 (line 940)
                      ; - java.lang.ClassLoader::getNamedPackage@5 (line 340)
                      ; - java.lang.ClassLoader::postDefineClass@9 (line 924)
                      ; - java.lang.ClassLoader::defineClass@37 (line 1018)
                      ; - java.security.SecureClassLoader::defineClass@12 (line 150)
  0x000002772ec194d0: 2cd4 47ff | ba76 ffff | ff4c 8b4c | 2440 4c89 | 4c24 384c | 896c 2440 | 4489 4424 | 5044 8954 
  0x000002772ec194f0: 2454 4c89 | 5c24 584c | 895c 2460 | 8974 2468 

  0x000002772ec19500: ;   {runtime_call UncommonTrapBlob}
  0x000002772ec19500: c5f8 77e8 

  0x000002772ec19504: ; ImmutableOopMap {[40]=Oop [56]=Oop [64]=Oop [80]=NarrowOop [84]=NarrowOop [88]=Oop [96]=Oop [104]=NarrowOop }
                      ;*if_icmpge {reexecute=1 rethrow=0 return_oop=0}
                      ; - (reexecute) java.lang.StringLatin1::hashCode@13 (line 196)
                      ; - java.lang.String::hashCode@27 (line 2344)
                      ; - java.util.concurrent.ConcurrentHashMap::get@1 (line 936)
                      ; - java.lang.ClassLoader::getNamedPackage@5 (line 340)
                      ; - java.lang.ClassLoader::postDefineClass@9 (line 924)
                      ; - java.lang.ClassLoader::defineClass@37 (line 1018)
                      ; - java.security.SecureClassLoader::defineClass@12 (line 150)
  0x000002772ec19504: f8d3 47ff | bf01 0000 | 00e9 b8e8 | ffff 4c89 | 4424 6844 | 894c 2460 | 4889 7424 | 5848 895c 
  0x000002772ec19524: 2450 4c8b | 4424 484c | 8944 2440 | 4c89 7424 | 2848 ba00 | 0000 4377 | 0200 0049 | 03d2 458b 
  0x000002772ec19544: c366 6690 

  0x000002772ec19548: ;   {runtime_call _new_array_Java}
  0x000002772ec19548: c5f8 77e8 

  0x000002772ec1954c: ; ImmutableOopMap {rbp=Oop [32]=Oop [40]=Oop [48]=Oop [64]=Oop [80]=Oop [88]=Oop [96]=NarrowOop }
                      ;*invokevirtual clone {reexecute=1 rethrow=0 return_oop=1}
                      ; - (reexecute) java.security.CodeSource::getCertificates@11 (line 203)
                      ; - java.lang.ClassLoader::checkCerts@34 (line 1158)
                      ; - java.lang.ClassLoader::preDefineClass@113 (line 907)
                      ; - java.lang.ClassLoader::defineClass@4 (line 1015)
                      ; - java.security.SecureClassLoader::defineClass@12 (line 150)
  0x000002772ec1954c: b06e 52ff | 4c8b 7424 | 284c 8b5c | 2440 4c89 | 5c24 4848 | 8b5c 2450 | 488b 7424 | 5844 8b4c 
  0x000002772ec1956c: 2460 4c8b | 4424 6848 | 8bf8 e967 | e9ff ffba | 45ff ffff | 488b 7c24 | 4048 897c | 2438 4c89 
  0x000002772ec1958c: 6c24 4044 | 8944 2450 | 4c89 5c24 | 584c 894c | 2460 4489 | 5424 544c | 895c 2468 | 4889 5c24 
  0x000002772ec195ac: 7089 4c24 | 7866 6690 

  0x000002772ec195b4: ;   {runtime_call UncommonTrapBlob}
  0x000002772ec195b4: c5f8 77e8 

  0x000002772ec195b8: ; ImmutableOopMap {[40]=Oop [56]=Oop [64]=Oop [80]=NarrowOop [88]=Oop [96]=Oop [104]=Oop [112]=Oop }
                      ;*if_icmpne {reexecute=1 rethrow=0 return_oop=0}
                      ; - (reexecute) java.lang.String::equals@33 (line 1830)
                      ; - java.util.concurrent.ConcurrentHashMap::get@149 (line 947)
                      ; - java.lang.ClassLoader::getNamedPackage@5 (line 340)
                      ; - java.lang.ClassLoader::postDefineClass@9 (line 924)
                      ; - java.lang.ClassLoader::defineClass@37 (line 1018)
                      ; - java.security.SecureClassLoader::defineClass@12 (line 150)
  0x000002772ec195b8: 44d3 47ff | 4585 c940 | 0f95 c540 | 0fb6 ed83 | f501 ba45 | ffff ff4c | 8b4c 2440 | 4c89 4c24 
  0x000002772ec195d8: 384c 896c | 2440 4489 | 4424 5044 | 8954 2454 | 4889 5c24 | 5848 895c | 2460 6690 

  0x000002772ec195f4: ;   {runtime_call UncommonTrapBlob}
  0x000002772ec195f4: c5f8 77e8 

  0x000002772ec195f8: ; ImmutableOopMap {[40]=Oop [56]=Oop [64]=Oop [80]=NarrowOop [84]=NarrowOop [88]=Oop [96]=Oop }
                      ;*ifeq {reexecute=1 rethrow=0 return_oop=0}
                      ; - (reexecute) java.lang.String::hashCode@20 (line 2344)
                      ; - java.util.concurrent.ConcurrentHashMap::get@1 (line 936)
                      ; - java.lang.ClassLoader::getNamedPackage@5 (line 340)
                      ; - java.lang.ClassLoader::postDefineClass@9 (line 924)
                      ; - java.lang.ClassLoader::defineClass@37 (line 1018)
                      ; - java.security.SecureClassLoader::defineClass@12 (line 150)
  0x000002772ec195f8: 04d3 47ff | 4c89 4424 | 3844 894c | 2430 4c89 | 6c24 2048 | ba00 0000 | 4377 0200 | 0049 03d2 
  0x000002772ec19618: 448b c390 

  0x000002772ec1961c: ;   {runtime_call _new_array_Java}
  0x000002772ec1961c: c5f8 77e8 

  0x000002772ec19620: ; ImmutableOopMap {rbp=Oop [32]=Oop [40]=Oop [48]=NarrowOop }
                      ;*invokevirtual clone {reexecute=1 rethrow=0 return_oop=1}
                      ; - (reexecute) java.security.CodeSource::getCertificates@11 (line 203)
                      ; - java.lang.ClassLoader::postDefineClass@24 (line 927)
                      ; - java.lang.ClassLoader::defineClass@37 (line 1018)
                      ; - java.security.SecureClassLoader::defineClass@12 (line 150)
  0x000002772ec19620: dc6d 52ff | 448b 4c24 | 304c 8b44 | 2438 e910 | eeff ff48 | 8954 2468 | 4489 4c24 | 5c48 8974 
  0x000002772ec19640: 2460 4489 | 5c24 5848 | 895c 2450 | 4c8b 5424 | 484c 8954 | 2440 4c89 | 7424 2848 | 8b6c 2420 
  0x000002772ec19660: ;   {metadata('java/util/ArrayList')}
  0x000002772ec19660: 48ba 20df | 0043 7702 | 0000 6690 

  0x000002772ec1966c: ;   {runtime_call _new_instance_Java}
  0x000002772ec1966c: c5f8 77e8 

  0x000002772ec19670: ; ImmutableOopMap {rbp=Oop [40]=Oop [48]=Oop [64]=Oop [80]=Oop [88]=NarrowOop [92]=NarrowOop [96]=Oop [104]=Oop }
                      ;*new {reexecute=0 rethrow=0 return_oop=1}
                      ; - java.security.CodeSource::getCertificates@25 (line 207)
                      ; - java.lang.ClassLoader::checkCerts@34 (line 1158)
                      ; - java.lang.ClassLoader::preDefineClass@113 (line 907)
                      ; - java.lang.ClassLoader::defineClass@4 (line 1015)
                      ; - java.security.SecureClassLoader::defineClass@12 (line 150)
  0x000002772ec19670: 8c6a 52ff | 4889 6c24 | 204c 8b74 | 2428 4c8b | 5424 404c | 8954 2448 | 488b 5c24 | 5044 8b5c 
  0x000002772ec19690: 2458 4489 | 5c24 2848 | 8b74 2460 | 448b 4c24 | 5c48 8b54 | 2468 e9bb | e8ff ff4c | 896c 2478 
  0x000002772ec196b0: 4889 5424 | 7048 8974 | 2468 4c89 | 4c24 604c | 895c 2458 | 4889 5c24 | 504c 8974 

  0x000002772ec196cc: ;   {metadata('java/security/cert/Certificate'[])}
  0x000002772ec196cc: 2440 48ba | 8054 1243 | 7702 0000 

  0x000002772ec196d8: ;   {runtime_call _new_array_Java}
  0x000002772ec196d8: c5f8 77e8 

  0x000002772ec196dc: ; ImmutableOopMap {[32]=Oop [40]=NarrowOop [48]=Oop [64]=Oop [72]=Oop [80]=Oop [88]=Oop [104]=Oop [112]=Oop [120]=Oop }
                      ;*anewarray {reexecute=0 rethrow=0 return_oop=1}
                      ; - java.security.CodeSource::getCertificates@73 (line 214)
                      ; - java.lang.ClassLoader::checkCerts@34 (line 1158)
                      ; - java.lang.ClassLoader::preDefineClass@113 (line 907)
                      ; - java.lang.ClassLoader::defineClass@4 (line 1015)
                      ; - java.security.SecureClassLoader::defineClass@12 (line 150)
  0x000002772ec196dc: 206d 52ff | 4c8b d0e9 | d4ea ffff | 4c89 4424 | 7048 895c | 2428 48ba | 0000 0043 | 7702 0000 
  0x000002772ec196fc: 4903 d245 | 8bc3 6690 

  0x000002772ec19704: ;   {runtime_call _new_array_Java}
  0x000002772ec19704: c5f8 77e8 

  0x000002772ec19708: ; ImmutableOopMap {[32]=Oop [40]=Oop [48]=Oop [64]=Oop [72]=Oop [80]=Oop [88]=Oop [104]=Oop }
                      ;*invokevirtual clone {reexecute=1 rethrow=0 return_oop=1}
                      ; - (reexecute) java.security.CodeSource::getCertificates@89 (line 215)
                      ; - java.lang.ClassLoader::checkCerts@34 (line 1158)
                      ; - java.lang.ClassLoader::preDefineClass@113 (line 907)
                      ; - java.lang.ClassLoader::defineClass@4 (line 1015)
                      ; - java.security.SecureClassLoader::defineClass@12 (line 150)
  0x000002772ec19708: f46c 52ff | 488b 5c24 | 284c 8b44 | 2470 488b | f8e9 82eb | ffff 4889 | 5424 3844 | 8944 2434 
  0x000002772ec19728: 4489 5c24 | 304c 8b54 | 2428 4c89 | 5424 2049 

  0x000002772ec19738: ;   {metadata('java/util/ArrayList')}
  0x000002772ec19738: 8bed 48ba | 20df 0043 | 7702 0000 

  0x000002772ec19744: ;   {runtime_call _new_instance_Java}
  0x000002772ec19744: c5f8 77e8 

  0x000002772ec19748: ; ImmutableOopMap {rbp=Oop [32]=Oop [40]=Oop [48]=NarrowOop [52]=NarrowOop [56]=Oop }
                      ;*new {reexecute=0 rethrow=0 return_oop=1}
                      ; - java.security.CodeSource::getCertificates@25 (line 207)
                      ; - java.lang.ClassLoader::postDefineClass@24 (line 927)
                      ; - java.lang.ClassLoader::defineClass@37 (line 1018)
                      ; - java.security.SecureClassLoader::defineClass@12 (line 150)
  0x000002772ec19748: b469 52ff | 4c8b ed44 | 8b5c 2430 | 448b 4424 | 3448 8b54 | 2438 e950 | edff ff48 | 895c 2438 
  0x000002772ec19768: 4889 5424 | 3041 8beb | 4c89 6c24 

  0x000002772ec19774: ;   {metadata('java/security/cert/Certificate'[])}
  0x000002772ec19774: 2048 ba80 | 5412 4377 | 0200 0090 

  0x000002772ec19780: ;   {runtime_call _new_array_Java}
  0x000002772ec19780: c5f8 77e8 

  0x000002772ec19784: ; ImmutableOopMap {rbp=NarrowOop [32]=Oop [40]=Oop [48]=Oop [56]=Oop }
                      ;*anewarray {reexecute=0 rethrow=0 return_oop=1}
                      ; - java.security.CodeSource::getCertificates@73 (line 214)
                      ; - java.lang.ClassLoader::postDefineClass@24 (line 927)
                      ; - java.lang.ClassLoader::defineClass@37 (line 1018)
                      ; - java.security.SecureClassLoader::defineClass@12 (line 150)
  0x000002772ec19784: 786c 52ff | 4c8b d0e9 | d4ee ffff | 48ba 0000 | 0043 7702 | 0000 4903 | d245 8bc3 

  0x000002772ec197a0: ;   {runtime_call _new_array_Java}
  0x000002772ec197a0: c5f8 77e8 

  0x000002772ec197a4: ; ImmutableOopMap {[32]=Oop [40]=Oop [56]=Oop }
                      ;*invokevirtual clone {reexecute=1 rethrow=0 return_oop=1}
                      ; - (reexecute) java.security.CodeSource::getCertificates@89 (line 215)
                      ; - java.lang.ClassLoader::postDefineClass@24 (line 927)
                      ; - java.lang.ClassLoader::defineClass@37 (line 1018)
                      ; - java.security.SecureClassLoader::defineClass@12 (line 150)
  0x000002772ec197a4: 586c 52ff | e9a1 efff | ffba 76ff | ffff 488b | 6c24 204c | 8b5c 2448 | 4c89 5c24 | 404c 894c 
  0x000002772ec197c4: 2458 895c | 2460 894c | 2464 8974 | 2468 4c89 | 4424 7044 | 8954 2478 

  0x000002772ec197dc: ;   {runtime_call UncommonTrapBlob}
  0x000002772ec197dc: c5f8 77e8 

  0x000002772ec197e0: ; ImmutableOopMap {rbp=Oop [40]=Oop [48]=Oop [64]=Oop [88]=Oop [104]=NarrowOop [112]=Oop }
                      ;*if_icmpge {reexecute=1 rethrow=0 return_oop=0}
                      ; - (reexecute) java.lang.ClassLoader::compareCerts@67 (line 1187)
                      ; - java.lang.ClassLoader::checkCerts@80 (line 1162)
                      ; - java.lang.ClassLoader::preDefineClass@113 (line 907)
                      ; - java.lang.ClassLoader::defineClass@4 (line 1015)
                      ; - java.security.SecureClassLoader::defineClass@12 (line 150)
  0x000002772ec197e0: 1cd1 47ff | ba76 ffff | ff48 8b6c | 2420 4c8b | 4c24 484c | 894c 2440 | 4c8b 4c24 | 704c 895c 
  0x000002772ec19800: 2450 4489 | 4424 5c44 | 8954 2460 | 4c89 4c24 | 6844 8b94 | 2494 0000 | 0044 8954 | 2470 6690 
  0x000002772ec19820: ;   {runtime_call UncommonTrapBlob}
  0x000002772ec19820: c5f8 77e8 

  0x000002772ec19824: ; ImmutableOopMap {rbp=Oop [40]=Oop [48]=Oop [64]=Oop [80]=Oop [96]=NarrowOop [104]=Oop }
                      ;*if_icmpge {reexecute=1 rethrow=0 return_oop=0}
                      ; - (reexecute) java.lang.ClassLoader::compareCerts@152 (line 1199)
                      ; - java.lang.ClassLoader::checkCerts@80 (line 1162)
                      ; - java.lang.ClassLoader::preDefineClass@113 (line 907)
                      ; - java.lang.ClassLoader::defineClass@4 (line 1015)
                      ; - java.security.SecureClassLoader::defineClass@12 (line 150)
  0x000002772ec19824: d8d0 47ff | bae4 ffff | ff48 8b6c | 2420 448b | 5424 3844 | 8954 242c | 448b 4424 | 3c44 8944 
  0x000002772ec19844: 2438 4c8b | 5424 484c | 8954 2440 | 4889 5c24 | 484c 8974 | 2450 4889 | 7424 584c | 896c 2468 
  0x000002772ec19864: 4489 4c24 | 7044 895c | 2474 6690 

  0x000002772ec19870: ;   {runtime_call UncommonTrapBlob}
  0x000002772ec19870: c5f8 77e8 

  0x000002772ec19874: ; ImmutableOopMap {rbp=Oop [40]=NarrowOop [48]=Oop [64]=Oop [72]=Oop [80]=Oop [88]=Oop [104]=Oop [112]=NarrowOop }
                      ;*aaload {reexecute=0 rethrow=0 return_oop=0}
                      ; - java.security.CodeSource::getCertificates@50 (line 210)
                      ; - java.lang.ClassLoader::checkCerts@34 (line 1158)
                      ; - java.lang.ClassLoader::preDefineClass@113 (line 907)
                      ; - java.lang.ClassLoader::defineClass@4 (line 1015)
                      ; - java.security.SecureClassLoader::defineClass@12 (line 150)
  0x000002772ec19874: 88d0 47ff | bae4 ffff | ff48 8b6c | 2428 4c89 | 6c24 2044 | 895c 2430 | 4889 5c24 | 4044 8944 
  0x000002772ec19894: 2448 6690 

  0x000002772ec19898: ;   {runtime_call UncommonTrapBlob}
  0x000002772ec19898: c5f8 77e8 

  0x000002772ec1989c: ; ImmutableOopMap {rbp=Oop [32]=Oop [48]=NarrowOop [64]=Oop [72]=NarrowOop }
                      ;*aaload {reexecute=0 rethrow=0 return_oop=0}
                      ; - java.security.CodeSource::getCertificates@50 (line 210)
                      ; - java.lang.ClassLoader::postDefineClass@24 (line 927)
                      ; - java.lang.ClassLoader::defineClass@37 (line 1018)
                      ; - java.security.SecureClassLoader::defineClass@12 (line 150)
  0x000002772ec1989c: 60d0 47ff | 4963 c8e9 | 19e8 ffff | 4963 c8e9 | caec ffff | ba76 ffff | ff48 8b6c | 2420 4c8b 
  0x000002772ec198bc: 5424 484c | 8954 2440 | 4c89 4424 | 484c 894c | 2458 895c | 2464 6690 

  0x000002772ec198d4: ;   {runtime_call UncommonTrapBlob}
  0x000002772ec198d4: c5f8 77e8 

  0x000002772ec198d8: ; ImmutableOopMap {rbp=Oop [40]=Oop [48]=Oop [64]=Oop [72]=Oop [88]=Oop [104]=Oop }
                      ;*if_icmpge {reexecute=1 rethrow=0 return_oop=0}
                      ; - (reexecute) java.lang.ClassLoader::compareCerts@40 (line 1185)
                      ; - java.lang.ClassLoader::checkCerts@80 (line 1162)
                      ; - java.lang.ClassLoader::preDefineClass@113 (line 907)
                      ; - java.lang.ClassLoader::defineClass@4 (line 1015)
                      ; - java.security.SecureClassLoader::defineClass@12 (line 150)
  0x000002772ec198d8: 24d0 47ff | 498b d7c5 | f877 49ba | a08b 8890 | fd7f 0000 | 41ff d2e9 | fbe8 ffff | 498b d7c5 
  0x000002772ec198f8: f877 49ba | a08b 8890 | fd7f 0000 | 41ff d2e9 | 89ed ffff | baf6 ffff | ff66 6690 

  0x000002772ec19914: ;   {runtime_call UncommonTrapBlob}
  0x000002772ec19914: c5f8 77e8 

  0x000002772ec19918: ; ImmutableOopMap {}
                      ;*invokevirtual clone {reexecute=1 rethrow=0 return_oop=0}
                      ; - (reexecute) java.security.CodeSource::getCertificates@89 (line 215)
                      ; - java.lang.ClassLoader::checkCerts@34 (line 1158)
                      ; - java.lang.ClassLoader::preDefineClass@113 (line 907)
                      ; - java.lang.ClassLoader::defineClass@4 (line 1015)
                      ; - java.security.SecureClassLoader::defineClass@12 (line 150)
  0x000002772ec19918: e4cf 47ff | baf6 ffff | ff66 6690 

  0x000002772ec19924: ;   {runtime_call UncommonTrapBlob}
  0x000002772ec19924: c5f8 77e8 

  0x000002772ec19928: ; ImmutableOopMap {}
                      ;*invokevirtual clone {reexecute=1 rethrow=0 return_oop=0}
                      ; - (reexecute) java.security.CodeSource::getCertificates@89 (line 215)
                      ; - java.lang.ClassLoader::postDefineClass@24 (line 927)
                      ; - java.lang.ClassLoader::defineClass@37 (line 1018)
                      ; - java.security.SecureClassLoader::defineClass@12 (line 150)
  0x000002772ec19928: d4cf 47ff | bade ffff | ff48 8b6c | 2420 4c8b | 5424 284c | 8954 2420 | 4c8b 5424 | 304c 8954 
  0x000002772ec19948: 2428 448b | 5c24 3844 | 895c 2430 | 448b 5424 | 3c44 8954 | 2434 4889 | 4424 3890 

  0x000002772ec19964: ;   {runtime_call UncommonTrapBlob}
  0x000002772ec19964: c5f8 77e8 

  0x000002772ec19968: ; ImmutableOopMap {rbp=Oop [32]=Oop [40]=Oop [56]=Oop }
                      ;*checkcast {reexecute=0 rethrow=0 return_oop=0}
                      ; - java.security.SecureClassLoader::getProtectionDomain@34 (line 222)
                      ; - java.security.SecureClassLoader::defineClass@9 (line 150)
  0x000002772ec19968: 94cf 47ff | bade ffff | ff48 8b6c | 2420 4889 | 4424 5890 

  0x000002772ec1997c: ;   {runtime_call UncommonTrapBlob}
  0x000002772ec1997c: c5f8 77e8 

  0x000002772ec19980: ; ImmutableOopMap {rbp=Oop [40]=Oop [48]=Oop [64]=Oop [72]=Oop [88]=Oop [104]=Oop }
                      ;*checkcast {reexecute=0 rethrow=0 return_oop=0}
                      ; - java.lang.ClassLoader::checkCerts@65 (line 1161)
                      ; - java.lang.ClassLoader::preDefineClass@113 (line 907)
                      ; - java.lang.ClassLoader::defineClass@4 (line 1015)
                      ; - java.security.SecureClassLoader::defineClass@12 (line 150)
  0x000002772ec19980: 7ccf 47ff | bade ffff | ff48 8b6c | 2420 448b | 5424 3844 | 8954 242c | 448b 5c24 | 3c44 895c 
  0x000002772ec199a0: 2438 4889 | 4424 6090 

  0x000002772ec199a8: ;   {runtime_call UncommonTrapBlob}
  0x000002772ec199a8: c5f8 77e8 

  0x000002772ec199ac: ; ImmutableOopMap {rbp=Oop [40]=NarrowOop [48]=Oop [64]=Oop [72]=Oop [80]=Oop [96]=Oop [104]=Oop }
                      ;*checkcast {reexecute=0 rethrow=0 return_oop=0}
                      ; - java.security.CodeSource::getCertificates@79 (line 213)
                      ; - java.lang.ClassLoader::checkCerts@34 (line 1158)
                      ; - java.lang.ClassLoader::preDefineClass@113 (line 907)
                      ; - java.lang.ClassLoader::defineClass@4 (line 1015)
                      ; - java.security.SecureClassLoader::defineClass@12 (line 150)
  0x000002772ec199ac: 50cf 47ff | bade ffff | ff48 8944 | 2440 6690 

  0x000002772ec199bc: ;   {runtime_call UncommonTrapBlob}
  0x000002772ec199bc: c5f8 77e8 

  0x000002772ec199c0: ; ImmutableOopMap {rbp=NarrowOop [32]=Oop [40]=Oop [64]=Oop }
                      ;*checkcast {reexecute=0 rethrow=0 return_oop=0}
                      ; - java.security.CodeSource::getCertificates@79 (line 213)
                      ; - java.lang.ClassLoader::postDefineClass@24 (line 927)
                      ; - java.lang.ClassLoader::defineClass@37 (line 1018)
                      ; - java.security.SecureClassLoader::defineClass@12 (line 150)
  0x000002772ec199c0: 3ccf 47ff | baf6 ffff | ff49 8be8 | 4889 4c24 | 2066 6690 

  0x000002772ec199d4: ;   {runtime_call UncommonTrapBlob}
  0x000002772ec199d4: c5f8 77e8 

  0x000002772ec199d8: ; ImmutableOopMap {rbp=Oop [32]=Oop }
                      ;*invokeinterface computeIfAbsent {reexecute=0 rethrow=0 return_oop=0}
                      ; - java.security.SecureClassLoader::getProtectionDomain@29 (line 222)
                      ; - java.security.SecureClassLoader::defineClass@9 (line 150)
  0x000002772ec199d8: 24cf 47ff | baf4 ffff | ff48 8b6c | 2420 4c8b | 5424 284c | 8954 2420 | 4c8b 5424 | 304c 8954 
  0x000002772ec199f8: 2428 6690 

  0x000002772ec199fc: ;   {runtime_call UncommonTrapBlob}
  0x000002772ec199fc: c5f8 77e8 

  0x000002772ec19a00: ; ImmutableOopMap {rbp=Oop [32]=Oop [40]=Oop }
                      ;*checkcast {reexecute=0 rethrow=0 return_oop=0}
                      ; - java.security.SecureClassLoader::getProtectionDomain@34 (line 222)
                      ; - java.security.SecureClassLoader::defineClass@9 (line 150)
  0x000002772ec19a00: fcce 47ff | baf6 ffff | ff66 6690 

  0x000002772ec19a0c: ;   {runtime_call UncommonTrapBlob}
  0x000002772ec19a0c: c5f8 77e8 

  0x000002772ec19a10: ; ImmutableOopMap {}
                      ;*arraylength {reexecute=0 rethrow=0 return_oop=0}
                      ; - java.lang.String::isEmpty@4 (line 1494)
                      ; - java.lang.ClassLoader::checkName@5 (line 1145)
                      ; - java.lang.ClassLoader::preDefineClass@1 (line 890)
                      ; - java.lang.ClassLoader::defineClass@4 (line 1015)
                      ; - java.security.SecureClassLoader::defineClass@12 (line 150)
  0x000002772ec19a10: ecce 47ff | baf6 ffff | ff66 6690 

  0x000002772ec19a1c: ;   {runtime_call UncommonTrapBlob}
  0x000002772ec19a1c: c5f8 77e8 

  0x000002772ec19a20: ; ImmutableOopMap {}
                      ;*invokevirtual getPackageName {reexecute=0 rethrow=0 return_oop=0}
                      ; - java.lang.ClassLoader::postDefineClass@2 (line 924)
                      ; - java.lang.ClassLoader::defineClass@37 (line 1018)
                      ; - java.security.SecureClassLoader::defineClass@12 (line 150)
  0x000002772ec19a20: dcce 47ff | baf6 ffff | ff48 8beb 

  0x000002772ec19a2c: ;   {runtime_call UncommonTrapBlob}
  0x000002772ec19a2c: c5f8 77e8 

  0x000002772ec19a30: ; ImmutableOopMap {rbp=Oop }
                      ;*invokevirtual get {reexecute=0 rethrow=0 return_oop=0}
                      ; - java.lang.ClassLoader::getNamedPackage@5 (line 340)
                      ; - java.lang.ClassLoader::postDefineClass@9 (line 924)
                      ; - java.lang.ClassLoader::defineClass@37 (line 1018)
                      ; - java.security.SecureClassLoader::defineClass@12 (line 150)
  0x000002772ec19a30: ccce 47ff | baf6 ffff | ff66 6690 

  0x000002772ec19a3c: ;   {runtime_call UncommonTrapBlob}
  0x000002772ec19a3c: c5f8 77e8 

  0x000002772ec19a40: ; ImmutableOopMap {}
                      ;*invokevirtual hashCode {reexecute=0 rethrow=0 return_oop=0}
                      ; - java.util.concurrent.ConcurrentHashMap::get@1 (line 936)
                      ; - java.lang.ClassLoader::getNamedPackage@5 (line 340)
                      ; - java.lang.ClassLoader::postDefineClass@9 (line 924)
                      ; - java.lang.ClassLoader::defineClass@37 (line 1018)
                      ; - java.security.SecureClassLoader::defineClass@12 (line 150)
  0x000002772ec19a40: bcce 47ff | ba45 ffff | ff48 8b6c | 2420 6690 

  0x000002772ec19a50: ;   {runtime_call UncommonTrapBlob}
  0x000002772ec19a50: c5f8 77e8 

  0x000002772ec19a54: ; ImmutableOopMap {rbp=Oop [40]=Oop [48]=Oop [72]=Oop }
                      ;*ifnull {reexecute=1 rethrow=0 return_oop=0}
                      ; - (reexecute) java.lang.ClassLoader::checkName@1 (line 1145)
                      ; - java.lang.ClassLoader::preDefineClass@1 (line 890)
                      ; - java.lang.ClassLoader::defineClass@4 (line 1015)
                      ; - java.security.SecureClassLoader::defineClass@12 (line 150)
  0x000002772ec19a54: a8ce 47ff | ba45 ffff | ff48 8b6c | 2420 448b | 5424 3844 | 8954 242c | 448b 5c24 | 3c44 895c 
  0x000002772ec19a74: 2438 4c8b | 5424 484c | 8954 2440 | 4889 5c24 | 484c 8974 | 2450 4889 | 7424 5890 

  0x000002772ec19a90: ;   {runtime_call UncommonTrapBlob}
  0x000002772ec19a90: c5f8 77e8 

  0x000002772ec19a94: ; ImmutableOopMap {rbp=Oop [40]=NarrowOop [48]=Oop [64]=Oop [72]=Oop [80]=Oop [88]=Oop }
                      ;*ifnull {reexecute=1 rethrow=0 return_oop=0}
                      ; - (reexecute) java.lang.ClassLoader::checkCerts@30 (line 1157)
                      ; - java.lang.ClassLoader::preDefineClass@113 (line 907)
                      ; - java.lang.ClassLoader::defineClass@4 (line 1015)
                      ; - java.security.SecureClassLoader::defineClass@12 (line 150)
  0x000002772ec19a94: 68ce 47ff | ba45 ffff | ff48 8b6c | 2420 4c8b | 5424 284c | 8954 2420 | 4c8b 5424 | 304c 8954 
  0x000002772ec19ab4: 2428 448b | 4c24 3844 | 894c 2430 | 448b 5424 | 3c44 8954 | 2434 4489 | 4424 4490 

  0x000002772ec19ad0: ;   {runtime_call UncommonTrapBlob}
  0x000002772ec19ad0: c5f8 77e8 

  0x000002772ec19ad4: ; ImmutableOopMap {rbp=Oop [32]=Oop [40]=Oop [68]=NarrowOop [72]=Oop }
                      ;*ifnull {reexecute=1 rethrow=0 return_oop=0}
                      ; - (reexecute) java.lang.ClassLoader::defineClassSourceLocation@8 (line 916)
                      ; - java.lang.ClassLoader::defineClass@12 (line 1016)
                      ; - java.security.SecureClassLoader::defineClass@12 (line 150)
  0x000002772ec19ad4: 28ce 47ff | ba45 ffff | ff48 ff74 | 2448 488f | 4424 4044 | 8944 2448 

  0x000002772ec19aec: ;   {runtime_call UncommonTrapBlob}
  0x000002772ec19aec: c5f8 77e8 

  0x000002772ec19af0: ; ImmutableOopMap {rbp=NarrowOop [32]=Oop [40]=Oop [48]=Oop [64]=Oop [72]=NarrowOop }
                      ;*ifnull {reexecute=1 rethrow=0 return_oop=0}
                      ; - (reexecute) java.lang.ClassLoader::defineClassSourceLocation@15 (line 916)
                      ; - java.lang.ClassLoader::defineClass@12 (line 1016)
                      ; - java.security.SecureClassLoader::defineClass@12 (line 150)
  0x000002772ec19af0: 0cce 47ff | 4d85 d240 | 0f95 c540 | 0fb6 ed83 | f501 ba45 | ffff ff4c | 8b54 2448 | 4c89 5424 
  0x000002772ec19b10: 3866 6690 

  0x000002772ec19b14: ;   {runtime_call UncommonTrapBlob}
  0x000002772ec19b14: c5f8 77e8 

  0x000002772ec19b18: ; ImmutableOopMap {[32]=Oop [40]=Oop [56]=Oop }
                      ;*ifeq {reexecute=1 rethrow=0 return_oop=0}
                      ; - (reexecute) java.lang.Class::getPackageName@29 (line 1079)
                      ; - java.lang.ClassLoader::postDefineClass@2 (line 924)
                      ; - java.lang.ClassLoader::defineClass@37 (line 1018)
                      ; - java.security.SecureClassLoader::defineClass@12 (line 150)
  0x000002772ec19b18: e4cd 47ff | baf6 ffff | ff66 6690 

  0x000002772ec19b24: ;   {runtime_call UncommonTrapBlob}
  0x000002772ec19b24: c5f8 77e8 

  0x000002772ec19b28: ; ImmutableOopMap {}
                      ;*arraylength {reexecute=0 rethrow=0 return_oop=0}
                      ; - java.lang.String::length@4 (line 1481)
                      ; - java.lang.String::lastIndexOf@3 (line 2451)
                      ; - java.lang.Class::getPackageName@47 (line 1083)
                      ; - java.lang.ClassLoader::postDefineClass@2 (line 924)
                      ; - java.lang.ClassLoader::defineClass@37 (line 1018)
                      ; - java.security.SecureClassLoader::defineClass@12 (line 150)
  0x000002772ec19b28: d4cd 47ff | baf6 ffff | ff66 6690 

  0x000002772ec19b34: ;   {runtime_call UncommonTrapBlob}
  0x000002772ec19b34: c5f8 77e8 

  0x000002772ec19b38: ; ImmutableOopMap {}
                      ;*arraylength {reexecute=0 rethrow=0 return_oop=0}
                      ; - java.lang.String::isEmpty@4 (line 1494)
                      ; - java.lang.NamedPackage::<init>@5 (line 48)
                      ; - java.lang.ClassLoader::getNamedPackage@22 (line 342)
                      ; - java.lang.ClassLoader::postDefineClass@9 (line 924)
                      ; - java.lang.ClassLoader::defineClass@37 (line 1018)
                      ; - java.security.SecureClassLoader::defineClass@12 (line 150)
  0x000002772ec19b38: c4cd 47ff | ba45 ffff | ff48 8b6c | 2428 4c89 | 6c24 2044 | 895c 2438 

  0x000002772ec19b50: ;   {runtime_call UncommonTrapBlob}
  0x000002772ec19b50: c5f8 77e8 

  0x000002772ec19b54: ; ImmutableOopMap {rbp=Oop [32]=Oop [56]=NarrowOop [64]=Oop }
                      ;*ifnull {reexecute=1 rethrow=0 return_oop=0}
                      ; - (reexecute) java.lang.ClassLoader::postDefineClass@17 (line 926)
                      ; - java.lang.ClassLoader::defineClass@37 (line 1018)
                      ; - java.security.SecureClassLoader::defineClass@12 (line 150)
  0x000002772ec19b54: a8cd 47ff | ba45 ffff | ff48 8b4c | 2440 4889 | 4c24 384c | 896c 2440 | 4489 4424 | 504c 895c 
  0x000002772ec19b74: 2458 4489 | 4c24 5444 | 8954 2460 

  0x000002772ec19b80: ;   {runtime_call UncommonTrapBlob}
  0x000002772ec19b80: c5f8 77e8 

  0x000002772ec19b84: ; ImmutableOopMap {rbp=NarrowOop [40]=Oop [56]=Oop [64]=Oop [80]=NarrowOop [84]=NarrowOop [88]=Oop }
                      ;*ifnull {reexecute=1 rethrow=0 return_oop=0}
                      ; - (reexecute) java.util.concurrent.ConcurrentHashMap::get@67 (line 940)
                      ; - java.lang.ClassLoader::getNamedPackage@5 (line 340)
                      ; - java.lang.ClassLoader::postDefineClass@9 (line 924)
                      ; - java.lang.ClassLoader::defineClass@37 (line 1018)
                      ; - java.security.SecureClassLoader::defineClass@12 (line 150)
  0x000002772ec19b84: 78cd 47ff | baf6 ffff | ff66 6690 

  0x000002772ec19b90: ;   {runtime_call UncommonTrapBlob}
  0x000002772ec19b90: c5f8 77e8 

  0x000002772ec19b94: ; ImmutableOopMap {}
                      ;*arraylength {reexecute=0 rethrow=0 return_oop=0}
                      ; - java.lang.StringLatin1::hashCode@5 (line 196)
                      ; - java.lang.String::hashCode@27 (line 2344)
                      ; - java.util.concurrent.ConcurrentHashMap::get@1 (line 936)
                      ; - java.lang.ClassLoader::getNamedPackage@5 (line 340)
                      ; - java.lang.ClassLoader::postDefineClass@9 (line 924)
                      ; - java.lang.ClassLoader::defineClass@37 (line 1018)
                      ; - java.security.SecureClassLoader::defineClass@12 (line 150)
  0x000002772ec19b94: 68cd 47ff | ba45 ffff | ff48 8b4c | 2440 4889 | 4c24 384c | 896c 2440 | 4489 4424 | 504c 895c 
  0x000002772ec19bb4: 2458 4c89 | 4c24 6044 | 8954 2454 

  0x000002772ec19bc0: ;   {runtime_call UncommonTrapBlob}
  0x000002772ec19bc0: c5f8 77e8 

  0x000002772ec19bc4: ; ImmutableOopMap {rbp=NarrowOop [40]=Oop [56]=Oop [64]=Oop [80]=NarrowOop [88]=Oop [96]=Oop }
                      ;*ifnull {reexecute=1 rethrow=0 return_oop=0}
                      ; - (reexecute) java.util.concurrent.ConcurrentHashMap::get@143 (line 946)
                      ; - java.lang.ClassLoader::getNamedPackage@5 (line 340)
                      ; - java.lang.ClassLoader::postDefineClass@9 (line 924)
                      ; - java.lang.ClassLoader::defineClass@37 (line 1018)
                      ; - java.security.SecureClassLoader::defineClass@12 (line 150)
  0x000002772ec19bc4: 38cd 47ff | baf6 ffff | ff41 8beb 

  0x000002772ec19bd0: ;   {runtime_call UncommonTrapBlob}
  0x000002772ec19bd0: c5f8 77e8 

  0x000002772ec19bd4: ; ImmutableOopMap {}
                      ;*aaload {reexecute=0 rethrow=0 return_oop=0}
                      ; - java.security.CodeSource::getCertificates@50 (line 210)
                      ; - java.lang.ClassLoader::checkCerts@34 (line 1158)
                      ; - java.lang.ClassLoader::preDefineClass@113 (line 907)
                      ; - java.lang.ClassLoader::defineClass@4 (line 1015)
                      ; - java.security.SecureClassLoader::defineClass@12 (line 150)
  0x000002772ec19bd4: 28cd 47ff | baf6 ffff | ff66 6690 

  0x000002772ec19be0: ;   {runtime_call UncommonTrapBlob}
  0x000002772ec19be0: c5f8 77e8 

  0x000002772ec19be4: ; ImmutableOopMap {}
                      ;*invokevirtual getSignerCertPath {reexecute=0 rethrow=0 return_oop=0}
                      ; - java.security.CodeSource::getCertificates@51 (line 211)
                      ; - java.lang.ClassLoader::checkCerts@34 (line 1158)
                      ; - java.lang.ClassLoader::preDefineClass@113 (line 907)
                      ; - java.lang.ClassLoader::defineClass@4 (line 1015)
                      ; - java.security.SecureClassLoader::defineClass@12 (line 150)
  0x000002772ec19be4: 18cd 47ff | baf6 ffff | ff66 6690 

  0x000002772ec19bf0: ;   {runtime_call UncommonTrapBlob}
  0x000002772ec19bf0: c5f8 77e8 

  0x000002772ec19bf4: ; ImmutableOopMap {}
                      ;*invokevirtual getCertificates {reexecute=0 rethrow=0 return_oop=0}
                      ; - java.security.CodeSource::getCertificates@54 (line 211)
                      ; - java.lang.ClassLoader::checkCerts@34 (line 1158)
                      ; - java.lang.ClassLoader::preDefineClass@113 (line 907)
                      ; - java.lang.ClassLoader::defineClass@4 (line 1015)
                      ; - java.security.SecureClassLoader::defineClass@12 (line 150)
  0x000002772ec19bf4: 08cd 47ff | baf6 ffff | ff66 6690 

  0x000002772ec19c00: ;   {runtime_call UncommonTrapBlob}
  0x000002772ec19c00: c5f8 77e8 

  0x000002772ec19c04: ; ImmutableOopMap {}
                      ;*arraylength {reexecute=0 rethrow=0 return_oop=0}
                      ; - java.security.CodeSource::getCertificates@40 (line 209)
                      ; - java.lang.ClassLoader::checkCerts@34 (line 1158)
                      ; - java.lang.ClassLoader::preDefineClass@113 (line 907)
                      ; - java.lang.ClassLoader::defineClass@4 (line 1015)
                      ; - java.security.SecureClassLoader::defineClass@12 (line 150)
  0x000002772ec19c04: f8cc 47ff | baf6 ffff | ff66 6690 

  0x000002772ec19c10: ;   {runtime_call UncommonTrapBlob}
  0x000002772ec19c10: c5f8 77e8 

  0x000002772ec19c14: ; ImmutableOopMap {}
                      ;*aaload {reexecute=0 rethrow=0 return_oop=0}
                      ; - java.security.CodeSource::getCertificates@50 (line 210)
                      ; - java.lang.ClassLoader::postDefineClass@24 (line 927)
                      ; - java.lang.ClassLoader::defineClass@37 (line 1018)
                      ; - java.security.SecureClassLoader::defineClass@12 (line 150)
  0x000002772ec19c14: e8cc 47ff | baf6 ffff | ff66 6690 

  0x000002772ec19c20: ;   {runtime_call UncommonTrapBlob}
  0x000002772ec19c20: c5f8 77e8 

  0x000002772ec19c24: ; ImmutableOopMap {}
                      ;*invokevirtual getSignerCertPath {reexecute=0 rethrow=0 return_oop=0}
                      ; - java.security.CodeSource::getCertificates@51 (line 211)
                      ; - java.lang.ClassLoader::postDefineClass@24 (line 927)
                      ; - java.lang.ClassLoader::defineClass@37 (line 1018)
                      ; - java.security.SecureClassLoader::defineClass@12 (line 150)
  0x000002772ec19c24: d8cc 47ff | baf6 ffff | ff66 6690 

  0x000002772ec19c30: ;   {runtime_call UncommonTrapBlob}
  0x000002772ec19c30: c5f8 77e8 

  0x000002772ec19c34: ; ImmutableOopMap {}
                      ;*invokevirtual getCertificates {reexecute=0 rethrow=0 return_oop=0}
                      ; - java.security.CodeSource::getCertificates@54 (line 211)
                      ; - java.lang.ClassLoader::postDefineClass@24 (line 927)
                      ; - java.lang.ClassLoader::defineClass@37 (line 1018)
                      ; - java.security.SecureClassLoader::defineClass@12 (line 150)
  0x000002772ec19c34: c8cc 47ff | baf6 ffff | ff66 6690 

  0x000002772ec19c40: ;   {runtime_call UncommonTrapBlob}
  0x000002772ec19c40: c5f8 77e8 

  0x000002772ec19c44: ; ImmutableOopMap {}
                      ;*arraylength {reexecute=0 rethrow=0 return_oop=0}
                      ; - java.security.CodeSource::getCertificates@40 (line 209)
                      ; - java.lang.ClassLoader::postDefineClass@24 (line 927)
                      ; - java.lang.ClassLoader::defineClass@37 (line 1018)
                      ; - java.security.SecureClassLoader::defineClass@12 (line 150)
  0x000002772ec19c44: b8cc 47ff | baf4 ffff | ff48 8b6c | 2420 448b | 5424 3844 | 8954 242c | 448b 5c24 | 3c44 895c 
  0x000002772ec19c64: 2438 6690 

  0x000002772ec19c68: ;   {runtime_call UncommonTrapBlob}
  0x000002772ec19c68: c5f8 77e8 

  0x000002772ec19c6c: ; ImmutableOopMap {rbp=Oop [40]=NarrowOop [48]=Oop [64]=Oop [72]=Oop [80]=Oop [104]=Oop }
                      ;*checkcast {reexecute=0 rethrow=0 return_oop=0}
                      ; - java.security.CodeSource::getCertificates@79 (line 213)
                      ; - java.lang.ClassLoader::checkCerts@34 (line 1158)
                      ; - java.lang.ClassLoader::preDefineClass@113 (line 907)
                      ; - java.lang.ClassLoader::defineClass@4 (line 1015)
                      ; - java.security.SecureClassLoader::defineClass@12 (line 150)
  0x000002772ec19c6c: 90cc 47ff | baf4 ffff | ff66 6690 

  0x000002772ec19c78: ;   {runtime_call UncommonTrapBlob}
  0x000002772ec19c78: c5f8 77e8 

  0x000002772ec19c7c: ; ImmutableOopMap {rbp=NarrowOop [32]=Oop [40]=Oop }
                      ;*checkcast {reexecute=0 rethrow=0 return_oop=0}
                      ; - java.security.CodeSource::getCertificates@79 (line 213)
                      ; - java.lang.ClassLoader::postDefineClass@24 (line 927)
                      ; - java.lang.ClassLoader::defineClass@37 (line 1018)
                      ; - java.security.SecureClassLoader::defineClass@12 (line 150)
  0x000002772ec19c7c: 80cc 47ff | ba97 ffff | ff48 8b6c | 2420 4c8b | 5424 504c | 8954 2448 | 4c8b 5424 | 584c 8954 
  0x000002772ec19c9c: 2450 6690 

  0x000002772ec19ca0: ;   {runtime_call UncommonTrapBlob}
  0x000002772ec19ca0: c5f8 77e8 

  0x000002772ec19ca4: ; ImmutableOopMap {rbp=Oop [40]=Oop [48]=Oop [64]=Oop [72]=Oop [80]=Oop [96]=NarrowOop }
                      ;*invokevirtual clone {reexecute=1 rethrow=0 return_oop=0}
                      ; - (reexecute) java.security.CodeSource::getCertificates@11 (line 203)
                      ; - java.lang.ClassLoader::checkCerts@34 (line 1158)
                      ; - java.lang.ClassLoader::preDefineClass@113 (line 907)
                      ; - java.lang.ClassLoader::defineClass@4 (line 1015)
                      ; - java.security.SecureClassLoader::defineClass@12 (line 150)
  0x000002772ec19ca4: 58cc 47ff | ba97 ffff | ff48 8b6c | 2428 6690 

  0x000002772ec19cb4: ;   {runtime_call UncommonTrapBlob}
  0x000002772ec19cb4: c5f8 77e8 

  0x000002772ec19cb8: ; ImmutableOopMap {rbp=Oop [32]=Oop [48]=NarrowOop }
                      ;*invokevirtual clone {reexecute=1 rethrow=0 return_oop=0}
                      ; - (reexecute) java.security.CodeSource::getCertificates@11 (line 203)
                      ; - java.lang.ClassLoader::postDefineClass@24 (line 927)
                      ; - java.lang.ClassLoader::defineClass@37 (line 1018)
                      ; - java.security.SecureClassLoader::defineClass@12 (line 150)
  0x000002772ec19cb8: 44cc 47ff | ba97 ffff | ff48 8b6c | 2420 6690 

  0x000002772ec19cc8: ;   {runtime_call UncommonTrapBlob}
  0x000002772ec19cc8: c5f8 77e8 

  0x000002772ec19ccc: ; ImmutableOopMap {rbp=Oop [40]=Oop [48]=Oop [64]=Oop [72]=Oop [80]=Oop [104]=Oop }
                      ;*invokevirtual clone {reexecute=1 rethrow=0 return_oop=0}
                      ; - (reexecute) java.security.CodeSource::getCertificates@89 (line 215)
                      ; - java.lang.ClassLoader::checkCerts@34 (line 1158)
                      ; - java.lang.ClassLoader::preDefineClass@113 (line 907)
                      ; - java.lang.ClassLoader::defineClass@4 (line 1015)
                      ; - java.security.SecureClassLoader::defineClass@12 (line 150)
  0x000002772ec19ccc: 30cc 47ff | ba97 ffff | ff48 8b6c | 2428 6690 

  0x000002772ec19cdc: ;   {runtime_call UncommonTrapBlob}
  0x000002772ec19cdc: c5f8 77e8 

  0x000002772ec19ce0: ; ImmutableOopMap {rbp=Oop [32]=Oop [56]=Oop }
                      ;*invokevirtual clone {reexecute=1 rethrow=0 return_oop=0}
                      ; - (reexecute) java.security.CodeSource::getCertificates@89 (line 215)
                      ; - java.lang.ClassLoader::postDefineClass@24 (line 927)
                      ; - java.lang.ClassLoader::defineClass@37 (line 1018)
                      ; - java.security.SecureClassLoader::defineClass@12 (line 150)
  0x000002772ec19ce0: 1ccc 47ff | eb37 eb35 | eb33 eb31 | eb2f eb2d | eb2b eb29 | eb27 eb1c | eb1a eb21 | eb1f eb1d 
  0x000002772ec19d00: eb1b eb19 | eb17 eb15 | eb13 eb11 | eb0f eb0d | eb0b eb09 | 488b d0eb | 07eb 02eb | 0048 8bd0 
  0x000002772ec19d20: c5f8 7748 | 81c4 c000 

  0x000002772ec19d28: ;   {runtime_call _rethrow_Java}
  0x000002772ec19d28: 0000 5de9 | d091 52ff 

  0x000002772ec19d30: ;   {internal_word}
  0x000002772ec19d30: 49ba a07c | c12e 7702 | 0000 4d89 | 9760 0300 

  0x000002772ec19d40: ;   {runtime_call SafepointBlob}
  0x000002772ec19d40: 00e9 badc | 47ff f4f4 | f4f4 f4f4 | f4f4 f4f4 | f4f4 f4f4 | f4f4 f4f4 | f4f4 f4f4 | f4f4 f4f4 
[Stub Code]
  0x000002772ec19d60: ;   {no_reloc}
  0x000002772ec19d60: 48bb 0000 | 0000 0000 

  0x000002772ec19d68: ;   {runtime_call}
  0x000002772ec19d68: 0000 e9fb 

  0x000002772ec19d6c: ;   {static_stub}
  0x000002772ec19d6c: ffff ff48 | bb00 0000 | 0000 0000 

  0x000002772ec19d78: ;   {runtime_call}
  0x000002772ec19d78: 00e9 fbff 

  0x000002772ec19d7c: ;   {static_stub}
  0x000002772ec19d7c: ffff 48bb | 0000 0000 | 0000 0000 

  0x000002772ec19d88: ;   {runtime_call}
  0x000002772ec19d88: e9fb ffff 

  0x000002772ec19d8c: ;   {static_stub}
  0x000002772ec19d8c: ff48 bb00 | 0000 0000 

  0x000002772ec19d94: ;   {runtime_call}
  0x000002772ec19d94: 0000 00e9 | fbff ffff 

  0x000002772ec19d9c: ;   {static_stub}
  0x000002772ec19d9c: 48bb 0000 | 0000 0000 

  0x000002772ec19da4: ;   {runtime_call}
  0x000002772ec19da4: 0000 e9fb 

  0x000002772ec19da8: ;   {static_stub}
  0x000002772ec19da8: ffff ff48 | bb00 0000 | 0000 0000 

  0x000002772ec19db4: ;   {runtime_call}
  0x000002772ec19db4: 00e9 fbff 

  0x000002772ec19db8: ;   {static_stub}
  0x000002772ec19db8: ffff 48bb | 0000 0000 | 0000 0000 

  0x000002772ec19dc4: ;   {runtime_call}
  0x000002772ec19dc4: e9fb ffff 

  0x000002772ec19dc8: ;   {static_stub}
  0x000002772ec19dc8: ff48 bb00 | 0000 0000 

  0x000002772ec19dd0: ;   {runtime_call}
  0x000002772ec19dd0: 0000 00e9 | fbff ffff 

  0x000002772ec19dd8: ;   {static_stub}
  0x000002772ec19dd8: 48bb 0000 | 0000 0000 

  0x000002772ec19de0: ;   {runtime_call}
  0x000002772ec19de0: 0000 e9fb 

  0x000002772ec19de4: ;   {static_stub}
  0x000002772ec19de4: ffff ff48 | bb00 0000 | 0000 0000 

  0x000002772ec19df0: ;   {runtime_call}
  0x000002772ec19df0: 00e9 fbff 

  0x000002772ec19df4: ;   {static_stub}
  0x000002772ec19df4: ffff 48bb | 0000 0000 | 0000 0000 

  0x000002772ec19e00: ;   {runtime_call}
  0x000002772ec19e00: e9fb ffff 

  0x000002772ec19e04: ;   {static_stub}
  0x000002772ec19e04: ff48 bb00 | 0000 0000 

  0x000002772ec19e0c: ;   {runtime_call}
  0x000002772ec19e0c: 0000 00e9 | fbff ffff 

  0x000002772ec19e14: ;   {static_stub}
  0x000002772ec19e14: 48bb 0000 | 0000 0000 

  0x000002772ec19e1c: ;   {runtime_call}
  0x000002772ec19e1c: 0000 e9fb 

  0x000002772ec19e20: ;   {static_stub}
  0x000002772ec19e20: ffff ff48 | bb00 0000 | 0000 0000 

  0x000002772ec19e2c: ;   {runtime_call}
  0x000002772ec19e2c: 00e9 fbff 

  0x000002772ec19e30: ;   {static_stub}
  0x000002772ec19e30: ffff 48bb | 0000 0000 | 0000 0000 

  0x000002772ec19e3c: ;   {runtime_call}
  0x000002772ec19e3c: e9fb ffff 

  0x000002772ec19e40: ;   {static_stub}
  0x000002772ec19e40: ff48 bb00 | 0000 0000 

  0x000002772ec19e48: ;   {runtime_call}
  0x000002772ec19e48: 0000 00e9 | fbff ffff 

  0x000002772ec19e50: ;   {static_stub}
  0x000002772ec19e50: 48bb 0000 | 0000 0000 

  0x000002772ec19e58: ;   {runtime_call}
  0x000002772ec19e58: 0000 e9fb 

  0x000002772ec19e5c: ;   {runtime_call ExceptionBlob}
  0x000002772ec19e5c: ffff ffe9 | 1cb7 51ff 
[Deopt Handler Code]
  0x000002772ec19e64: e800 0000 | 0048 832c 

  0x000002772ec19e6c: ;   {runtime_call DeoptimizationBlob}
  0x000002772ec19e6c: 2405 e92d | ce47 fff4 | f4f4 f4f4 
[/MachCode]


Compiled method (c2)   37219 12152   !   4       org.gradle.internal.classloader.VisitableURLClassLoader$InstrumentingVisitableURLClassLoader::findClass (36 bytes)
 total in heap  [0x000002772ec74810,0x000002772ec871b8] = 76200
 relocation     [0x000002772ec74968,0x000002772ec75010] = 1704
 main code      [0x000002772ec75020,0x000002772ec7dcc0] = 36000
 stub code      [0x000002772ec7dcc0,0x000002772ec7e0c8] = 1032
 oops           [0x000002772ec7e0c8,0x000002772ec7e108] = 64
 metadata       [0x000002772ec7e108,0x000002772ec7e5e8] = 1248
 scopes data    [0x000002772ec7e5e8,0x000002772ec852e8] = 27904
 scopes pcs     [0x000002772ec852e8,0x000002772ec86478] = 4496
 dependencies   [0x000002772ec86478,0x000002772ec864f8] = 128
 handler table  [0x000002772ec864f8,0x000002772ec87008] = 2832
 nul chk table  [0x000002772ec87008,0x000002772ec871b8] = 432

[Constant Pool (empty)]

[MachCode]
[Entry Point]
  # {method} {0x00000277785841e0} 'findClass' '(Ljava/lang/String;)Ljava/lang/Class;' in 'org/gradle/internal/classloader/VisitableURLClassLoader$InstrumentingVisitableURLClassLoader'
  # this:     rdx:rdx   = 'org/gradle/internal/classloader/VisitableURLClassLoader$InstrumentingVisitableURLClassLoader'
  # parm0:    r8:r8     = 'java/lang/String'
  #           [sp+0x160]  (sp of caller)
  0x000002772ec75020: 448b 5208 | 49bb 0000 | 0043 7702 | 0000 4d03 | d349 3bc2 

  0x000002772ec75034: ;   {runtime_call ic_miss_stub}
  0x000002772ec75034: 0f85 46c0 | 41ff 6690 | 0f1f 4000 
[Verified Entry Point]
  0x000002772ec75040: 8984 2400 | 90ff ff55 | 4881 ec50 | 0100 004c | 8944 2458 | 4889 9424 | 8000 0000 | 448b 5a6c 
  0x000002772ec75060: 4489 5c24 | 5047 8b5c | dc0c 478b | 54dc 084d | 8b87 9002 | 0000 4d8b 

  0x000002772ec75078: ;   {metadata('java/lang/ThreadLocal')}
  0x000002772ec75078: 2841 81fa | 68f1 0800 | 0f85 8e41 | 0000 458b | 5544 4489 | 5424 384b | 8d1c dc44 | 8b5c 2450 
  0x000002772ec75098: 4f8d 14dc | 4c89 5424 | 3044 8b54 | 2438 4585 | d20f 84fb | 1b00 0047 | 8b5c d414 

  0x000002772ec750b4: ; implicit exception: dispatches to 0x000002772ec7c64c
  0x000002772ec750b4: 478b 44dc | 0c45 8bc8 | 41ff c944 | 234b 0c45 | 85c0 0f86 | f841 0000 | 4f8d 14dc | 478b 548a 
  0x000002772ec750d4: 1045 85d2 | 0f84 9d13 | 0000 478b | 44d4 0c4f | 8d1c d44d | 8bd0 49c1 | e203 4c3b | d374 3c44 
  0x000002772ec750f4: 8b54 2438 | 478b 54d4 | 1447 8b44 | d40c 8b7c | 2438 498d | 0cfc 4b8d | 3cd4 4489 | 4c24 7848 
  0x000002772ec75114: be00 0006 | 3377 0200 | 0045 33c9 | 4c89 6c24 | 204c 894c | 2440 e9ff | 0c00 0048 | be00 0006 
  0x000002772ec75134: 3377 0200 | 0045 33d2 | 4c89 5424 | 40eb 054c | 8b6c 2420 | 418b 6b1c | 85ed 7443 | 458b 5cec 
  0x000002772ec75154: ;   {metadata('java/lang/ClassNotFoundException')}
  0x000002772ec75154: 0841 81fb | 1028 0200 | 0f85 8642 | 0000 4d8d | 1cec eb2e | 448b 4424 | 3847 8b54 | c410 453b 
  0x000002772ec75174: da7c 14e9 | ec14 0000 | 4180 7f38 | 000f 85ca | 1b00 0044 | 8965 1c4c | 8bac 2488 | 0000 0045 
  0x000002772ec75194: 33db 448b | 4424 5047 | 8b54 c40c 

  0x000002772ec751a0: ; implicit exception: dispatches to 0x000002772ec7c61c
  0x000002772ec751a0: 478b 4cd4 

  0x000002772ec751a4: ;   {metadata('java/lang/ThreadLocal')}
  0x000002772ec751a4: 0841 81f9 | 68f1 0800 | 0f85 9640 | 0000 418b | 7d44 4f8d | 0cd4 458b | 44fc 1443 | 8b4c c40c 
  0x000002772ec751c4: 448b d141 | ffca 4523 | 510c 85c9 | 0f86 9640 | 0000 4b8d | 1cc4 428b | 6c93 1085 | ed0f 84b9 
  0x000002772ec751e4: 4200 0049 | 8d14 ec49 | 8d04 fc48 | 89b4 2420 | 0100 004c | 895c 2438 | 897c 2454 | 418b f844 
  0x000002772ec75204: 8954 2424 | 4889 4424 | 28eb 2d45 | 33c0 443b | c10f 8376 | 3d00 0046 | 8b54 8310 | 4d8b 9f50 
  0x000002772ec75224: ; ImmutableOopMap {r10=NarrowOop r9=Oop rbx=Oop rdi=NarrowOop [40]=Oop [48]=Oop [56]=Oop [80]=NarrowOop [84]=NarrowOop [88]=Oop [128]=Oop }
                      ;*goto {reexecute=1 rethrow=0 return_oop=0}
                      ; - (reexecute) java.lang.ThreadLocal$ThreadLocalMap::remove@64 (line 513)
                      ; - java.lang.ThreadLocal::remove@14 (line 242)
                      ; - org.gradle.internal.classloader.TransformErrorHandler::getLastErrorAndClear@15 (line 127)
                      ; - org.gradle.internal.classloader.TransformErrorHandler::enterClassLoadingScope@1 (line 68)
                      ; - org.gradle.internal.classloader.VisitableURLClassLoader$InstrumentingVisitableURLClassLoader::findClass@5 (line 186)
                      ;   {poll}
  0x000002772ec75224: 0300 0041 | 8503 4585 | d20f 84af | 3d00 004b | 8d14 d444 | 8944 2424 | 448b 520c | 448b 5c24 
  0x000002772ec75244: 2441 ffc3 | 4489 5c24 | 2049 c1e2 | 034d 3bd1 | 0f84 7d00 | 0000 458b | c344 3bd9 | 7dad ebae 
  0x000002772ec75264: 3be8 7d1e | 4c63 d546 | 0fbe 5c17 | 1041 83fb | 2e0f 84b1 | 1100 0047 | 885c 1110 | ffc5 3be8 
  0x000002772ec75284: 7ce2 4d8b | 9f08 0100 | 004d 8bd3 | 4983 c218 | 4d3b 9718 | 0100 000f | 8355 1b00 | 004d 8997 
  0x000002772ec752a4: 0801 0000 | 410f 0d8a | c000 0000 | 49c7 0301 

  0x000002772ec752b4: ;   {metadata('java/lang/String')}
  0x000002772ec752b4: 0000 0041 | c743 08f0 | e900 0045 | 8963 0c4d | 8963 104d | 8bd1 49c1 | ea03 4589 | 5314 e90b 
  0x000002772ec752d4: 0200 0048 | 8b6c 2458 

  0x000002772ec752dc: ;   {optimized virtual_call}
  0x000002772ec752dc: c5f8 77e8 

  0x000002772ec752e0: ; ImmutableOopMap {rbp=Oop [40]=Oop [48]=Oop [56]=Oop [80]=NarrowOop [84]=NarrowOop [88]=Oop [128]=Oop }
                      ;*invokevirtual clear0 {reexecute=0 rethrow=0 return_oop=0}
                      ; - java.lang.ref.Reference::clear@1 (line 389)
                      ; - java.lang.ThreadLocal$ThreadLocalMap::remove@40 (line 515)
                      ; - java.lang.ThreadLocal::remove@14 (line 242)
                      ; - org.gradle.internal.classloader.TransformErrorHandler::getLastErrorAndClear@15 (line 127)
                      ; - org.gradle.internal.classloader.TransformErrorHandler::enterClassLoadingScope@1 (line 68)
                      ; - org.gradle.internal.classloader.VisitableURLClassLoader$InstrumentingVisitableURLClassLoader::findClass@5 (line 186)
  0x000002772ec752e0: 5c5b 98ff | 8b5c 2454 | 458b 74dc | 1447 8b44 | f40c 448b | 4c24 2445 | 3bc8 0f83 | 4a3e 0000 
  0x000002772ec75300: 4b8d 34f4 | 428b 7c8e | 1085 ff0f | 8473 3e00 | 0041 807f | 3800 0f85 | f613 0000 | 4180 7f38 
  0x000002772ec75320: 000f 8533 | 1400 0044 | 8b54 2420 | 453b d00f | 8d3e 1100 | 0046 8964 | 8e10 4589 | 64fc 1c45 
  0x000002772ec75340: 8b4c dc0c | 41ff c945 | 894c dc0c | 453b d00f | 833f 3e00 | 0046 8b5c | 9610 4585 | db0f 8516 
  0x000002772ec75360: 1000 004c | 8b54 2438 | 4d85 d20f | 853b 3f00 | 004c 8b94 | 2480 0000 | 0045 8b42 

  0x000002772ec7537c: ;   {oop(a 'java/lang/Class'{0x00000007007d4698} = 'java/lang/System')}
  0x000002772ec7537c: 5849 ba98 | 467d 0007 | 0000 0041 | 8b6a 7c85 | ed0f 8541 | 4100 0045 | 85c0 0f84 | 8910 0000 
  0x000002772ec7539c: 4b8d 2cc4 | 488b d54c | 8b54 2458 | 4c89 5424 | 2066 6690 

  0x000002772ec753b0: ;   {static_call}
  0x000002772ec753b0: c5f8 77e8 

  0x000002772ec753b4: ; ImmutableOopMap {rbp=Oop [32]=Oop [88]=Oop [128]=Oop }
                      ;*invokestatic ensureMaterializedForStackWalk {reexecute=0 rethrow=0 return_oop=0}
                      ; - java.security.AccessController::executePrivileged@5 (line 810)
                      ; - java.security.AccessController::doPrivileged@13 (line 712)
                      ; - java.net.URLClassLoader::findClass@13 (line 420)
                      ; - org.gradle.internal.classloader.VisitableURLClassLoader$InstrumentingVisitableURLClassLoader::findClass@10 (line 189)
  0x000002772ec753b4: 88ab 9aff | 488b dd4c | 8b74 2458 

  0x000002772ec753c0: ; implicit exception: dispatches to 0x000002772ec7c664
  0x000002772ec753c0: 450f be5e | 1045 85db | 0f85 7640 | 0000 458b | 6e14 438b | 44ec 0c85 | c00f 86f9 | 0000 0044 
  0x000002772ec753e0: 8bd8 41ff | cb44 3bd8 | 0f83 fe3d | 0000 448b | d041 83c2 | fd44 8954 | 2420 4b8d | 3cec 4380 
  0x000002772ec75400: 7cec 102e | 0f84 9610 | 0000 4183 | fa01 0f8e | e83e 0000 | 41b8 0100 | 0000 448b | c845 2bc8 
  0x000002772ec75420: 4183 c1fd | 8b54 2420 | 4533 d241 | 3bd0 450f | 4cca 4181 | f9a0 0f00 | 0041 baa0 | 0f00 0045 
  0x000002772ec75440: 0f47 ca45 | 03c8 6666 | 0f1f 8400 | 0000 0000 | 4963 d044 | 0fbe 5417 | 1041 83fa | 2e0f 8403 
  0x000002772ec75460: 0a00 000f | be4c 1711 | 83f9 2e0f | 84fa 0900 | 0044 0fbe | 5417 1241 | 83fa 2e0f | 84e1 0900 
  0x000002772ec75480: 0044 0fbe | 5417 1341 | 8be8 83c5 | 0341 83fa | 2e0f 84d9 | 0900 0041 | 83c0 0445 | 3bc1 7cb0 
  0x000002772ec754a0: 4d8b 8f50 | 0300 0049 

  0x000002772ec754a8: ; ImmutableOopMap {rcx=Oop rbx=Oop rdi=Oop r13=NarrowOop r14=Oop [128]=Oop }
                      ;*if_icmpne {reexecute=1 rethrow=0 return_oop=0}
                      ; - (reexecute) java.lang.StringLatin1::replace@28 (line 307)
                      ; - java.lang.String::replace@18 (line 2808)
                      ; - java.net.URLClassLoader$1::run@8 (line 423)
                      ; - java.net.URLClassLoader$1::run@1 (line 421)
                      ; - java.security.AccessController::executePrivileged@29 (line 814)
                      ; - java.security.AccessController::doPrivileged@13 (line 712)
                      ; - java.net.URLClassLoader::findClass@13 (line 420)
                      ; - org.gradle.internal.classloader.VisitableURLClassLoader$InstrumentingVisitableURLClassLoader::findClass@10 (line 189)
                      ;   {poll}
  0x000002772ec754a8: 8bce 4185 | 0144 3b44 | 2420 0f8c | 62ff ffff | 443b c07d | 1b66 6690 | 460f be4c | 0710 4183 
  0x000002772ec754c8: f92e 0f84 | 1c1c 0000 | 41ff c044 | 3bc0 7ce8 | 4d8b cd49 | c1e1 034d | 8bde 418b | 710c 85f6 
  0x000002772ec754e8: 0f86 2d0e | 0000 450f | be6b 1044 | 8bd6 418b | cd41 d3fa | 4963 c241 | 83fd 010f | 849f 4100 
  0x000002772ec75508: 0045 85d2 | 0f8c 2241 | 0000 488b | e848 83c5 | 0644 8bc5 | 4585 c00f | 8c37 4100 | 0048 8bcd 
  0x000002772ec75528: 48c1 f920 | 8bc9 41d3 | e045 85c0 | 0f8c 9641 | 0000 4181 | f800 0010 | 000f 87c0 | 3d00 0049 
  0x000002772ec75548: 63c8 4181 | f800 0010 | 000f 87a4 | 1600 0049 | 8bbf 0801 | 0000 4883 | c117 4883 | e1f8 488b 
  0x000002772ec75568: d748 03d1 | 493b 9718 | 0100 000f | 8382 1600 | 0049 8997 | 0801 0000 | 0f0d 8ac0 | 0000 0048 
  0x000002772ec75588: c707 0100 | 0000 0f0d | 8a00 0100 

  0x000002772ec75594: ;   {metadata({type array byte})}
  0x000002772ec75594: 00c7 4708 | 3867 0000 | 4489 470c | 0f0d 8a40 | 0100 000f | 0d8a 8001 | 0000 418b | d283 c206 
  0x000002772ec755b4: 443b c20f | 8252 3d00 | 0049 63ca | 4585 d20f | 8fb7 0700 | 00c6 440f | 102e c644 | 0f11 63c6 
  0x000002772ec755d4: 440f 126c | c644 0f13 | 61c6 440f | 1473 c644 | 0f15 7345 | 85ed 0f85 | 9040 0000 | 443b c60f 
  0x000002772ec755f4: 8243 3d00 | 0085 f676 | 2149 83c1 | 1048 8bd7 | 4883 c210 | 4c63 c649 | 8bc9 c5f8 | 7749 ba60 
  0x000002772ec75614: 7f07 2e77 | 0200 0041 | ffd2 498b | 8708 0100 | 004c 8bd0 | 4983 c218 | 4d3b 9718 | 0100 000f 
  0x000002772ec75634: 833a 1600 | 004d 8997 | 0801 0000 | 410f 0d8a | c000 0000 | 48c7 0001 

  0x000002772ec7564c: ;   {metadata('java/lang/String')}
  0x000002772ec7564c: 0000 00c7 | 4008 f0e9 | 0000 4489 | 600c 4489 | 6010 4c8b | df49 c1eb | 0344 8958 | 144c 8b94 
  0x000002772ec7566c: 2480 0000 | 0045 8b52 | 5445 85d2 | 0f84 523b | 0000 4889 | 5c24 304c | 8974 2458 | 4b8d 14d4 
  0x000002772ec7568c: 4c8b c045 | 33c9 6690 

  0x000002772ec75694: ;   {optimized virtual_call}
  0x000002772ec75694: c5f8 77e8 

  0x000002772ec75698: ; ImmutableOopMap {[48]=Oop [88]=Oop [128]=Oop }
                      ;*invokevirtual getResource {reexecute=0 rethrow=0 return_oop=1}
                      ; - java.net.URLClassLoader$1::run@26 (line 424)
                      ; - java.net.URLClassLoader$1::run@1 (line 421)
                      ; - java.security.AccessController::executePrivileged@29 (line 814)
                      ; - java.security.AccessController::doPrivileged@13 (line 712)
                      ; - java.net.URLClassLoader::findClass@13 (line 420)
                      ; - org.gradle.internal.classloader.VisitableURLClassLoader$InstrumentingVisitableURLClassLoader::findClass@10 (line 189)
  0x000002772ec75698: 44c2 b9ff | 4c8b e848 | 85c0 0f84 | e905 0000 | c5f8 7749 | ba20 3dc3 | 90fd 7f00 | 0041 ffd2 
  0x000002772ec756b8: 4889 4424 | 6048 8b74 | 2458 448b | 4e14 478b | 44cc 0c0f | be4e 1041 | 8bd8 d3fb | ffcb 85c9 
  0x000002772ec756d8: 0f85 4343 | 0000 458b | d041 ffca | 413b da44 | 0f4c d345 | 85d2 7c38 | 4b8d 1ccc | 0f1f 8400 
  0x000002772ec756f8: 0000 0000 | 6666 6690 | 453b d00f | 83a9 1900 | 0042 807c | 1310 2e74 | 1d49 8bbf | 5003 0000 
  0x000002772ec75718: 41ff ca4c | 8bde 498b 

  0x000002772ec75720: ; ImmutableOopMap {r11=Oop r9=NarrowOop rcx=Oop rbx=Oop rsi=Oop r13=Oop [48]=Oop [128]=Oop }
                      ;*goto {reexecute=1 rethrow=0 return_oop=0}
                      ; - (reexecute) java.lang.StringLatin1::lastIndexOf@35 (line 294)
                      ; - java.lang.String::lastIndexOf@13 (line 2489)
                      ; - java.lang.String::lastIndexOf@8 (line 2451)
                      ; - java.net.URLClassLoader::defineClass@7 (line 486)
                      ; - java.net.URLClassLoader$1::run@43 (line 427)
                      ; - java.net.URLClassLoader$1::run@1 (line 421)
                      ; - java.security.AccessController::executePrivileged@29 (line 814)
                      ; - java.security.AccessController::doPrivileged@13 (line 712)
                      ; - java.net.URLClassLoader::findClass@13 (line 420)
                      ; - org.gradle.internal.classloader.VisitableURLClassLoader$InstrumentingVisitableURLClassLoader::findClass@10 (line 189)
                      ;   {poll}
  0x000002772ec75720: cd85 0745 | 85d2 7dd8 | 41ba ffff | ffff 458b | 5d08 4489 

  0x000002772ec75734: ;   {metadata('jdk/internal/loader/URLClassPath$JarLoader$2')}
  0x000002772ec75734: 5c24 2041 | 81fb 184e | 1900 0f85 | 7e0f 0000 | 498b ed44 | 8b45 2047 | 8b5c c41c | 49c1 e303 
  0x000002772ec75754: 4c89 9c24 | 1001 0000 | 4183 faff | 0f84 c903 | 0000 448b | 5e14 478b | 44dc 0c44 | 8984 2490 
  0x000002772ec75774: 0000 000f | be4e 1041 | 8be8 d3fd | 4585 d20f | 8ccb 4200 | 0044 3bd5 | 0f8f 2243 | 0000 443b 
  0x000002772ec75794: d575 0d48 | 89b4 2418 | 0100 00e9 | 8201 0000 | 85c9 0f85 | c916 0000 | 4585 d20f | 8437 1400 
  0x000002772ec757b4: 0049 8b9f | 0801 0000 | 4c8b c349 | 83c0 184d | 3b87 1801 | 0000 0f83 | de16 0000 | 4d89 8708 
  0x000002772ec757d4: 0100 0041 | 0f0d 88c0 | 0000 0048 | c703 0100 

  0x000002772ec757e4: ;   {metadata('java/lang/String')}
  0x000002772ec757e4: 0000 c743 | 08f0 e900 | 0044 8963 | 0c4c 8963 | 1041 81fa | 0000 1000 | 0f87 ff3e | 0000 4d63 
  0x000002772ec75804: ca44 8b84 | 2490 0000 | 0045 3bc2 | 418b ea41 | 0f4c e844 | 3bc5 0f82 | 553f 0000 | 443b d50f 
  0x000002772ec75824: 824c 3f00 | 0049 83c1 | 1749 8bc9 | 4883 e1f8 | 4181 fa00 | 0010 000f | 87ad 1600 | 0049 8b97 
  0x000002772ec75844: 0801 0000 | 4c8b c24c | 03c1 4d3b | 8718 0100 | 000f 8393 | 1600 004d | 8987 0801 | 0000 410f 
  0x000002772ec75864: 0d88 c000 | 0000 48c7 | 0201 0000 | 0041 0f0d | 8800 0100 

  0x000002772ec75878: ;   {metadata({type array byte})}
  0x000002772ec75878: 00c7 4208 | 3867 0000 | 4489 520c | 410f 0d88 | 4001 0000 | 410f 0d88 | 8001 0000 | 4c8b c249 
  0x000002772ec75898: 83c0 1049 | c1e9 034c | 8bf2 49c1 | ee03 85ed | 0f84 5b3e | 0000 4b8d | 3cdc 4f8d | 5cdc 1041 
  0x000002772ec758b8: 3bea 0f8c | 950f 0000 | 488b fa48 | 83c1 f048 | c1e9 034c | 8bd1 498b | cb49 8bd0 | 4d8b c2c5 
  0x000002772ec758d8: f877 49ba | 6086 072e | 7702 0000 | 41ff d248 | 8bd7 4489 | 7314 4c8b | d34c 8bda | 4d33 da49 
  0x000002772ec758f8: c1eb 154d | 85db 741a | 49c1 ea09 | 48b9 0000 | 0633 7702 | 0000 4903 | ca80 3904 | 0f85 ee0f 
  0x000002772ec75918: 0000 4488 | 6310 4889 | 9c24 1801 | 0000 448b 

  0x000002772ec75928: ;   {metadata('jdk/internal/loader/URLClassPath$JarLoader$2')}
  0x000002772ec75928: 5c24 2041 | 81fb 184e | 1900 0f85 | c60d 0000 

  0x000002772ec75938: ;   {oop(a 'java/lang/Class'{0x0000000701783d28} = 'jdk/internal/access/SharedSecrets')}
  0x000002772ec75938: 498b fd49 | ba28 3d78 | 0107 0000 | 0045 8b92 | c800 0000 

  0x000002772ec7594c: ; implicit exception: dispatches to 0x000002772ec7c874
  0x000002772ec7594c: 478b 4cd4 | 0844 8b5f | 2047 8b5c 

  0x000002772ec75958: ;   {metadata('java/util/jar/JavaUtilJarAccessImpl')}
  0x000002772ec75958: dc18 4181 | f990 0919 | 000f 85cf | 3b00 0043 | 8b6c dc08 | 4f8d 04dc | 488d 9c24 | 3001 0000 
  0x000002772ec75978: 498b 0048 | f7c0 0200 | 0000 7524 | 4883 c801 | 4889 03f0 | 490f b118 | 0f84 3e00 | 0000 482b 
  0x000002772ec75998: c448 81e0 | 07f0 ffff | 4889 03e9 | 2c00 0000 | 4c8b c848 | 33c0 f04d | 0fb1 793e | 48c7 0303 
  0x000002772ec759b8: 0000 000f | 8413 0000 | 004c 3bf8 | 0f85 0a00 | 0000 49ff | 8186 0000 | 0048 33c0 | 0f85 aa3b 
  0x000002772ec759d8: 0000 473b | 64dc 3075 | 0f47 0fb6 | 54dc 1245 | 85d2 0f85 | b60b 0000 | 473b 64dc | 300f 85ae 
  0x000002772ec759f8: 0d00 0048 | 8d84 2430 | 0100 0048 | 8138 0000 | 0000 0f84 | 8300 0000 | 4d8b 1049 | f7c2 0200 
  0x000002772ec75a18: 0000 746f | 4981 ba86 | 0000 0000 | 0000 0074 | 0949 ff8a | 8600 0000 | eb51 498b | 8296 0000 
  0x000002772ec75a38: 0049 0b82 | 8e00 0000 | 750a 49c7 | 423e 0000 | 0000 eb47 | 4981 ba9e | 0000 0000 | 0000 0074 
  0x000002772ec75a58: 2548 33c0 | 49c7 423e | 0000 0000 | f083 0424 | 0049 81ba | 9e00 0000 | 0000 0000 | 750d f04d 
  0x000002772ec75a78: 0fb1 7a3e | 7505 83c8 | 01eb 10f7 | c000 0000 | 00eb 084c | 8b10 f04d | 0fb1 100f | 854b 3b00 
  0x000002772ec75a98: 0044 8b57 | 2043 8b6c | d418 458b 

  0x000002772ec75aa4: ;   {metadata('java/util/jar/JarFile')}
  0x000002772ec75aa4: 5cec 0841 | 81fb 407c | 1800 0f85 | 533b 0000 | 4889 7c24 | 284c 896c | 2448 4889 | 7424 5849 
  0x000002772ec75ac4: 8d14 ec48 | 8974 2438 | 4889 7424 | 5066 6690 

  0x000002772ec75ad4: ;   {optimized virtual_call}
  0x000002772ec75ad4: c5f8 77e8 

  0x000002772ec75ad8: ; ImmutableOopMap {[40]=Oop [48]=Oop [56]=Oop [72]=Oop [80]=Oop [88]=Oop [128]=Oop [272]=Oop [280]=Oop }
                      ;*invokevirtual getManifestFromReference {reexecute=0 rethrow=0 return_oop=1}
                      ; - java.util.jar.JarFile::getManifest@1 (line 406)
                      ; - jdk.internal.loader.URLClassPath$JarLoader$2::getManifest@22 (line 886)
                      ; - java.net.URLClassLoader::defineClass@34 (line 491)
                      ; - java.net.URLClassLoader$1::run@43 (line 427)
                      ; - java.net.URLClassLoader$1::run@1 (line 421)
                      ; - java.security.AccessController::executePrivileged@29 (line 814)
                      ; - java.security.AccessController::doPrivileged@13 (line 712)
                      ; - java.net.URLClassLoader::findClass@13 (line 420)
                      ; - org.gradle.internal.classloader.VisitableURLClassLoader$InstrumentingVisitableURLClassLoader::findClass@10 (line 189)
  0x000002772ec75ad8: 4453 1000 | 488b 7424 | 384c 8b6c | 2448 488b | e84c 896c | 2448 4889 | 7424 5848 | 8b94 2480 
  0x000002772ec75af8: 0000 004c | 8b84 2418 | 0100 004c | 8bc8 488b | bc24 1001 | 0000 4889 | 7424 3890 

  0x000002772ec75b14: ;   {optimized virtual_call}
  0x000002772ec75b14: c5f8 77e8 

  0x000002772ec75b18: ; ImmutableOopMap {rbp=Oop [48]=Oop [56]=Oop [72]=Oop [88]=Oop [128]=Oop [272]=Oop [280]=Oop }
                      ;*invokevirtual getAndVerifyPackage {reexecute=0 rethrow=0 return_oop=1}
                      ; - java.net.URLClassLoader::defineClass@46 (line 492)
                      ; - java.net.URLClassLoader$1::run@43 (line 427)
                      ; - java.net.URLClassLoader$1::run@1 (line 421)
                      ; - java.security.AccessController::executePrivileged@29 (line 814)
                      ; - java.security.AccessController::doPrivileged@13 (line 712)
                      ; - java.net.URLClassLoader::findClass@13 (line 420)
                      ; - org.gradle.internal.classloader.VisitableURLClassLoader$InstrumentingVisitableURLClassLoader::findClass@10 (line 189)
  0x000002772ec75b18: 2495 f6ff | 4885 c00f | 8412 0900 | 0048 8b74 | 2438 4c8b | 6c24 484c | 896c 2448 | 4889 7424 
  0x000002772ec75b38: 5849 8bd5 | 4889 7424 | 284c 896c | 2438 4889 | 7424 5090 

  0x000002772ec75b4c: ;   {optimized virtual_call}
  0x000002772ec75b4c: c5f8 77e8 

  0x000002772ec75b50: ; ImmutableOopMap {[40]=Oop [48]=Oop [56]=Oop [72]=Oop [80]=Oop [88]=Oop [128]=Oop [272]=Oop }
                      ;*invokevirtual getByteBuffer {reexecute=0 rethrow=0 return_oop=1}
                      ; - java.net.URLClassLoader::defineClass@132 (line 511)
                      ; - java.net.URLClassLoader$1::run@43 (line 427)
                      ; - java.net.URLClassLoader$1::run@1 (line 421)
                      ; - java.security.AccessController::executePrivileged@29 (line 814)
                      ; - java.security.AccessController::doPrivileged@13 (line 712)
                      ; - java.net.URLClassLoader::findClass@13 (line 420)
                      ; - org.gradle.internal.classloader.VisitableURLClassLoader$InstrumentingVisitableURLClassLoader::findClass@10 (line 189)
  0x000002772ec75b50: cc06 58f8 | 4885 c00f | 8527 3f00 | 0044 8b54 

  0x000002772ec75b60: ;   {metadata('jdk/internal/loader/URLClassPath$JarLoader$2')}
  0x000002772ec75b60: 2420 4181 | fa18 4e19 | 000f 858d | 0a00 0048 | 8b54 2438 | 4c8b 5424 | 284c 8954 | 2420 4889 
  0x000002772ec75b80: 5424 284c | 8954 2438 

  0x000002772ec75b88: ;   {optimized virtual_call}
  0x000002772ec75b88: c5f8 77e8 

  0x000002772ec75b8c: ; ImmutableOopMap {[32]=Oop [40]=Oop [48]=Oop [56]=Oop [72]=Oop [88]=Oop [128]=Oop [272]=Oop }
                      ;*invokevirtual getBytes {reexecute=0 rethrow=0 return_oop=1}
                      ; - java.net.URLClassLoader::defineClass@179 (line 519)
                      ; - java.net.URLClassLoader$1::run@43 (line 427)
                      ; - java.net.URLClassLoader$1::run@1 (line 421)
                      ; - java.security.AccessController::executePrivileged@29 (line 814)
                      ; - java.security.AccessController::doPrivileged@13 (line 712)
                      ; - java.net.URLClassLoader::findClass@13 (line 420)
                      ; - org.gradle.internal.classloader.VisitableURLClassLoader$InstrumentingVisitableURLClassLoader::findClass@10 (line 189)
  0x000002772ec75b8c: b039 9aff | 4889 4424 | 684c 8b5c | 2448 458b 

  0x000002772ec75b9c: ;   {metadata('jdk/internal/loader/URLClassPath$JarLoader$2')}
  0x000002772ec75b9c: 5308 4181 | fa18 4e19 | 000f 857f | 0a00 0049 | 8bd3 4c8b | 5424 584c | 8954 2420 | 4c89 5424 
  0x000002772ec75bbc: 2866 6690 

  0x000002772ec75bc0: ;   {optimized virtual_call}
  0x000002772ec75bc0: c5f8 77e8 

  0x000002772ec75bc4: ; ImmutableOopMap {[32]=Oop [40]=Oop [48]=Oop [72]=Oop [88]=Oop [104]=Oop [128]=Oop [272]=Oop }
                      ;*invokevirtual getCodeSigners {reexecute=0 rethrow=0 return_oop=1}
                      ; - java.net.URLClassLoader::defineClass@185 (line 521)
                      ; - java.net.URLClassLoader$1::run@43 (line 427)
                      ; - java.net.URLClassLoader$1::run@1 (line 421)
                      ; - java.security.AccessController::executePrivileged@29 (line 814)
                      ; - java.security.AccessController::doPrivileged@13 (line 712)
                      ; - java.net.URLClassLoader::findClass@13 (line 420)
                      ; - org.gradle.internal.classloader.VisitableURLClassLoader$InstrumentingVisitableURLClassLoader::findClass@10 (line 189)
  0x000002772ec75bc4: 18d2 71f8 | 4889 4424 | 404c 8b5c | 2448 498b | 8708 0100 | 004c 8bd0 | 4983 c228 | 4d3b 9718 
  0x000002772ec75be4: 0100 000f | 8360 1200 | 004d 8997 | 0801 0000 | 410f 0d8a | c000 0000 | 48c7 0001 

  0x000002772ec75c00: ;   {metadata('java/security/CodeSource')}
  0x000002772ec75c00: 0000 00c7 | 4008 b0ee | 0000 4489 | 600c 4c89 | 6010 4c89 | 6018 4c89 | 6020 4c89 | 5c24 4848 
  0x000002772ec75c20: 8944 2470 | 488b d04c | 8b84 2410 | 0100 004c | 8b4c 2440 | 4c8b 5424 | 584c 8954 | 2420 4c89 
  0x000002772ec75c40: 5424 2890 

  0x000002772ec75c44: ;   {optimized virtual_call}
  0x000002772ec75c44: c5f8 77e8 

  0x000002772ec75c48: ; ImmutableOopMap {[32]=Oop [40]=Oop [48]=Oop [72]=Oop [88]=Oop [104]=Oop [112]=Oop [128]=Oop }
                      ;*invokespecial <init> {reexecute=0 rethrow=0 return_oop=0}
                      ; - java.net.URLClassLoader::defineClass@198 (line 522)
                      ; - java.net.URLClassLoader$1::run@43 (line 427)
                      ; - java.net.URLClassLoader$1::run@1 (line 421)
                      ; - java.security.AccessController::executePrivileged@29 (line 814)
                      ; - java.security.AccessController::doPrivileged@13 (line 712)
                      ; - java.net.URLClassLoader::findClass@13 (line 420)
                      ; - org.gradle.internal.classloader.VisitableURLClassLoader$InstrumentingVisitableURLClassLoader::findClass@10 (line 189)
  0x000002772ec75c48: b4be 7bf8 

  0x000002772ec75c4c: ;   {oop(a 'jdk/internal/perf/PerfCounter'{0x000000070166fbd0})}
  0x000002772ec75c4c: 48ba d0fb | 6601 0700 | 0000 4c8b | 4424 6090 

  0x000002772ec75c5c: ;   {optimized virtual_call}
  0x000002772ec75c5c: c5f8 77e8 

  0x000002772ec75c60: ; ImmutableOopMap {[32]=Oop [48]=Oop [72]=Oop [88]=Oop [104]=Oop [112]=Oop [128]=Oop }
                      ;*invokevirtual addElapsedTimeFrom {reexecute=0 rethrow=0 return_oop=0}
                      ; - java.net.URLClassLoader::defineClass@207 (line 523)
                      ; - java.net.URLClassLoader$1::run@43 (line 427)
                      ; - java.net.URLClassLoader$1::run@1 (line 421)
                      ; - java.security.AccessController::executePrivileged@29 (line 814)
                      ; - java.security.AccessController::doPrivileged@13 (line 712)
                      ; - java.net.URLClassLoader::findClass@13 (line 420)
                      ; - org.gradle.internal.classloader.VisitableURLClassLoader$InstrumentingVisitableURLClassLoader::findClass@10 (line 189)
  0x000002772ec75c60: 3cf0 a9ff | 4c8b 4c24 | 6841 8b71 | 0c48 8b94 | 2480 0000 | 004c 8b44 | 2420 33ff | 488b 4c24 
  0x000002772ec75c80: 7066 6690 

  0x000002772ec75c84: ;   {optimized virtual_call}
  0x000002772ec75c84: c5f8 77e8 

  0x000002772ec75c88: ; ImmutableOopMap {[32]=Oop [48]=Oop [72]=Oop [88]=Oop [128]=Oop }
                      ;*invokevirtual defineClass {reexecute=0 rethrow=0 return_oop=1}
                      ; - java.net.URLClassLoader::defineClass@220 (line 524)
                      ; - java.net.URLClassLoader$1::run@43 (line 427)
                      ; - java.net.URLClassLoader$1::run@1 (line 421)
                      ; - java.security.AccessController::executePrivileged@29 (line 814)
                      ; - java.security.AccessController::doPrivileged@13 (line 712)
                      ; - java.net.URLClassLoader::findClass@13 (line 420)
                      ; - org.gradle.internal.classloader.VisitableURLClassLoader$InstrumentingVisitableURLClassLoader::findClass@10 (line 189)
  0x000002772ec75c88: 3412 faff | 488b e8eb | 0233 ed48 | 8bd5 6690 

  0x000002772ec75c98: ;   {static_call}
  0x000002772ec75c98: c5f8 77e8 

  0x000002772ec75c9c: ; ImmutableOopMap {rbp=Oop [48]=Oop [88]=Oop [128]=Oop }
                      ;*invokestatic ensureMaterializedForStackWalk {reexecute=0 rethrow=0 return_oop=0}
                      ; - java.security.AccessController::executePrivileged@56 (line 822)
                      ; - java.security.AccessController::doPrivileged@13 (line 712)
                      ; - java.net.URLClassLoader::findClass@13 (line 420)
                      ; - org.gradle.internal.classloader.VisitableURLClassLoader$InstrumentingVisitableURLClassLoader::findClass@10 (line 189)
  0x000002772ec75c9c: a0a2 9aff | 4885 ed74 | 3f4c 8b94 | 2480 0000 | 0045 8b5a | 6c45 85db | 0f84 3638 | 0000 4b8d 
  0x000002772ec75cbc: 14dc 6690 

  0x000002772ec75cc0: ;   {optimized virtual_call}
  0x000002772ec75cc0: c5f8 77e8 

  0x000002772ec75cc4: ; ImmutableOopMap {rbp=Oop }
                      ;*invokevirtual exitClassLoadingScope {reexecute=0 rethrow=0 return_oop=0}
                      ; - org.gradle.internal.classloader.VisitableURLClassLoader$InstrumentingVisitableURLClassLoader::findClass@31 (line 193)
  0x000002772ec75cc4: 3804 88f8 | 488b c5c5 | f877 4881 | c450 0100 

  0x000002772ec75cd4: ;   {poll_return}
  0x000002772ec75cd4: 005d 493b | a748 0300 | 000f 87b1 | 7f00 00c3 | 498b 8708 | 0100 004c | 8bd0 4983 | c228 4d3b 
  0x000002772ec75cf4: 9718 0100 | 000f 8336 | 1100 004d | 8997 0801 | 0000 410f | 0d8a c000 | 0000 48c7 | 0001 0000 
  0x000002772ec75d14: ;   {metadata('java/lang/ClassNotFoundException')}
  0x000002772ec75d14: 00c7 4008 | 1028 0200 | 4489 600c | 4c89 6010 | 4c89 6018 | 4c89 6020 | 488b e848 | 8bd5 4c8b 
  0x000002772ec75d34: 4424 5890 

  0x000002772ec75d38: ;   {optimized virtual_call}
  0x000002772ec75d38: c5f8 77e8 

  0x000002772ec75d3c: ; ImmutableOopMap {rbp=Oop [128]=Oop }
                      ;*invokespecial <init> {reexecute=0 rethrow=0 return_oop=0}
                      ; - java.net.URLClassLoader::findClass@41 (line 445)
                      ; - org.gradle.internal.classloader.VisitableURLClassLoader$InstrumentingVisitableURLClassLoader::findClass@10 (line 189)
  0x000002772ec75d3c: 8025 aaff | 4c8b 9424 | 8000 0000 | 458b 526c | 4585 d20f | 84cf 3600 | 004b 8d14 | d44c 8bc5 
  0x000002772ec75d5c: ;   {optimized virtual_call}
  0x000002772ec75d5c: c5f8 77e8 

  0x000002772ec75d60: ; ImmutableOopMap {}
                      ;*invokevirtual exitClassLoadingScopeWithException {reexecute=0 rethrow=0 return_oop=1}
                      ; - org.gradle.internal.classloader.VisitableURLClassLoader$InstrumentingVisitableURLClassLoader::findClass@23 (line 191)
  0x000002772ec75d60: 9c5d a7f8 | 4885 c00f | 84c7 3600 | 0048 8bd0 | c5f8 7748 | 81c4 5001 

  0x000002772ec75d78: ;   {runtime_call _rethrow_Java}
  0x000002772ec75d78: 0000 5de9 | 80d1 4cff | c644 0f15 | 73c6 440f | 1473 c644 | 0f13 61c6 | 440f 126c | c644 0f11 
  0x000002772ec75d98: 63c6 440f | 102e e944 | f8ff ff66 | 0f1f 8400 | 0000 0000 | 6666 6690 | 4889 7c24 | 6848 894c 
  0x000002772ec75db8: 2460 4489 | 4424 5444 | 8954 243c | 4889 7424 | 4848 895c | 2428 488b | d144 8b44 | 2478 488b 
  0x000002772ec75dd8: eb66 6690 

  0x000002772ec75ddc: ;   {optimized virtual_call}
  0x000002772ec75ddc: c5f8 77e8 

  0x000002772ec75de0: ; ImmutableOopMap {rbp=Oop [32]=Oop [40]=Oop [48]=Oop [56]=NarrowOop [60]=NarrowOop [80]=NarrowOop [88]=Oop [96]=Oop [104]=Oop [128]=Oop }
                      ;*invokevirtual expungeStaleEntry {reexecute=0 rethrow=0 return_oop=0}
                      ; - java.lang.ThreadLocal$ThreadLocalMap::getEntryAfterMiss@35 (line 459)
                      ; - java.lang.ThreadLocal$ThreadLocalMap::getEntry@38 (line 439)
                      ; - java.lang.ThreadLocal::get@16 (line 165)
                      ; - org.gradle.internal.classloader.TransformErrorHandler::getLastErrorAndClear@4 (line 126)
                      ; - org.gradle.internal.classloader.TransformErrorHandler::enterClassLoadingScope@1 (line 68)
                      ; - org.gradle.internal.classloader.VisitableURLClassLoader$InstrumentingVisitableURLClassLoader::findClass@5 (line 186)
  0x000002772ec75de0: 9cb5 41ff | 8b6c 2478 | 488b 5c24 | 2848 8b74 | 2448 448b | 5424 3c44 | 8b44 2454 | 488b 4c24 
  0x000002772ec75e00: 6048 8b7c | 2468 413b | e80f 830d | 3200 0044 | 8b5c af10 | 498b 9750 

  0x000002772ec75e18: ; ImmutableOopMap {r10=NarrowOop r11=NarrowOop rcx=Oop rbx=Oop rdi=Oop [32]=Oop [48]=Oop [56]=NarrowOop [80]=NarrowOop [88]=Oop [128]=Oop }
                      ;*goto {reexecute=1 rethrow=0 return_oop=0}
                      ; - (reexecute) java.lang.ThreadLocal$ThreadLocalMap::getEntryAfterMiss@54 (line 462)
                      ; - java.lang.ThreadLocal$ThreadLocalMap::getEntry@38 (line 439)
                      ; - java.lang.ThreadLocal::get@16 (line 165)
                      ; - org.gradle.internal.classloader.TransformErrorHandler::getLastErrorAndClear@4 (line 126)
                      ; - org.gradle.internal.classloader.TransformErrorHandler::enterClassLoadingScope@1 (line 68)
                      ; - org.gradle.internal.classloader.VisitableURLClassLoader$InstrumentingVisitableURLClassLoader::findClass@5 (line 186)
                      ;   {poll}
  0x000002772ec75e18: 0300 0085 | 0245 85db | 0f84 b002 | 0000 49c1 | e303 896c | 2478 458b | 4b0c 49c1 | e103 4c3b 
  0x000002772ec75e38: cb0f 8404 | f3ff ff45 | 3b63 0c0f | 8467 ffff | ff8b 6c24 | 78ff c541 | 3be8 7cb2 | 33ed ebae 
  0x000002772ec75e58: c4c1 797e | cbe9 be00 | 0000 4183 | c002 418b | e8eb 0541 | 8be8 ffc5 | 3be8 0f8d | 60f6 ffff 
  0x000002772ec75e78: 81f8 0000 | 1000 0f87 | 040f 0000 | 4d8b 8f08 | 0100 004c | 63d0 4983 | c217 4983 | e2f8 4d8b 
  0x000002772ec75e98: c14d 03c2 | 4d3b 8718 | 0100 000f | 83df 0e00 | 004d 8987 | 0801 0000 | 410f 0d88 | c000 0000 
  0x000002772ec75eb8: 49c7 0101 | 0000 0041 | 0f0d 8800 

  0x000002772ec75ec4: ;   {metadata({type array byte})}
  0x000002772ec75ec4: 0100 0041 | c741 0838 | 6700 0041 | 8941 0c41 | 0f0d 8840 | 0100 0041 | 0f0d 8880 | 0100 0085 
  0x000002772ec75ee4: ed0f 8ec1 | 0000 0044 | 8bd5 41ff | ca44 3bd0 | 0f83 0636 | 0000 85c0 | 0f86 fe35 | 0000 430f 
  0x000002772ec75f04: be54 ec10 | 4188 5110 | 4183 fa01 | 0f8e 1636 | 0000 bad0 | 0700 00be | 0100 0000 | 448b c544 
  0x000002772ec75f24: 2bc6 41ff | c833 c944 | 3bd6 440f | 4cc1 4181 | f8d0 0700 | 0044 0f47 | c244 03c6 | c4c1 796e 
  0x000002772ec75f44: cbc4 c1f9 | 6ec1 660f | 1f44 0000 | 4863 ce44 | 0fbe 4c0f | 10c4 c1f9 | 7ec3 4588 | 4c0b 1044 
  0x000002772ec75f64: 0fbe 5c0f | 11c4 c1f9 | 7ec1 4588 | 5c09 1183 | c602 413b | f07c d54d | 8b9f 5003 

  0x000002772ec75f80: ; ImmutableOopMap {r9=Oop rbx=Oop rdi=Oop r13=NarrowOop r14=Oop [128]=Oop }
                      ;*goto {reexecute=1 rethrow=0 return_oop=0}
                      ; - (reexecute) java.lang.StringLatin1::replace@76 (line 314)
                      ; - java.lang.String::replace@18 (line 2808)
                      ; - java.net.URLClassLoader$1::run@8 (line 423)
                      ; - java.net.URLClassLoader$1::run@1 (line 421)
                      ; - java.security.AccessController::executePrivileged@29 (line 814)
                      ; - java.security.AccessController::doPrivileged@13 (line 712)
                      ; - java.net.URLClassLoader::findClass@13 (line 420)
                      ; - org.gradle.internal.classloader.VisitableURLClassLoader$InstrumentingVisitableURLClassLoader::findClass@10 (line 189)
                      ;   {poll}
  0x000002772ec75f80: 0000 4185 | 0341 3bf2 | 0f8c cafe | ffff c4c1 | 797e cb3b | f57d 1590 | 4c63 c646 | 0fbe 5407 
  0x000002772ec75fa0: 1047 8854 | 0110 ffc6 | 3bf5 7cec | 3be8 0f8d | d2f2 ffff | 3be8 0f83 | 3c34 0000 | 443b d80f 
  0x000002772ec75fc0: 8333 3400 | 0044 8bdd | 41ff c34c | 63c5 460f | be54 0710 | 4183 fa2e | 0f84 3203 | 0000 4788 
  0x000002772ec75fe0: 5401 10ff | c541 3beb | 7ce1 3b6c | 2420 0f8d | 70f2 ffff | e984 0000 | 0041 b82f | 0000 0090 
  0x000002772ec76000: 4588 4409 | 1044 0fbe | 5c0f 1141 | 83fb 2e74 | 5045 885c | 0911 440f | be44 0f12 | 4183 f82e 
  0x000002772ec76020: 742f 4588 | 4409 1244 | 0fbe 5c0f | 1341 83fb | 2e74 2645 | 885c 0913 | 83c5 0441 | 3bea 7d29 
  0x000002772ec76040: 4863 cd44 | 0fbe 440f | 1041 83f8 | 2e75 b1eb | a841 b82f | 0000 00eb | c941 bb2f | 0000 00eb 
  0x000002772ec76060: d241 bb2f | 0000 00eb | a84d 8b9f 

  0x000002772ec7606c: ; ImmutableOopMap {r9=Oop rbx=Oop rdi=Oop r14=Oop [128]=Oop }
                      ;*goto {reexecute=1 rethrow=0 return_oop=0}
                      ; - (reexecute) java.lang.StringLatin1::replace@113 (line 321)
                      ; - java.lang.String::replace@18 (line 2808)
                      ; - java.net.URLClassLoader$1::run@8 (line 423)
                      ; - java.net.URLClassLoader$1::run@1 (line 421)
                      ; - java.security.AccessController::executePrivileged@29 (line 814)
                      ; - java.security.AccessController::doPrivileged@13 (line 712)
                      ; - java.net.URLClassLoader::findClass@13 (line 420)
                      ; - org.gradle.internal.classloader.VisitableURLClassLoader$InstrumentingVisitableURLClassLoader::findClass@10 (line 189)
  0x000002772ec7606c: 5003 0000 

  0x000002772ec76070: ;   {poll}
  0x000002772ec76070: 4185 033b | 6c24 200f | 8de7 f1ff | ff44 8bd0 | 442b d541 | 83c2 fd44 | 8b5c 2420 | 4533 c044 
  0x000002772ec76090: 3bdd 450f | 4cd0 4181 | faa0 0f00 | 0041 b8a0 | 0f00 0045 | 0f47 d044 | 03d5 eb94 | 0f1f 4000 
  0x000002772ec760b0: 498b 9750 | 0300 0045 | 8bce 41d1 

  0x000002772ec760bc: ; ImmutableOopMap {r10=NarrowOop rcx=Oop rbx=Oop r13=Oop [48]=Oop [56]=NarrowOop [80]=NarrowOop [88]=Oop [128]=Oop [136]=Oop }
                      ;*ifne {reexecute=1 rethrow=0 return_oop=0}
                      ; - (reexecute) java.lang.ThreadLocal$ThreadLocalMap::cleanSomeSlots@56 (line 676)
                      ; - java.lang.ThreadLocal$ThreadLocalMap::set@113 (line 500)
                      ; - java.lang.ThreadLocal::setInitialValue@22 (line 199)
                      ; - java.lang.ThreadLocal::get@34 (line 172)
                      ; - org.gradle.internal.classloader.TransformErrorHandler::getLastErrorAndClear@4 (line 126)
                      ; - org.gradle.internal.classloader.TransformErrorHandler::enterClassLoadingScope@1 (line 68)
                      ; - org.gradle.internal.classloader.VisitableURLClassLoader$InstrumentingVisitableURLClassLoader::findClass@5 (line 186)
                      ;   {poll}
  0x000002772ec760bc: e985 0245 | 85c9 0f84 | a0f0 ffff | 458b f1e9 | c401 0000 | 4b8d 2cdc | eb5a 4c8b | 6c24 2045 
  0x000002772ec760dc: 8b5d 4444 | 895c 2438 | 4585 db0f | 84db 0b00 | 0044 8b54 | 2438 478b | 44d4 1447 | 8b54 c40c 
  0x000002772ec760fc: 418b faff | cf23 7b0c | 4585 d20f | 8603 3700 | 004c 89ac | 2488 0000 | 0044 8b4c | 2438 4f8d 
  0x000002772ec7611c: 2ccc 4f8d | 0cc4 458b | 5cb9 1045 | 85db 744b | 4b8d 2cdc | 448b 5d0c | 49c1 e303 | 4c3b db0f 
  0x000002772ec7613c: 843b f0ff | ff8b 4d0c | 85c9 0f84 | 7836 0000 | ffc7 413b | fa0f 8d42 | 0300 0041 | 3bfa 0f83 
  0x000002772ec7615c: 4c32 0000 | 458b 5cb9 | 1049 8b97 

  0x000002772ec76168: ; ImmutableOopMap {r11=NarrowOop r8=NarrowOop r9=Oop rbx=Oop r13=Oop [48]=Oop [56]=NarrowOop [80]=NarrowOop [88]=Oop [128]=Oop [136]=Oop }
                      ;*goto {reexecute=1 rethrow=0 return_oop=0}
                      ; - (reexecute) java.lang.ThreadLocal$ThreadLocalMap::set@79 (line 486)
                      ; - java.lang.ThreadLocal::setInitialValue@22 (line 199)
                      ; - java.lang.ThreadLocal::get@34 (line 172)
                      ; - org.gradle.internal.classloader.TransformErrorHandler::getLastErrorAndClear@4 (line 126)
                      ; - org.gradle.internal.classloader.TransformErrorHandler::enterClassLoadingScope@1 (line 68)
                      ; - org.gradle.internal.classloader.VisitableURLClassLoader$InstrumentingVisitableURLClassLoader::findClass@5 (line 186)
  0x000002772ec76168: 5003 0000 

  0x000002772ec7616c: ;   {poll}
  0x000002772ec7616c: 8502 4585 | db0f 8559 | ffff ff49 | 8baf 0801 | 0000 4c8b | dd49 83c3 | 204d 3b9f | 1801 0000 
  0x000002772ec7618c: 0f83 d30d | 0000 4d89 | 9f08 0100 | 0041 0f0d | 8bc0 0000 | 0048 c745 | 0001 0000 

  0x000002772ec761a8: ;   {metadata('java/lang/ThreadLocal$ThreadLocalMap$Entry')}
  0x000002772ec761a8: 00c7 4508 | c882 0b00 | 4c89 6510 | 4c89 6518 | 4c8b db49 | c1eb 0344 | 895d 0c41 | 807f 3800 
  0x000002772ec761c8: 0f85 1208 

  0x000002772ec761cc: ;   {oop(a 'java/lang/ref/ReferenceQueue$Null'{0x00000007005cf4f8})}
  0x000002772ec761cc: 0000 c745 | 109f 9e0b | e04c 8bdd 

  0x000002772ec761d8: ;   {oop(a 'java/lang/ref/ReferenceQueue$Null'{0x00000007005cf4f8})}
  0x000002772ec761d8: 48b9 f8f4 | 5c00 0700 | 0000 4933 | cb48 c1e9 | 1548 85c9 | 741a 49c1 | eb09 48b9 | 0000 0633 
  0x000002772ec761f8: 7702 0000 | 4903 cb80 | 3904 0f85 | 4508 0000 | f083 4424 | c000 4180 | 7f38 000f | 8590 0700 
  0x000002772ec76218: 0044 8965 | 1c41 3bfa | 0f83 be38 | 0000 4d8d | 74b9 1041 | 807f 3800 | 0f85 e107 | 0000 4d8b 
  0x000002772ec76238: de4c 8bd5 | 49c1 ea03 | 4589 164c | 8bd5 4d33 | d349 c1ea | 154d 85d2 | 741a 49c1 | eb09 48b9 
  0x000002772ec76258: 0000 0633 | 7702 0000 | 4903 cb80 | 3904 0f85 | 8808 0000 | 448b 5424 | 3847 8b54 | d414 448b 
  0x000002772ec76278: 4424 3847 | 8b5c c40c | 41ff c347 | 895c c40c 

  0x000002772ec76288: ; implicit exception: dispatches to 0x000002772ec7c8bc
  0x000002772ec76288: 478b 44d4 | 0c4b 8d0c | d445 8bf3 | ffc7 413b | f80f 8df3 | 0100 0041 | 3bf8 0f83 | c730 0000 
  0x000002772ec762a8: 8b54 b910 | 85d2 0f84 | fcfd ffff | 458b 4cd4 | 0c45 85c9 | 0f85 eefd | ffff 49c1 | e103 4d85 
  0x000002772ec762c8: c940 0f95 | c540 0fb6 | ed83 f501 | ba45 ffff | ff4c 8b4c | 2458 4c89 | 4c24 308b | 4c24 5089 
  0x000002772ec762e8: 4c24 4048 | 895c 2448 | 4489 5c24 | 4489 7c24 | 5444 8974 | 2458 4489 | 5424 5c44 | 8944 2460 
  0x000002772ec76308: ;   {runtime_call UncommonTrapBlob}
  0x000002772ec76308: c5f8 77e8 

  0x000002772ec7630c: ; ImmutableOopMap {[48]=Oop [56]=NarrowOop [64]=NarrowOop [72]=Oop [92]=NarrowOop [128]=Oop }
                      ;*ifeq {reexecute=1 rethrow=0 return_oop=0}
                      ; - (reexecute) java.lang.ThreadLocal$ThreadLocalMap::cleanSomeSlots@37 (line 671)
                      ; - java.lang.ThreadLocal$ThreadLocalMap::set@113 (line 500)
                      ; - java.lang.ThreadLocal::setInitialValue@22 (line 199)
                      ; - java.lang.ThreadLocal::get@34 (line 172)
                      ; - org.gradle.internal.classloader.TransformErrorHandler::getLastErrorAndClear@4 (line 126)
                      ; - org.gradle.internal.classloader.TransformErrorHandler::enterClassLoadingScope@1 (line 68)
                      ; - org.gradle.internal.classloader.VisitableURLClassLoader$InstrumentingVisitableURLClassLoader::findClass@5 (line 186)
  0x000002772ec7630c: f005 42ff | 41ba 2f00 | 0000 e9c3 | fcff ff49 | 8b87 0801 | 0000 4c8b | d049 83c2 | 184d 3b97 
  0x000002772ec7632c: 1801 0000 | 0f83 2f2c | 0000 4d89 | 9708 0100 | 0041 0f0d | 8ac0 0000 | 0048 c700 | 0100 0000 
  0x000002772ec7634c: ;   {metadata('java/lang/String')}
  0x000002772ec7634c: c740 08f0 | e900 0044 | 8960 0c44 

  0x000002772ec76358: ;   {oop([B{0x00000007004cb7b8})}
  0x000002772ec76358: 8960 10c7 | 4014 f796 

  0x000002772ec76360: ;   {oop(".class"{0x0000000700473370})}
  0x000002772ec76360: 09e0 49ba | 7033 4700 | 0700 0000 | 458b 5a0c | 4489 580c | e9f0 f2ff | ff4f 8d0c | dc45 8be8 
  0x000002772ec76380: ;   {metadata('java/lang/ThreadLocal')}
  0x000002772ec76380: 41ff cd48 | bf68 f108 | 4377 0200 | 0089 5c24 | 4c44 8954 | 2448 4489 | 4424 5449 | 8bd9 418b 
  0x000002772ec763a0: 690c 4180 | 7f38 000f | 850d 0800 | 0045 8b5c | ec08 49ba | 0000 0043 | 7702 0000 | 4d03 d34d 
  0x000002772ec763c0: 8b52 384c | 3bd7 0f85 | 2c38 0000 | 4d8d 14ec | 418b ed41 | 236a 0c3b | 6c24 480f | 85c6 0000 
  0x000002772ec763e0: 0044 8b5c | 2448 41ff | c344 3b5c | 2454 0f8d | c602 0000 | 4d8b 9750 

  0x000002772ec763f8: ; ImmutableOopMap {rsi=Oop r14=NarrowOop [40]=Oop [48]=Oop [56]=Oop [76]=NarrowOop [80]=NarrowOop [88]=Oop [128]=Oop }
                      ;*goto {reexecute=1 rethrow=0 return_oop=0}
                      ; - (reexecute) java.lang.ThreadLocal$ThreadLocalMap::expungeStaleEntry@140 (line 618)
                      ; - java.lang.ThreadLocal$ThreadLocalMap::remove@46 (line 516)
                      ; - java.lang.ThreadLocal::remove@14 (line 242)
                      ; - org.gradle.internal.classloader.TransformErrorHandler::getLastErrorAndClear@15 (line 127)
                      ; - org.gradle.internal.classloader.TransformErrorHandler::enterClassLoadingScope@1 (line 68)
                      ; - org.gradle.internal.classloader.VisitableURLClassLoader$InstrumentingVisitableURLClassLoader::findClass@5 (line 186)
                      ;   {poll}
  0x000002772ec763f8: 0300 0041 | 8502 443b | 5c24 540f | 83a8 3700 | 0046 8b54 | 9e10 4585 | d20f 844c | efff ff4f 
  0x000002772ec76418: 8d0c d444 | 895c 2448 | e976 ffff | ff33 dbe9 | 8fef ffff | 41bb 2f00 | 0000 e944 | eeff ff48 
  0x000002772ec76438: 85ed 0f84 | 1105 0000 | 488b 9424 | 8000 0000 | 4c8b 8424 | 1801 0000 | 4c8b cd48 | 8bbc 2410 
  0x000002772ec76458: 0100 0090 

  0x000002772ec7645c: ;   {optimized virtual_call}
  0x000002772ec7645c: c5f8 77e8 

  0x000002772ec76460: ; ImmutableOopMap {rbp=Oop [48]=Oop [56]=Oop [72]=Oop [88]=Oop [128]=Oop [272]=Oop [280]=Oop }
                      ;*invokevirtual definePackage {reexecute=0 rethrow=0 return_oop=1}
                      ; - java.net.URLClassLoader::defineClass@64 (line 495)
                      ; - java.net.URLClassLoader$1::run@43 (line 427)
                      ; - java.net.URLClassLoader$1::run@1 (line 421)
                      ; - java.security.AccessController::executePrivileged@29 (line 814)
                      ; - java.security.AccessController::doPrivileged@13 (line 712)
                      ; - java.net.URLClassLoader::findClass@13 (line 420)
                      ; - org.gradle.internal.classloader.VisitableURLClassLoader$InstrumentingVisitableURLClassLoader::findClass@10 (line 189)
  0x000002772ec76460: 5ca3 16f8 | 488b 7424 | 584c 8b6c | 2448 e9bc | f6ff ff45 | 33d2 e9ba | eeff ff48 | be00 0006 
  0x000002772ec76480: 3377 0200 | 0045 33d2 | 4c89 5424 | 40e9 5bfc | ffff 33ff | e906 feff | ff33 ffe9 | b7fc ffff 
  0x000002772ec764a0: 33ed e9c9 | f9ff ff44 | 8b54 2448 | 443b 5424 | 540f 838c | 3c00 0041 | 807f 3800 | 0f85 810b 
  0x000002772ec764c0: 0000 448b | 5424 4846 | 8964 9610 | 448b 5c24 | 5445 85db | 0f86 f23c | 0000 443b | 64ae 1074 
  0x000002772ec764e0: 27ff c53b | 6c24 540f | 8db5 0200 | 004d 8b97 

  0x000002772ec764f0: ; ImmutableOopMap {rbx=Oop rsi=Oop r14=NarrowOop [40]=Oop [48]=Oop [56]=Oop [76]=NarrowOop [80]=NarrowOop [88]=Oop [128]=Oop }
                      ;*goto {reexecute=1 rethrow=0 return_oop=0}
                      ; - (reexecute) java.lang.ThreadLocal$ThreadLocalMap::expungeStaleEntry@123 (line 632)
                      ; - java.lang.ThreadLocal$ThreadLocalMap::remove@46 (line 516)
                      ; - java.lang.ThreadLocal::remove@14 (line 242)
                      ; - org.gradle.internal.classloader.TransformErrorHandler::getLastErrorAndClear@15 (line 127)
                      ; - org.gradle.internal.classloader.TransformErrorHandler::enterClassLoadingScope@1 (line 68)
                      ; - org.gradle.internal.classloader.VisitableURLClassLoader$InstrumentingVisitableURLClassLoader::findClass@5 (line 186)
  0x000002772ec764f0: 5003 0000 

  0x000002772ec764f4: ;   {poll}
  0x000002772ec764f4: 4185 023b | 6c24 540f | 8349 3a00 | 0044 3b64 | ae10 75d9 | 3b6c 2454 | 0f83 663c | 0000 488d 
  0x000002772ec76514: 6cae 1041 | 807f 3800 | 0f85 590b | 0000 4c8b | c54c 8bdb | 49c1 eb03 | 4489 5d00 | 4c8b d34d 
  0x000002772ec76534: 33d0 49c1 | ea15 4d85 | d20f 849e | feff ff49 | c1e8 0948 | b900 0006 | 3377 0200 | 0049 03c8 
  0x000002772ec76554: 8039 040f | 8484 feff | ff4d 8b57 | 404d 8b5f | 50f0 8344 | 24c0 0080 | 3900 0f84 | 6dfe ffff 
  0x000002772ec76574: 4488 214d | 85d2 7518 | 498b d7c5 | f877 49ba | 808b 8890 | fd7f 0000 | 41ff d2e9 | 4dfe ffff 
  0x000002772ec76594: 4b89 4c13 | f849 83c2 | f84d 8957 | 40e9 3bfe | ffff 4c89 | 4424 2844 | 895c 2470 | 4889 7c24 
  0x000002772ec765b4: 684c 896c | 2448 4889 | 7424 5849 | 8bd0 41b8 | 0100 0000 

  0x000002772ec765c8: ;   {optimized virtual_call}
  0x000002772ec765c8: c5f8 77e8 

  0x000002772ec765cc: ; ImmutableOopMap {[40]=Oop [48]=Oop [72]=Oop [88]=Oop [104]=Oop [112]=NarrowOop [128]=Oop [272]=Oop [280]=Oop }
                      ;*invokevirtual getManifestName {reexecute=0 rethrow=0 return_oop=1}
                      ; - java.util.zip.ZipFile$1::getManifestName@2 (line 1123)
                      ; - java.util.jar.JarFile::maybeInstantiateVerifier@20 (line 723)
                      ; - java.util.jar.JarFile::ensureInitialization@1 (line 1031)
                      ; - java.util.jar.JavaUtilJarAccessImpl::ensureInitialization@1 (line 72)
                      ; - jdk.internal.loader.URLClassPath$JarLoader$2::getManifest@10 (line 885)
                      ; - java.net.URLClassLoader::defineClass@34 (line 491)
                      ; - java.net.URLClassLoader$1::run@43 (line 427)
                      ; - java.net.URLClassLoader$1::run@1 (line 421)
                      ; - java.security.AccessController::executePrivileged@29 (line 814)
                      ; - java.security.AccessController::doPrivileged@13 (line 712)
                      ; - java.net.URLClassLoader::findClass@13 (line 420)
                      ; - org.gradle.internal.classloader.VisitableURLClassLoader$InstrumentingVisitableURLClassLoader::findClass@10 (line 189)
  0x000002772ec765cc: b0fe 0af8 | 4885 c00f | 8564 0500 | 0044 8b5c | 2470 4788 | 64dc 1248 | 8b74 2458 | 4c8b 6c24 
  0x000002772ec765ec: 4848 8b7c | 2468 4c8b | 4424 28e9 | f4f3 ffff | 488b 5424 | 384c 8b54 | 2428 4c89 | 5424 2066 
  0x000002772ec7660c: 6690 c5f8 | 7748 b8ff | ffff ffff 

  0x000002772ec76618: ;   {virtual_call}
  0x000002772ec76618: ffff ffe8 

  0x000002772ec7661c: ; ImmutableOopMap {[32]=Oop [48]=Oop [56]=Oop [72]=Oop [88]=Oop [128]=Oop [272]=Oop }
                      ;*invokevirtual getBytes {reexecute=0 rethrow=0 return_oop=1}
                      ; - java.net.URLClassLoader::defineClass@179 (line 519)
                      ; - java.net.URLClassLoader$1::run@43 (line 427)
                      ; - java.net.URLClassLoader$1::run@1 (line 421)
                      ; - java.security.AccessController::executePrivileged@29 (line 814)
                      ; - java.security.AccessController::doPrivileged@13 (line 712)
                      ; - java.net.URLClassLoader::findClass@13 (line 420)
                      ; - org.gradle.internal.classloader.VisitableURLClassLoader$InstrumentingVisitableURLClassLoader::findClass@10 (line 189)
  0x000002772ec7661c: 60b0 41ff | 4889 4424 | 68e9 6bf5 

  0x000002772ec76628: ;   {metadata('jdk/internal/loader/URLClassPath$FileLoader$1')}
  0x000002772ec76628: ffff 4181 | fa60 df46 | 010f 849b | f5ff ffba | c6ff ffff | 4c8b 5424 | 584c 8954 | 2420 4c8b 
  0x000002772ec76648: 5424 304c | 8954 2428 | 4c8b 5424 | 604c 8954 | 2448 4c89 | 5c24 5090 

  0x000002772ec76660: ;   {runtime_call UncommonTrapBlob}
  0x000002772ec76660: c5f8 77e8 

  0x000002772ec76664: ; ImmutableOopMap {[32]=Oop [40]=Oop [80]=Oop [104]=Oop [128]=Oop [272]=Oop }
                      ;*invokevirtual getCodeSigners {reexecute=0 rethrow=0 return_oop=0}
                      ; - java.net.URLClassLoader::defineClass@185 (line 521)
                      ; - java.net.URLClassLoader$1::run@43 (line 427)
                      ; - java.net.URLClassLoader$1::run@1 (line 421)
                      ; - java.security.AccessController::executePrivileged@29 (line 814)
                      ; - java.security.AccessController::doPrivileged@13 (line 712)
                      ; - java.net.URLClassLoader::findClass@13 (line 420)
                      ; - org.gradle.internal.classloader.VisitableURLClassLoader$InstrumentingVisitableURLClassLoader::findClass@10 (line 189)
  0x000002772ec76664: 9802 42ff | 4889 7424 | 484c 8b54 | 2440 4c89 | 5424 3844 | 8b44 2450 | 4489 4424 | 2049 8bd5 
  0x000002772ec76684: 4c8b 5c24 | 584c 895c | 2450 4889 | 5c24 6890 

  0x000002772ec76694: ;   {optimized virtual_call}
  0x000002772ec76694: c5f8 77e8 

  0x000002772ec76698: ; ImmutableOopMap {[32]=NarrowOop [48]=Oop [80]=Oop [88]=Oop [104]=Oop [128]=Oop [136]=Oop }
                      ;*invokevirtual rehash {reexecute=0 rethrow=0 return_oop=0}
                      ; - java.lang.ThreadLocal$ThreadLocalMap::set@129 (line 501)
                      ; - java.lang.ThreadLocal::setInitialValue@22 (line 199)
                      ; - java.lang.ThreadLocal::get@34 (line 172)
                      ; - org.gradle.internal.classloader.TransformErrorHandler::getLastErrorAndClear@4 (line 126)
                      ; - org.gradle.internal.classloader.TransformErrorHandler::enterClassLoadingScope@1 (line 68)
                      ; - org.gradle.internal.classloader.VisitableURLClassLoader$InstrumentingVisitableURLClassLoader::findClass@5 (line 186)
  0x000002772ec76698: e4ac 41ff | 448b 5c24 | 2044 895c | 2450 4c8b | 5424 384c | 8954 2440 | 488b 7424 | 48e9 d1ea 
  0x000002772ec766b8: ffff 4533 | dbe9 32fd | ffff 418b | ea4c 896c | 2448 4889 | 7424 5849 | 8bd5 c5f8 | 7748 b8ff 
  0x000002772ec766d8: ffff ffff 

  0x000002772ec766dc: ;   {virtual_call}
  0x000002772ec766dc: ffff ffe8 

  0x000002772ec766e0: ; ImmutableOopMap {[48]=Oop [72]=Oop [88]=Oop [128]=Oop }
                      ;*invokevirtual getCodeSourceURL {reexecute=0 rethrow=0 return_oop=1}
                      ; - java.net.URLClassLoader::defineClass@13 (line 487)
                      ; - java.net.URLClassLoader$1::run@43 (line 427)
                      ; - java.net.URLClassLoader$1::run@1 (line 421)
                      ; - java.security.AccessController::executePrivileged@29 (line 814)
                      ; - java.security.AccessController::doPrivileged@13 (line 712)
                      ; - java.net.URLClassLoader::findClass@13 (line 420)
                      ; - org.gradle.internal.classloader.VisitableURLClassLoader$InstrumentingVisitableURLClassLoader::findClass@10 (line 189)
  0x000002772ec766e0: 9caf 41ff | 4889 8424 | 1001 0000 | 488b 7424 | 584c 8b6c | 2448 448b | d5e9 5ef0 

  0x000002772ec766fc: ;   {metadata('jdk/internal/loader/URLClassPath$FileLoader$1')}
  0x000002772ec766fc: ffff 4181 | fb60 df46 | 010f 851b | 4a00 0033 | c0e9 d4f3 | ffff 458b | 5cfc 1c45 | 85db 0f84 
  0x000002772ec7671c: fceb ffff | 4489 4424 | 2445 8be9 | 4d8b 5720 | 498b cb48 | c1e1 034d | 85d2 0f84 | 4c2d 0000 
  0x000002772ec7673c: 4d8b 5f30 | 4b89 4c13 | f849 83c2 | f84d 8957 | 2045 8bcd | 448b 4424 | 24e9 c2eb | ffff 468b 
  0x000002772ec7675c: 548e 1045 | 85d2 0f84 | bfeb ffff | 4489 4424 | 2445 8be9 | 4d8b 5f20 | 498b ca48 | c1e1 034d 
  0x000002772ec7677c: 85db 0f84 | ec2c 0000 | 4d8b 5730 | 4b89 4c1a | f849 83c3 | f84d 895f | 2045 8bcd | 448b 4424 
  0x000002772ec7679c: 24e9 85eb | ffff 33ed | e944 fdff | ff47 0fb6 | 4cdc 1145 | 85c9 0f85 | 43f2 ffff | 4c89 4424 
  0x000002772ec767bc: 2844 895c | 2424 4889 | 7c24 388b | 6c24 204c | 896c 2448 | 4889 7424 

  0x000002772ec767d4: ;   {oop(a 'java/lang/ThreadLocal'{0x00000007007d4338})}
  0x000002772ec767d4: 5848 ba38 | 437d 0007 

  0x000002772ec767dc: ;   {oop(a 'java/lang/Boolean'{0x00000007005d0be8} = true)}
  0x000002772ec767dc: 0000 0049 | b8e8 0b5d | 0007 0000 | 0066 6690 

  0x000002772ec767ec: ;   {optimized virtual_call}
  0x000002772ec767ec: c5f8 77e8 

  0x000002772ec767f0: ; ImmutableOopMap {[36]=NarrowOop [40]=Oop [48]=Oop [56]=Oop [72]=Oop [88]=Oop [128]=Oop [272]=Oop [280]=Oop }
                      ;*invokevirtual set {reexecute=0 rethrow=0 return_oop=0}
                      ; - java.util.jar.JarFile::ensureInitialization@37 (line 1036)
                      ; - java.util.jar.JavaUtilJarAccessImpl::ensureInitialization@1 (line 72)
                      ; - jdk.internal.loader.URLClassPath$JarLoader$2::getManifest@10 (line 885)
                      ; - java.net.URLClassLoader::defineClass@34 (line 491)
                      ; - java.net.URLClassLoader$1::run@43 (line 427)
                      ; - java.net.URLClassLoader$1::run@1 (line 421)
                      ; - java.security.AccessController::executePrivileged@29 (line 814)
                      ; - java.security.AccessController::doPrivileged@13 (line 712)
                      ; - java.net.URLClassLoader::findClass@13 (line 420)
                      ; - org.gradle.internal.classloader.VisitableURLClassLoader$InstrumentingVisitableURLClassLoader::findClass@10 (line 189)
  0x000002772ec767f0: 8cab 41ff | 488b 5424 | 2866 6690 

  0x000002772ec767fc: ;   {optimized virtual_call}
  0x000002772ec767fc: c5f8 77e8 

  0x000002772ec76800: ; ImmutableOopMap {[36]=NarrowOop [40]=Oop [48]=Oop [56]=Oop [72]=Oop [88]=Oop [128]=Oop [272]=Oop [280]=Oop }
                      ;*invokevirtual initializeVerifier {reexecute=0 rethrow=0 return_oop=0}
                      ; - java.util.jar.JarFile::ensureInitialization@41 (line 1038)
                      ; - java.util.jar.JavaUtilJarAccessImpl::ensureInitialization@1 (line 72)
                      ; - jdk.internal.loader.URLClassPath$JarLoader$2::getManifest@10 (line 885)
                      ; - java.net.URLClassLoader::defineClass@34 (line 491)
                      ; - java.net.URLClassLoader$1::run@43 (line 427)
                      ; - java.net.URLClassLoader$1::run@1 (line 421)
                      ; - java.security.AccessController::executePrivileged@29 (line 814)
                      ; - java.security.AccessController::doPrivileged@13 (line 712)
                      ; - java.net.URLClassLoader::findClass@13 (line 420)
                      ; - org.gradle.internal.classloader.VisitableURLClassLoader$InstrumentingVisitableURLClassLoader::findClass@10 (line 189)
  0x000002772ec76800: 7cab 41ff | 448b 5c24 | 2443 c644 

  0x000002772ec7680c: ;   {oop(a 'java/lang/ThreadLocal'{0x00000007007d4338})}
  0x000002772ec7680c: dc11 0148 | ba38 437d | 0007 0000 

  0x000002772ec76818: ;   {oop(a 'java/lang/Boolean'{0x00000007006025c8} = false)}
  0x000002772ec76818: 0049 b8c8 | 2560 0007 | 0000 004c | 8b54 2458 | 4c89 5424 | 5066 6690 

  0x000002772ec76830: ;   {optimized virtual_call}
  0x000002772ec76830: c5f8 77e8 

  0x000002772ec76834: ; ImmutableOopMap {[40]=Oop [48]=Oop [56]=Oop [72]=Oop [80]=Oop [88]=Oop [128]=Oop [272]=Oop [280]=Oop }
                      ;*invokevirtual set {reexecute=0 rethrow=0 return_oop=0}
                      ; - java.util.jar.JarFile::ensureInitialization@55 (line 1041)
                      ; - java.util.jar.JavaUtilJarAccessImpl::ensureInitialization@1 (line 72)
                      ; - jdk.internal.loader.URLClassPath$JarLoader$2::getManifest@10 (line 885)
                      ; - java.net.URLClassLoader::defineClass@34 (line 491)
                      ; - java.net.URLClassLoader$1::run@43 (line 427)
                      ; - java.net.URLClassLoader$1::run@1 (line 421)
                      ; - java.security.AccessController::executePrivileged@29 (line 814)
                      ; - java.security.AccessController::doPrivileged@13 (line 712)
                      ; - java.net.URLClassLoader::findClass@13 (line 420)
                      ; - org.gradle.internal.classloader.VisitableURLClassLoader$InstrumentingVisitableURLClassLoader::findClass@10 (line 189)
  0x000002772ec76834: 48ab 41ff | 488b 7424 | 504c 8b6c | 2448 896c | 2420 488b | 7c24 384c | 8b44 2428 | e9a6 f1ff 
  0x000002772ec76854: ffc4 c1f9 | 6ec3 4d8b | d048 895c | 2428 4c63 | c54d 8bd8 | 4983 c310 | 498b cb48 | 83e1 f848 
  0x000002772ec76874: 8bfa 4803 | f948 8bea | 49c1 eb03 | 4d2b cb49 | 8bc9 4833 | c048 83f9 | 087f 1048 | ffc9 784f 
  0x000002772ec76894: 4889 04cf | 48ff c97d | f7eb 44c5 | f5ef c9e9 | 0d00 0000 | c5fe 7f0f | c5fe 7f4f | 2048 83c7 
  0x000002772ec768b4: 4048 83e9 | 087d ed48 | 83c1 047c | 0cc5 fe7f | 0f48 83c7 | 2048 83e9 | 0448 83c1 | 047e 1048 
  0x000002772ec768d4: ffc9 c5f9 | d60f 4883 | c708 48ff | c97d f3c4 | e1f9 7ec1 | 498b d2c5 | f877 49ba | 607f 072e 
  0x000002772ec768f4: 7702 0000 | 41ff d248 | 8b5c 2428 | 488b d5e9 | e2ef ffff | 4d8b 5740 | 4d8b 5f50 | f083 4424 
  0x000002772ec76914: c000 8039 | 000f 84fb | efff ff44 | 8821 4d85 | d275 1849 | 8bd7 c5f8 | 7749 ba80 | 8b88 90fd 
  0x000002772ec76934: 7f00 0041 | ffd2 e9db | efff ff4b | 894c 13f8 | 4983 c2f8 | 4d89 5740 | e9c9 efff | ff48 8b94 
  0x000002772ec76954: 2480 0000 | 004c 8b84 | 2418 0100 | 004c 8b4c | 2440 488b | 7c24 4048 | 8b74 2440 | 488b 4c24 
  0x000002772ec76974: 404c 8b54 | 2440 4c89 | 1424 4c8b | 5424 404c | 8954 2408 | 4c8b 5424 | 404c 8954 | 2410 4c8b 
  0x000002772ec76994: 5424 384c | 8954 2428 

  0x000002772ec7699c: ;   {optimized virtual_call}
  0x000002772ec7699c: c5f8 77e8 

  0x000002772ec769a0: ; ImmutableOopMap {[40]=Oop [48]=Oop [72]=Oop [88]=Oop [128]=Oop [272]=Oop [280]=Oop }
                      ;*invokevirtual definePackage {reexecute=0 rethrow=0 return_oop=1}
                      ; - java.net.URLClassLoader::defineClass@81 (line 497)
                      ; - java.net.URLClassLoader$1::run@43 (line 427)
                      ; - java.net.URLClassLoader$1::run@1 (line 421)
                      ; - java.security.AccessController::executePrivileged@29 (line 814)
                      ; - java.security.AccessController::doPrivileged@13 (line 712)
                      ; - java.net.URLClassLoader::findClass@13 (line 420)
                      ; - org.gradle.internal.classloader.VisitableURLClassLoader$InstrumentingVisitableURLClassLoader::findClass@10 (line 189)
  0x000002772ec769a0: dca9 41ff | e9bb faff | ff44 8b5d | 1c45 85db | 0f84 63f8 | ffff 498b | 5720 498b | cb48 c1e1 
  0x000002772ec769c0: 0348 85d2 | 0f84 3e32 | 0000 4d8b | 5f30 4989 | 4c13 f848 | 83c2 f849 | 8957 20e9 | 39f8 ffff 
  0x000002772ec769e0: 448b 5d10 | 4585 db0f | 84e1 f7ff | ff49 8b57 | 2049 8bcb | 48c1 e103 | 4885 d20f | 847d 3200 
  0x000002772ec76a00: 004d 8b5f | 3049 894c | 13f8 4883 | c2f8 4989 | 5720 e9b7 | f7ff ff45 | 8b1e 4585 | db0f 8413 
  0x000002772ec76a20: f8ff ff4d | 8b57 2049 | 8bcb 48c1 | e103 4d85 | d20f 84bd | 3200 004d | 8b5f 304b | 894c 13f8 
  0x000002772ec76a40: 4983 c2f8 | 4d89 5720 | e9e9 f7ff | ff4d 8b5f | 5049 8b57 | 40f0 8344 | 24c0 0080 | 3900 0f84 
  0x000002772ec76a60: a4f7 ffff | 4488 2148 | 85d2 7576 | 4889 6c24 | 704c 894c | 2468 4c89 | 6c24 6089 | 7c24 4c44 
  0x000002772ec76a80: 8954 2448 | 4489 4424 | 3c48 8974 | 2428 4c8b | 5424 404c | 8954 2420 | 488b eb49 | 8bd7 c5f8 
  0x000002772ec76aa0: 7749 ba80 | 8b88 90fd | 7f00 0041 | ffd2 488b | dd4c 8b54 | 2420 4c89 | 5424 4048 | 8b74 2428 
  0x000002772ec76ac0: 448b 4424 | 3c44 8b54 | 2448 8b7c | 244c 4c8b | 6c24 604c | 8b4c 2468 | 488b 6c24 | 70e9 26f7 
  0x000002772ec76ae0: ffff 4989 | 4c13 f848 | 83c2 f849 | 8957 40e9 | 14f7 ffff | 4d8b 5740 | 4d8b 5f50 | f083 4424 
  0x000002772ec76b00: c000 8039 | 000f 8461 | f7ff ff44 | 8821 4d85 | d275 1849 | 8bd7 c5f8 | 7749 ba80 | 8b88 90fd 
  0x000002772ec76b20: 7f00 0041 | ffd2 e941 | f7ff ff4b | 894c 13f8 | 4983 c2f8 | 4d89 5740 | e92f f7ff 

  0x000002772ec76b3c: ;   {metadata('java/util/jar/JarFile')}
  0x000002772ec76b3c: ff81 fd40 | 7c18 000f | 851b 4a00 | 004c 8b54 | 2428 4d8b | c245 8b48 | 2845 85c9 | 0f84 9605 
  0x000002772ec76b5c: 0000 438b | 6ccc 0c41 | 807f 3800 | 0f85 a62f | 0000 458b | 54ec 084f | 8b5c cc20 

  0x000002772ec76b78: ;   {oop(a 'java/lang/Class'{0x00000007004733a0} = 'java/lang/ref/SoftReference')}
  0x000002772ec76b78: 48b9 a033 | 4700 0700 | 0000 488b | 4970 4c3b | d90f 8549 

  0x000002772ec76b8c: ;   {metadata('java/util/jar/Manifest')}
  0x000002772ec76b8c: 2400 0041 | 81fa 109c | 0600 0f85 | fc59 0000 | 488b 7424 | 584c 8b6c | 2448 488b | 7c24 6844 
  0x000002772ec76bac: 8b5c 2470 | 4c8b 4424 | 28e9 36ee | ffff 85ed | 0f84 ebf7 | ffff 4d8b | 5720 488b | cd48 c1e1 
  0x000002772ec76bcc: 034d 85d2 | 0f84 3631 | 0000 4d8b | 5f30 4b89 | 4c13 f849 | 83c2 f84d | 8957 20e9 | c1f7 ffff 
  0x000002772ec76bec: ;   {oop(""{0x00000007005cefb0})}
  0x000002772ec76bec: 48bb b0ef | 5c00 0700 | 0000 e923 | edff ff44 | 8944 244c | 4889 4424 | 5044 8954 | 2448 4489 
  0x000002772ec76c0c: 6c24 3c89 | 7424 384c | 895c 2430 | 4c89 4c24 | 2848 895c | 2420 4c89 

  0x000002772ec76c24: ;   {metadata({type array byte})}
  0x000002772ec76c24: 7424 5848 | ba38 6700 | 4377 0200 | 0066 6690 

  0x000002772ec76c34: ;   {runtime_call _new_array_Java}
  0x000002772ec76c34: c5f8 77e8 

  0x000002772ec76c38: ; ImmutableOopMap {[32]=Oop [40]=Oop [48]=Oop [88]=Oop [128]=Oop }
                      ;*invokevirtual allocateUninitializedArray0 {reexecute=0 rethrow=0 return_oop=1}
                      ; - jdk.internal.misc.Unsafe::allocateUninitializedArray@51 (line 1375)
                      ; - java.lang.StringConcatHelper::newArray@33 (line 497)
                      ; - java.lang.StringConcatHelper::simpleConcat@61 (line 421)
                      ; - java.lang.String::concat@11 (line 2774)
                      ; - java.net.URLClassLoader$1::run@13 (line 423)
                      ; - java.net.URLClassLoader$1::run@1 (line 421)
                      ; - java.security.AccessController::executePrivileged@29 (line 814)
                      ; - java.security.AccessController::doPrivileged@13 (line 712)
                      ; - java.net.URLClassLoader::findClass@13 (line 420)
                      ; - org.gradle.internal.classloader.VisitableURLClassLoader$InstrumentingVisitableURLClassLoader::findClass@10 (line 189)
  0x000002772ec76c38: c497 4cff | 488b c84c | 8b74 2458 | 488b 5c24 | 204c 8b4c | 2428 4c8b | 5c24 308b | 7424 3844 
  0x000002772ec76c58: 8b6c 243c | 448b 5424 | 4848 8b44 | 2450 448b | 4424 4c48 | 8bf9 e93b | e9ff ff48 | 897c 2420 
  0x000002772ec76c78: 488b eb4c | 8974 2458 

  0x000002772ec76c80: ;   {metadata('java/lang/String')}
  0x000002772ec76c80: 48ba f0e9 | 0043 7702 | 0000 4c89 | 7424 3890 

  0x000002772ec76c90: ;   {runtime_call _new_instance_Java}
  0x000002772ec76c90: c5f8 77e8 

  0x000002772ec76c94: ; ImmutableOopMap {rbp=Oop [32]=Oop [56]=Oop [88]=Oop [128]=Oop }
                      ;*new {reexecute=0 rethrow=0 return_oop=1}
                      ; - java.lang.StringConcatHelper::newString@6 (line 387)
                      ; - java.lang.StringConcatHelper::simpleConcat@90 (line 426)
                      ; - java.lang.String::concat@11 (line 2774)
                      ; - java.net.URLClassLoader$1::run@13 (line 423)
                      ; - java.net.URLClassLoader$1::run@1 (line 421)
                      ; - java.security.AccessController::executePrivileged@29 (line 814)
                      ; - java.security.AccessController::doPrivileged@13 (line 712)
                      ; - java.net.URLClassLoader::findClass@13 (line 420)
                      ; - org.gradle.internal.classloader.VisitableURLClassLoader$InstrumentingVisitableURLClassLoader::findClass@10 (line 189)
  0x000002772ec76c94: 6894 4cff | 4c8b 7424 | 3848 8bdd | 488b 7c24 | 20e9 b4e9 | ffff 49ba | 0000 0633 | 7702 0000 
  0x000002772ec76cb4: 4489 5c24 | 604c 8954 | 2468 4533 | d24c 8954 | 2440 eb0f | 448b 5c24 | 5044 895c | 2460 4889 
  0x000002772ec76cd4: 7424 684c | 8b54 2440 | 4c89 5424 | 384c 8b54 | 2430 4c89 | 5424 284c | 896c 2420 | 488b ac24 
  0x000002772ec76cf4: 8000 0000 | 488b d34d | 8bc5 4c8b | 4c24 384c | 8b5c 2458 | 4c89 5c24 | 4048 895c | 2450 6690 
  0x000002772ec76d14: ;   {optimized virtual_call}
  0x000002772ec76d14: c5f8 77e8 

  0x000002772ec76d18: ; ImmutableOopMap {rbp=Oop [32]=Oop [40]=Oop [64]=Oop [80]=Oop [88]=Oop [96]=NarrowOop [128]=Oop }
                      ;*invokevirtual createMap {reexecute=0 rethrow=0 return_oop=0}
                      ; - java.lang.ThreadLocal::setInitialValue@31 (line 201)
                      ; - java.lang.ThreadLocal::get@34 (line 172)
                      ; - org.gradle.internal.classloader.TransformErrorHandler::getLastErrorAndClear@4 (line 126)
                      ; - org.gradle.internal.classloader.TransformErrorHandler::enterClassLoadingScope@1 (line 68)
                      ; - org.gradle.internal.classloader.VisitableURLClassLoader$InstrumentingVisitableURLClassLoader::findClass@5 (line 186)
  0x000002772ec76d18: 64a6 41ff | 448b 5424 | 6044 8954 | 2450 4c8b | 5424 204c | 8994 2488 | 0000 004c | 8b54 2428 
  0x000002772ec76d38: 4c89 5424 | 304c 8b54 | 2438 4c89 | 5424 4048 | 8b74 2468 | e93a e4ff | ff44 8b55 | 1c45 85d2 
  0x000002772ec76d58: 0f84 29e4 | ffff 4d8b | 5f20 498b | ca48 c1e1 | 034d 85db | 0f84 b22f | 0000 4d8b | 5730 4b89 
  0x000002772ec76d78: 4c1a f849 | 83c3 f84d | 895f 20e9 | ffe3 ffff | 4889 7c24 | 3844 8b44 | 2420 4489 | 4424 3444 
  0x000002772ec76d98: 895c 2430 | 8944 242c | 4489 6c24 | 2848 895c | 2420 4c89 

  0x000002772ec76dac: ;   {metadata({type array byte})}
  0x000002772ec76dac: 7424 5848 | ba38 6700 | 4377 0200 | 0044 8bc0 

  0x000002772ec76dbc: ;   {runtime_call _new_array_Java}
  0x000002772ec76dbc: c5f8 77e8 

  0x000002772ec76dc0: ; ImmutableOopMap {[32]=Oop [40]=NarrowOop [56]=Oop [88]=Oop [128]=Oop }
                      ;*invokevirtual allocateUninitializedArray0 {reexecute=0 rethrow=0 return_oop=1}
                      ; - jdk.internal.misc.Unsafe::allocateUninitializedArray@51 (line 1375)
                      ; - java.lang.StringConcatHelper::newArray@33 (line 497)
                      ; - java.lang.StringLatin1::replace@49 (line 313)
                      ; - java.lang.String::replace@18 (line 2808)
                      ; - java.net.URLClassLoader$1::run@8 (line 423)
                      ; - java.net.URLClassLoader$1::run@1 (line 421)
                      ; - java.security.AccessController::executePrivileged@29 (line 814)
                      ; - java.security.AccessController::doPrivileged@13 (line 712)
                      ; - java.net.URLClassLoader::findClass@13 (line 420)
                      ; - org.gradle.internal.classloader.VisitableURLClassLoader$InstrumentingVisitableURLClassLoader::findClass@10 (line 189)
  0x000002772ec76dc0: 3c96 4cff | 4c8b d04c | 8b74 2458 | 488b 5c24 | 2044 8b6c | 2428 8b44 | 242c 448b | 5c24 3044 
  0x000002772ec76de0: 8b44 2434 | 4489 4424 | 2048 8b7c | 2438 4d8b | cae9 edf0 | ffff 4c89 | 4c24 2048 | 8beb 4c89 
  0x000002772ec76e00: ;   {metadata('java/lang/String')}
  0x000002772ec76e00: 7424 5848 | baf0 e900 | 4377 0200 | 004c 8974 | 2438 4c89 | 7424 4890 

  0x000002772ec76e18: ;   {runtime_call _new_instance_Java}
  0x000002772ec76e18: c5f8 77e8 

  0x000002772ec76e1c: ; ImmutableOopMap {rbp=Oop [32]=Oop [56]=Oop [72]=Oop [88]=Oop [128]=Oop }
                      ;*new {reexecute=0 rethrow=0 return_oop=1}
                      ; - java.lang.StringLatin1::replace@116 (line 322)
                      ; - java.lang.String::replace@18 (line 2808)
                      ; - java.net.URLClassLoader$1::run@8 (line 423)
                      ; - java.net.URLClassLoader$1::run@1 (line 421)
                      ; - java.security.AccessController::executePrivileged@29 (line 814)
                      ; - java.security.AccessController::doPrivileged@13 (line 712)
                      ; - java.net.URLClassLoader::findClass@13 (line 420)
                      ; - org.gradle.internal.classloader.VisitableURLClassLoader$InstrumentingVisitableURLClassLoader::findClass@10 (line 189)
  0x000002772ec76e1c: e092 4cff | 4c8b 7424 | 3848 8bdd | 4c8b 4c24 | 204c 8bd8 | e992 e4ff 

  0x000002772ec76e34: ;   {metadata('java/lang/ClassNotFoundException')}
  0x000002772ec76e34: ff48 ba10 | 2802 4377 | 0200 0090 

  0x000002772ec76e40: ;   {runtime_call _new_instance_Java}
  0x000002772ec76e40: c5f8 77e8 

  0x000002772ec76e44: ; ImmutableOopMap {[88]=Oop [128]=Oop }
                      ;*new {reexecute=0 rethrow=0 return_oop=1}
                      ; - java.net.URLClassLoader::findClass@36 (line 445)
                      ; - org.gradle.internal.classloader.VisitableURLClassLoader$InstrumentingVisitableURLClassLoader::findClass@10 (line 189)
  0x000002772ec76e44: b892 4cff | e9df eeff | ff4c 895c 

  0x000002772ec76e50: ;   {metadata('java/security/CodeSource')}
  0x000002772ec76e50: 2448 48ba | b0ee 0043 | 7702 0000 | 4c8b 5424 | 584c 8954 | 2420 6690 

  0x000002772ec76e68: ;   {runtime_call _new_instance_Java}
  0x000002772ec76e68: c5f8 77e8 

  0x000002772ec76e6c: ; ImmutableOopMap {[32]=Oop [48]=Oop [64]=Oop [72]=Oop [88]=Oop [104]=Oop [128]=Oop [272]=Oop }
                      ;*new {reexecute=0 rethrow=0 return_oop=1}
                      ; - java.net.URLClassLoader::defineClass@190 (line 522)
                      ; - java.net.URLClassLoader$1::run@43 (line 427)
                      ; - java.net.URLClassLoader$1::run@1 (line 421)
                      ; - java.security.AccessController::executePrivileged@29 (line 814)
                      ; - java.security.AccessController::doPrivileged@13 (line 712)
                      ; - java.net.URLClassLoader::findClass@13 (line 420)
                      ; - org.gradle.internal.classloader.VisitableURLClassLoader$InstrumentingVisitableURLClassLoader::findClass@10 (line 189)
  0x000002772ec76e6c: 9092 4cff | e9aa edff | ff8b 6c24 | 204c 896c | 2448 4889 | 7424 5849 | 8bd3 48c1 | e203 4533 
  0x000002772ec76e8c: c045 8bca 

  0x000002772ec76e90: ;   {static_call}
  0x000002772ec76e90: c5f8 77e8 

  0x000002772ec76e94: ; ImmutableOopMap {[48]=Oop [72]=Oop [88]=Oop [128]=Oop [272]=Oop }
                      ;*invokestatic newString {reexecute=0 rethrow=0 return_oop=1}
                      ; - java.lang.String::substring@54 (line 2715)
                      ; - java.net.URLClassLoader::defineClass@28 (line 489)
                      ; - java.net.URLClassLoader$1::run@43 (line 427)
                      ; - java.net.URLClassLoader$1::run@1 (line 421)
                      ; - java.security.AccessController::executePrivileged@29 (line 814)
                      ; - java.security.AccessController::doPrivileged@13 (line 712)
                      ; - java.net.URLClassLoader::findClass@13 (line 420)
                      ; - org.gradle.internal.classloader.VisitableURLClassLoader$InstrumentingVisitableURLClassLoader::findClass@10 (line 189)
  0x000002772ec76e94: e8aa 41ff | 488b 7424 | 584c 8b6c | 2448 896c | 2420 488b | d8e9 70ea | ffff 4489 | 5c24 2441 
  0x000002772ec76eb4: 8bea 4c89 | 6c24 4848 | 8974 2458 

  0x000002772ec76ec0: ;   {metadata('java/lang/String')}
  0x000002772ec76ec0: 48ba f0e9 | 0043 7702 | 0000 6690 

  0x000002772ec76ecc: ;   {runtime_call _new_instance_Java}
  0x000002772ec76ecc: c5f8 77e8 

  0x000002772ec76ed0: ; ImmutableOopMap {[36]=NarrowOop [48]=Oop [72]=Oop [88]=Oop [128]=Oop [272]=Oop }
                      ;*new {reexecute=0 rethrow=0 return_oop=1}
                      ; - java.lang.StringLatin1::newString@7 (line 769)
                      ; - java.lang.String::substring@41 (line 2714)
                      ; - java.net.URLClassLoader::defineClass@28 (line 489)
                      ; - java.net.URLClassLoader$1::run@43 (line 427)
                      ; - java.net.URLClassLoader$1::run@1 (line 421)
                      ; - java.security.AccessController::executePrivileged@29 (line 814)
                      ; - java.security.AccessController::doPrivileged@13 (line 712)
                      ; - java.net.URLClassLoader::findClass@13 (line 420)
                      ; - org.gradle.internal.classloader.VisitableURLClassLoader$InstrumentingVisitableURLClassLoader::findClass@10 (line 189)
  0x000002772ec76ed0: 2c92 4cff | 488b 7424 | 584c 8b6c | 2448 448b | d544 8b5c | 2424 488b | d8e9 07e9 | ffff 4889 
  0x000002772ec76ef0: 4c24 684c | 894c 2450 | 4889 5c24 | 3844 895c | 2428 448b | 4424 2044 | 8944 2424 | 4489 5424 
  0x000002772ec76f10: 204c 896c | 2448 4889 

  0x000002772ec76f18: ;   {metadata({type array byte})}
  0x000002772ec76f18: 7424 5848 | ba38 6700 | 4377 0200 | 0045 8bc2 

  0x000002772ec76f28: ;   {runtime_call _new_array_nozero_Java}
  0x000002772ec76f28: c5f8 77e8 

  0x000002772ec76f2c: ; ImmutableOopMap {[40]=NarrowOop [48]=Oop [56]=Oop [72]=Oop [88]=Oop [128]=Oop [272]=Oop }
                      ;*newarray {reexecute=0 rethrow=0 return_oop=1}
                      ; - java.util.Arrays::copyOfRange@41 (line 3822)
                      ; - java.lang.StringLatin1::newString@16 (line 769)
                      ; - java.lang.String::substring@41 (line 2714)
                      ; - java.net.URLClassLoader::defineClass@28 (line 489)
                      ; - java.net.URLClassLoader$1::run@43 (line 427)
                      ; - java.net.URLClassLoader$1::run@1 (line 421)
                      ; - java.security.AccessController::executePrivileged@29 (line 814)
                      ; - java.security.AccessController::doPrivileged@13 (line 712)
                      ; - java.net.URLClassLoader::findClass@13 (line 420)
                      ; - org.gradle.internal.classloader.VisitableURLClassLoader$InstrumentingVisitableURLClassLoader::findClass@10 (line 189)
  0x000002772ec76f2c: d097 4cff | 488b 7424 | 584c 8b6c | 2448 448b | 5424 2044 | 8b5c 2424 | 4489 5c24 | 2044 8b5c 
  0x000002772ec76f4c: 2428 488b | 5c24 384c | 8b4c 2450 | 488b 4c24 | 6848 8bd0 | e92f e9ff | ff4c 894c | 2478 4c89 
  0x000002772ec76f6c: 6c24 7089 | 7c24 6844 | 8954 2454 | 4489 4424 | 3c48 8974 | 2460 4c8b | 5424 404c | 8954 2448 
  0x000002772ec76f8c: 4c8b 5424 | 304c 8954 | 2440 4889 | 5c24 3044 | 8b5c 2438 | 4489 5c24 | 244c 8b94 | 2488 0000 
  0x000002772ec76fac: 004c 8954 | 2428 448b | 5c24 5044 | 895c 2420 | 488b ac24 | 8000 0000 

  0x000002772ec76fc4: ;   {metadata('java/lang/ThreadLocal$ThreadLocalMap$Entry')}
  0x000002772ec76fc4: 48ba c882 | 0b43 7702 | 0000 897c | 2450 6690 

  0x000002772ec76fd4: ;   {runtime_call _new_instance_Java}
  0x000002772ec76fd4: c5f8 77e8 

  0x000002772ec76fd8: ; ImmutableOopMap {rbp=Oop [32]=NarrowOop [36]=NarrowOop [40]=Oop [48]=Oop [60]=NarrowOop [64]=Oop [88]=Oop [112]=Oop [120]=Oop }
                      ;*new {reexecute=0 rethrow=0 return_oop=1}
                      ; - java.lang.ThreadLocal$ThreadLocalMap::set@85 (line 498)
                      ; - java.lang.ThreadLocal::setInitialValue@22 (line 199)
                      ; - java.lang.ThreadLocal::get@34 (line 172)
                      ; - org.gradle.internal.classloader.TransformErrorHandler::getLastErrorAndClear@4 (line 126)
                      ; - org.gradle.internal.classloader.TransformErrorHandler::enterClassLoadingScope@1 (line 68)
                      ; - org.gradle.internal.classloader.VisitableURLClassLoader$InstrumentingVisitableURLClassLoader::findClass@5 (line 186)
  0x000002772ec76fd8: 2491 4cff | 4889 ac24 | 8000 0000 | 448b 5424 | 2044 8954 | 2450 4c8b | 5424 284c | 8994 2488 
  0x000002772ec76ff8: 0000 0044 | 8b54 2424 | 4489 5424 | 3848 8b5c | 2430 4c8b | 5424 404c | 8954 2430 | 4c8b 5424 
  0x000002772ec77018: 484c 8954 | 2440 488b | 7424 6044 | 8b44 243c | 448b 5424 | 548b 7c24 | 684c 8b6c | 2470 4c8b 
  0x000002772ec77038: 4c24 7848 | 8be8 e975 | f1ff ff46 | 8b54 9610 | 4585 d20f | 8471 f4ff | ff4d 8b5f | 2049 8bca 
  0x000002772ec77058: 48c1 e103 | 4d85 db0f | 8467 3e00 | 004d 8b57 | 304b 894c | 1af8 4983 | c3f8 4d89 | 5f20 e947 
  0x000002772ec77078: f4ff ff44 | 8b55 0045 | 85d2 0f84 | 9af4 ffff | 4d8b 5f20 | 498b ca48 | c1e1 034d | 85db 0f84 
  0x000002772ec77098: 483e 0000 | 4d8b 5730 | 4b89 4c1a | f849 83c3 | f84d 895f | 20e9 70f4 | ffff bae4 | ffff ff4c 
  0x000002772ec770b8: 8b5c 2430 | 4c89 5c24 | 2848 8974 | 2440 4c89 | 6c24 484c | 8b5c 2460 | 4c89 5c24 | 5044 8954 
  0x000002772ec770d8: 245c 4889 | 7424 6044 | 894c 2474 

  0x000002772ec770e4: ;   {runtime_call UncommonTrapBlob}
  0x000002772ec770e4: c5f8 77e8 

  0x000002772ec770e8: ; ImmutableOopMap {[40]=Oop [64]=Oop [72]=Oop [96]=Oop [116]=NarrowOop [128]=Oop }
                      ;*baload {reexecute=0 rethrow=0 return_oop=0}
                      ; - java.lang.StringLatin1::lastIndexOf@24 (line 295)
                      ; - java.lang.String::lastIndexOf@13 (line 2489)
                      ; - java.lang.String::lastIndexOf@8 (line 2451)
                      ; - java.net.URLClassLoader::defineClass@7 (line 486)
                      ; - java.net.URLClassLoader$1::run@43 (line 427)
                      ; - java.net.URLClassLoader$1::run@1 (line 421)
                      ; - java.security.AccessController::executePrivileged@29 (line 814)
                      ; - java.security.AccessController::doPrivileged@13 (line 712)
                      ; - java.net.URLClassLoader::findClass@13 (line 420)
                      ; - org.gradle.internal.classloader.VisitableURLClassLoader$InstrumentingVisitableURLClassLoader::findClass@10 (line 189)
  0x000002772ec770e8: 14f8 41ff | 418b e8e9 | 7ced ffff | 458b 582c | 4585 db0f | 844b 1f00 | 0041 8b58 | 2c85 db0f 
  0x000002772ec77108: 848f faff | ff45 0fb6 | 5012 4585 | d20f 8599 | 0b00 0045 | 8b50 1847 | 8b4c d418 | 438b 4cd4 
  0x000002772ec77128: 0c41 0fb6 | 6810 85ed | 0f85 3b4a | 0000 458b | 5018 438b | 6cd4 1885 | ed0f 8495 | 4a00 0089 
  0x000002772ec77148: 8c24 8800 | 0000 4489 | 4c24 744c | 8944 2478 | 458b 5cdc | 3c45 8beb | 458b 501c | 418b ca45 
  0x000002772ec77168: 3bd3 0f84 | 3003 0000 

  0x000002772ec77170: ; implicit exception: dispatches to 0x000002772ec7ce00
  0x000002772ec77170: 470f be5c | d410 458b | c341 3bcd | 0f84 1e03 | 0000 458b | dd45 85db | 0f84 0701 | 0000 430f 
  0x000002772ec77190: be6c dc10 | 458b d844 | 3bdd 0f85 | b84d 0000 | 478b 54ec | 1445 8b5c | cc14 478b | 4cd4 0c43 
  0x000002772ec771b0: 8b4c dc0c | 413b c90f | 85d8 0000 | 004f 8d04 | d44b 8d74 | d410 4f8d | 14dc 4b8d | 7cdc 1085 
  0x000002772ec771d0: c90f 84a5 | 0000 008b | c183 e01f | 83e1 e00f | 844b 0000 | 0048 8d3c | 0f48 8d34 | 0e48 f7d9 
  0x000002772ec771f0: c5fe 6f04 | 0fc5 fe6f | 0c0e c5fd | efc1 c4e2 | 7d17 c00f | 857a 0000 | 0048 83c1 | 2075 e185 
  0x000002772ec77210: c00f 8465 | 0000 00c5 | fe6f 4407 | e0c5 fe6f | 4c06 e0c5 | fdef c1c4 | e27d 17c0 | 7555 eb4c 
  0x000002772ec77230: 8bc8 83e1 | fc74 1948 | 8d3c 0f48 | 8d34 0e48 | f7d9 8b1c | 0f3b 1c0e | 7539 4883 | c104 75f2 
  0x000002772ec77250: f7c0 0200 | 0000 7412 | 0fb7 1f0f | b70e 3bd9 | 7521 488d | 7f02 488d | 7602 f7c0 | 0100 0000 
  0x000002772ec77270: 740a 0fb6 | 1f0f b60e | 3bd9 7507 | b801 0000 | 00eb 0233 | c0c5 fdef | c0c5 f5ef | c985 c00f 
  0x000002772ec77290: 850b 0200 | 0044 8b54 | 2474 438b | 6cd4 2085 | ed0f 845d | 4d00 0045 | 8bdd 478b | 44dc 0c44 
  0x000002772ec772b0: 8984 2490 | 0000 0044 | 899c 248c | 0000 004f | 8d14 dc4c | 8954 2438 | 448b 5424 | 7449 c1e2 
  0x000002772ec772d0: 034c 8954 | 2450 4585 | c00f 8471 | 2800 0044 | 8b9c 248c | 0000 0047 | 8b5c dc14 

  0x000002772ec772ec: ; implicit exception: dispatches to 0x000002772ec7cd78
  0x000002772ec772ec: 438b 6cdc | 0c48 8b54 | 2438 6690 

  0x000002772ec772f8: ;   {optimized virtual_call}
  0x000002772ec772f8: c5f8 77e8 

  0x000002772ec772fc: ; ImmutableOopMap {[40]=Oop [48]=Oop [56]=Oop [72]=Oop [80]=Oop [88]=Oop [104]=Oop [112]=NarrowOop [116]=NarrowOop [120]=Oop [128]=Oop [136]=NarrowOop [140]=NarrowOop [272]=Oop [280]=Oop }
                      ;*invokevirtual coder {reexecute=0 rethrow=0 return_oop=0}
                      ; - java.lang.String::length@6 (line 1481)
                      ; - java.util.zip.ZipCoder::hash@6 (line 129)
                      ; - java.util.zip.ZipFile$Source::getEntryPos@10 (line 1781)
                      ; - java.util.zip.ZipFile::getInputStream@63 (line 372)
                      ; - java.util.jar.JarFile::getManifestFromReference@130 (line 432)
                      ; - java.util.jar.JarFile::getManifest@1 (line 406)
                      ; - java.util.jar.JarFile::maybeInstantiateVerifier@31 (line 725)
                      ; - java.util.jar.JarFile::ensureInitialization@1 (line 1031)
                      ; - java.util.jar.JavaUtilJarAccessImpl::ensureInitialization@1 (line 72)
                      ; - jdk.internal.loader.URLClassPath$JarLoader$2::getManifest@10 (line 885)
                      ; - java.net.URLClassLoader::defineClass@34 (line 491)
                      ; - java.net.URLClassLoader$1::run@43 (line 427)
                      ; - java.net.URLClassLoader$1::run@1 (line 421)
                      ; - java.security.AccessController::executePrivileged@29 (line 814)
                      ; - java.security.AccessController::doPrivileged@13 (line 712)
                      ; - java.net.URLClassLoader::findClass@13 (line 420)
                      ; - org.gradle.internal.classloader.VisitableURLClassLoader$InstrumentingVisitableURLClassLoader::findClass@10 (line 189)
  0x000002772ec772fc: 80a0 41ff | 8bc8 d3fd | 85ed 0f8e | b04c 0000 | 448b dd41 | ffcb 418b | eb48 8b54 | 2438 6690 
  0x000002772ec7731c: ;   {optimized virtual_call}
  0x000002772ec7731c: c5f8 77e8 

  0x000002772ec77320: ; ImmutableOopMap {[40]=Oop [48]=Oop [56]=Oop [72]=Oop [80]=Oop [88]=Oop [104]=Oop [112]=NarrowOop [116]=NarrowOop [120]=Oop [128]=Oop [136]=NarrowOop [140]=NarrowOop [272]=Oop [280]=Oop }
                      ;*invokevirtual isLatin1 {reexecute=0 rethrow=0 return_oop=0}
                      ; - java.lang.String::charAt@1 (line 1516)
                      ; - java.util.zip.ZipCoder::hash@18 (line 130)
                      ; - java.util.zip.ZipFile$Source::getEntryPos@10 (line 1781)
                      ; - java.util.zip.ZipFile::getInputStream@63 (line 372)
                      ; - java.util.jar.JarFile::getManifestFromReference@130 (line 432)
                      ; - java.util.jar.JarFile::getManifest@1 (line 406)
                      ; - java.util.jar.JarFile::maybeInstantiateVerifier@31 (line 725)
                      ; - java.util.jar.JarFile::ensureInitialization@1 (line 1031)
                      ; - java.util.jar.JavaUtilJarAccessImpl::ensureInitialization@1 (line 72)
                      ; - jdk.internal.loader.URLClassPath$JarLoader$2::getManifest@10 (line 885)
                      ; - java.net.URLClassLoader::defineClass@34 (line 491)
                      ; - java.net.URLClassLoader$1::run@43 (line 427)
                      ; - java.net.URLClassLoader$1::run@1 (line 421)
                      ; - java.security.AccessController::executePrivileged@29 (line 814)
                      ; - java.security.AccessController::doPrivileged@13 (line 712)
                      ; - java.net.URLClassLoader::findClass@13 (line 420)
                      ; - org.gradle.internal.classloader.VisitableURLClassLoader$InstrumentingVisitableURLClassLoader::findClass@10 (line 189)
  0x000002772ec77320: 5ca0 41ff | 448b 9424 | 8c00 0000 | 478b 54d4 | 1449 8bd2 | 48c1 e203 | 85c0 0f84 | 444b 0000 
  0x000002772ec77340: 448b c590 

  0x000002772ec77344: ;   {static_call}
  0x000002772ec77344: c5f8 77e8 

  0x000002772ec77348: ; ImmutableOopMap {[40]=Oop [48]=Oop [56]=Oop [72]=Oop [80]=Oop [88]=Oop [104]=Oop [112]=NarrowOop [116]=NarrowOop [120]=Oop [128]=Oop [136]=NarrowOop [140]=NarrowOop [272]=Oop [280]=Oop }
                      ;*invokestatic charAt {reexecute=0 rethrow=0 return_oop=0}
                      ; - java.lang.String::charAt@12 (line 1517)
                      ; - java.util.zip.ZipCoder::hash@18 (line 130)
                      ; - java.util.zip.ZipFile$Source::getEntryPos@10 (line 1781)
                      ; - java.util.zip.ZipFile::getInputStream@63 (line 372)
                      ; - java.util.jar.JarFile::getManifestFromReference@130 (line 432)
                      ; - java.util.jar.JarFile::getManifest@1 (line 406)
                      ; - java.util.jar.JarFile::maybeInstantiateVerifier@31 (line 725)
                      ; - java.util.jar.JarFile::ensureInitialization@1 (line 1031)
                      ; - java.util.jar.JavaUtilJarAccessImpl::ensureInitialization@1 (line 72)
                      ; - jdk.internal.loader.URLClassPath$JarLoader$2::getManifest@10 (line 885)
                      ; - java.net.URLClassLoader::defineClass@34 (line 491)
                      ; - java.net.URLClassLoader$1::run@43 (line 427)
                      ; - java.net.URLClassLoader$1::run@1 (line 421)
                      ; - java.security.AccessController::executePrivileged@29 (line 814)
                      ; - java.security.AccessController::doPrivileged@13 (line 712)
                      ; - java.net.URLClassLoader::findClass@13 (line 420)
                      ; - org.gradle.internal.classloader.VisitableURLClassLoader$InstrumentingVisitableURLClassLoader::findClass@10 (line 189)
  0x000002772ec77348: 34a6 41ff | 448b c841 | 83f9 2f0f | 8403 4d00 | 0044 8b54 | 2474 478b | 44d4 2447 | 8b5c d44c 
  0x000002772ec77368: 458b cb44 | 8b94 2490 | 0000 0041 | c1e2 0545 | 8bda 442b | 9c24 9000 | 0000 4183 | c32f 4489 
  0x000002772ec77388: 9c24 9000 | 0000 458b | d341 81e2 | ffff ff7f | 418b ca45 | 85c0 0f84 | f44a 0000 | 418b c23d 
  0x000002772ec773a8: 0000 0080 | 7508 33d2 | 4183 f8ff | 7404 9941 | f7f8 448b | c247 8b5c | cc0c 413b | d30f 8319 
  0x000002772ec773c8: 4b00 004f | 8d14 cc45 | 8b5c 9210 | 4489 9c24 | 9400 0000 | 4183 fbff | 0f84 ad00 | 0000 448b 
  0x000002772ec773e8: 5c24 7447 | 8b54 dc48 | 458b c266 | 0f1f 8400 | 0000 0000 | 6666 6690 

  0x000002772ec77400: ; implicit exception: dispatches to 0x000002772ec7cc1c
  0x000002772ec77400: 438b 5cc4 | 0c44 8b9c | 2494 0000 | 0044 3bdb | 0f83 9249 | 0000 4c63 | 9424 9400 | 0000 4c89 
  0x000002772ec77420: 9424 9800 | 0000 4f8d | 14c4 478b | 4c9a 1044 | 3b8c 2490 | 0000 000f | 84ff 2800 | 0044 8b5c 
  0x000002772ec77440: 2474 478b | 5cdc 4845 | 8bc3 448b | 9424 9400 | 0000 41ff | c241 8bca 

  0x000002772ec77458: ; implicit exception: dispatches to 0x000002772ec7cc5c
  0x000002772ec77458: 478b 54dc | 0c41 3bca | 0f83 8a49 | 0000 4d8b | 9750 0300 | 004f 8d1c | c44c 8b8c | 2498 0000 
  0x000002772ec77478: 0047 8b5c | 8b14 4489 | 9c24 9400 

  0x000002772ec77484: ; ImmutableOopMap {r8=NarrowOop [40]=Oop [48]=Oop [56]=Oop [72]=Oop [80]=Oop [88]=Oop [104]=Oop [112]=NarrowOop [116]=NarrowOop [120]=Oop [128]=Oop [136]=NarrowOop [140]=NarrowOop [272]=Oop [280]=Oop }
                      ;*goto {reexecute=1 rethrow=0 return_oop=0}
                      ; - (reexecute) java.util.zip.ZipFile$Source::getEntryPos@190 (line 1816)
                      ; - java.util.zip.ZipFile::getInputStream@63 (line 372)
                      ; - java.util.jar.JarFile::getManifestFromReference@130 (line 432)
                      ; - java.util.jar.JarFile::getManifest@1 (line 406)
                      ; - java.util.jar.JarFile::maybeInstantiateVerifier@31 (line 725)
                      ; - java.util.jar.JarFile::ensureInitialization@1 (line 1031)
                      ; - java.util.jar.JavaUtilJarAccessImpl::ensureInitialization@1 (line 72)
                      ; - jdk.internal.loader.URLClassPath$JarLoader$2::getManifest@10 (line 885)
                      ; - java.net.URLClassLoader::defineClass@34 (line 491)
                      ; - java.net.URLClassLoader$1::run@43 (line 427)
                      ; - java.net.URLClassLoader$1::run@1 (line 421)
                      ; - java.security.AccessController::executePrivileged@29 (line 814)
                      ; - java.security.AccessController::doPrivileged@13 (line 712)
                      ; - java.net.URLClassLoader::findClass@13 (line 420)
                      ; - org.gradle.internal.classloader.VisitableURLClassLoader$InstrumentingVisitableURLClassLoader::findClass@10 (line 189)
                      ;   {poll}
  0x000002772ec77484: 0000 4185 | 0241 83fb | ff0f 856d | ffff ff41 | bbff ffff | ff4c 8b44 | 2478 eb09 | 4c8b 4424 
  0x000002772ec774a4: 7845 8b58 | 0c41 83fb | ff0f 8495 | 4700 0044 | 899c 248c | 0000 004c | 8944 2478 | 498b 8708 
  0x000002772ec774c4: 0100 004c | 8bd0 4983 | c238 4d3b | 9718 0100 | 000f 83a0 | 3f00 004d | 8997 0801 | 0000 410f 
  0x000002772ec774e4: 0d8a c000 | 0000 48c7 | 0001 0000 

  0x000002772ec774f0: ;   {metadata('java/util/zip/ZipFile$ZipFileInputStream')}
  0x000002772ec774f0: 00c7 4008 | 98dd 2600 | 4489 600c | 4c89 6010 | 4c89 6018 | 4c89 6020 | 4c89 6028 | 4c89 6030 
  0x000002772ec77510: 4c8b d844 | 8b44 2474 

  0x000002772ec77518: ; implicit exception: dispatches to 0x000002772ec7ca84
  0x000002772ec77518: 478b 4cc4 | 3844 898c | 2498 0000 | 004c 899c | 2490 0000 | 004d 8bc3 | 4c8b 5424 | 784d 8bca 
  0x000002772ec77538: 4d33 c844 | 8b94 2498 | 0000 0049 | c1e2 034c | 8954 2438 | 49c1 e915 | 4c8b 5424 | 784d 8bda 
  0x000002772ec77558: 49c1 eb03 | 4c8b 9424 | 9000 0000 | 4589 5a30 | 448b 9424 | 8c00 0000 | 458b da41 | 83c3 1441 
  0x000002772ec77578: 8bfb 448b | 5424 744b | 8d2c d44d | 85c9 741a | 49c1 e809 | 48b9 0000 | 0633 7702 | 0000 4903 
  0x000002772ec77598: c880 3904 | 0f85 483a | 0000 488b | 5424 3844 | 8bc7 4489 | 8424 f800 | 0000 6690 

  0x000002772ec775b4: ;   {static_call}
  0x000002772ec775b4: c5f8 77e8 

  0x000002772ec775b8: ; ImmutableOopMap {rbp=Oop [40]=Oop [48]=Oop [56]=Oop [72]=Oop [88]=Oop [104]=Oop [112]=NarrowOop [116]=NarrowOop [120]=Oop [128]=Oop [136]=NarrowOop [144]=Oop [152]=NarrowOop [272]=Oop [280]=Oop }
                      ;*invokestatic SH {reexecute=0 rethrow=0 return_oop=0}
                      ; - java.util.zip.ZipUtils::LG@2 (line 207)
                      ; - java.util.zip.ZipUtils::CENSIZ@5 (line 270)
                      ; - java.util.zip.ZipFile$ZipFileInputStream::<init>@12 (line 864)
                      ; - java.util.zip.ZipFile::getInputStream@88 (line 377)
                      ; - java.util.jar.JarFile::getManifestFromReference@130 (line 432)
                      ; - java.util.jar.JarFile::getManifest@1 (line 406)
                      ; - java.util.jar.JarFile::maybeInstantiateVerifier@31 (line 725)
                      ; - java.util.jar.JarFile::ensureInitialization@1 (line 1031)
                      ; - java.util.jar.JavaUtilJarAccessImpl::ensureInitialization@1 (line 72)
                      ; - jdk.internal.loader.URLClassPath$JarLoader$2::getManifest@10 (line 885)
                      ; - java.net.URLClassLoader::defineClass@34 (line 491)
                      ; - java.net.URLClassLoader$1::run@43 (line 427)
                      ; - java.net.URLClassLoader$1::run@1 (line 421)
                      ; - java.security.AccessController::executePrivileged@29 (line 814)
                      ; - java.security.AccessController::doPrivileged@13 (line 712)
                      ; - java.net.URLClassLoader::findClass@13 (line 420)
                      ; - org.gradle.internal.classloader.VisitableURLClassLoader$InstrumentingVisitableURLClassLoader::findClass@10 (line 189)
  0x000002772ec775b8: c4a3 41ff | 8944 2424 | 448b 8424 | 8c00 0000 | 4183 c016 | 488b 5424 | 3866 6690 

  0x000002772ec775d4: ;   {static_call}
  0x000002772ec775d4: c5f8 77e8 

  0x000002772ec775d8: ; ImmutableOopMap {rbp=Oop [40]=Oop [48]=Oop [56]=Oop [72]=Oop [88]=Oop [104]=Oop [112]=NarrowOop [116]=NarrowOop [120]=Oop [128]=Oop [136]=NarrowOop [144]=Oop [152]=NarrowOop [272]=Oop [280]=Oop }
                      ;*invokestatic SH {reexecute=0 rethrow=0 return_oop=0}
                      ; - java.util.zip.ZipUtils::LG@9 (line 207)
                      ; - java.util.zip.ZipUtils::CENSIZ@5 (line 270)
                      ; - java.util.zip.ZipFile$ZipFileInputStream::<init>@12 (line 864)
                      ; - java.util.zip.ZipFile::getInputStream@88 (line 377)
                      ; - java.util.jar.JarFile::getManifestFromReference@130 (line 432)
                      ; - java.util.jar.JarFile::getManifest@1 (line 406)
                      ; - java.util.jar.JarFile::maybeInstantiateVerifier@31 (line 725)
                      ; - java.util.jar.JarFile::ensureInitialization@1 (line 1031)
                      ; - java.util.jar.JavaUtilJarAccessImpl::ensureInitialization@1 (line 72)
                      ; - jdk.internal.loader.URLClassPath$JarLoader$2::getManifest@10 (line 885)
                      ; - java.net.URLClassLoader::defineClass@34 (line 491)
                      ; - java.net.URLClassLoader$1::run@43 (line 427)
                      ; - java.net.URLClassLoader$1::run@1 (line 421)
                      ; - java.security.AccessController::executePrivileged@29 (line 814)
                      ; - java.security.AccessController::doPrivileged@13 (line 712)
                      ; - java.net.URLClassLoader::findClass@13 (line 420)
                      ; - org.gradle.internal.classloader.VisitableURLClassLoader$InstrumentingVisitableURLClassLoader::findClass@10 (line 189)
  0x000002772ec775d8: a4a3 41ff | c1e0 100b | 4424 2444 | 8b9c 248c | 0000 0041 | 83c3 1845 | 8bd3 448b | d84c 8b84 
  0x000002772ec775f8: 2490 0000 | 004d 8958 | 2048 8b54 | 2438 458b | c244 8994 | 24f8 0000 | 0066 6690 

  0x000002772ec77614: ;   {static_call}
  0x000002772ec77614: c5f8 77e8 

  0x000002772ec77618: ; ImmutableOopMap {rbp=Oop [40]=Oop [48]=Oop [56]=Oop [72]=Oop [88]=Oop [104]=Oop [112]=NarrowOop [116]=NarrowOop [120]=Oop [128]=Oop [136]=NarrowOop [144]=Oop [152]=NarrowOop [272]=Oop [280]=Oop }
                      ;*invokestatic SH {reexecute=0 rethrow=0 return_oop=0}
                      ; - java.util.zip.ZipUtils::LG@2 (line 207)
                      ; - java.util.zip.ZipUtils::CENLEN@5 (line 271)
                      ; - java.util.zip.ZipFile$ZipFileInputStream::<init>@21 (line 865)
                      ; - java.util.zip.ZipFile::getInputStream@88 (line 377)
                      ; - java.util.jar.JarFile::getManifestFromReference@130 (line 432)
                      ; - java.util.jar.JarFile::getManifest@1 (line 406)
                      ; - java.util.jar.JarFile::maybeInstantiateVerifier@31 (line 725)
                      ; - java.util.jar.JarFile::ensureInitialization@1 (line 1031)
                      ; - java.util.jar.JavaUtilJarAccessImpl::ensureInitialization@1 (line 72)
                      ; - jdk.internal.loader.URLClassPath$JarLoader$2::getManifest@10 (line 885)
                      ; - java.net.URLClassLoader::defineClass@34 (line 491)
                      ; - java.net.URLClassLoader$1::run@43 (line 427)
                      ; - java.net.URLClassLoader$1::run@1 (line 421)
                      ; - java.security.AccessController::executePrivileged@29 (line 814)
                      ; - java.security.AccessController::doPrivileged@13 (line 712)
                      ; - java.net.URLClassLoader::findClass@13 (line 420)
                      ; - org.gradle.internal.classloader.VisitableURLClassLoader$InstrumentingVisitableURLClassLoader::findClass@10 (line 189)
  0x000002772ec77618: 64a3 41ff | 8944 2424 | 448b 8424 | 8c00 0000 | 4183 c01a | 488b 5424 | 3866 6690 

  0x000002772ec77634: ;   {static_call}
  0x000002772ec77634: c5f8 77e8 

  0x000002772ec77638: ; ImmutableOopMap {rbp=Oop [40]=Oop [48]=Oop [56]=Oop [72]=Oop [88]=Oop [104]=Oop [112]=NarrowOop [116]=NarrowOop [120]=Oop [128]=Oop [136]=NarrowOop [144]=Oop [152]=NarrowOop [272]=Oop [280]=Oop }
                      ;*invokestatic SH {reexecute=0 rethrow=0 return_oop=0}
                      ; - java.util.zip.ZipUtils::LG@9 (line 207)
                      ; - java.util.zip.ZipUtils::CENLEN@5 (line 271)
                      ; - java.util.zip.ZipFile$ZipFileInputStream::<init>@21 (line 865)
                      ; - java.util.zip.ZipFile::getInputStream@88 (line 377)
                      ; - java.util.jar.JarFile::getManifestFromReference@130 (line 432)
                      ; - java.util.jar.JarFile::getManifest@1 (line 406)
                      ; - java.util.jar.JarFile::maybeInstantiateVerifier@31 (line 725)
                      ; - java.util.jar.JarFile::ensureInitialization@1 (line 1031)
                      ; - java.util.jar.JavaUtilJarAccessImpl::ensureInitialization@1 (line 72)
                      ; - jdk.internal.loader.URLClassPath$JarLoader$2::getManifest@10 (line 885)
                      ; - java.net.URLClassLoader::defineClass@34 (line 491)
                      ; - java.net.URLClassLoader$1::run@43 (line 427)
                      ; - java.net.URLClassLoader$1::run@1 (line 421)
                      ; - java.security.AccessController::executePrivileged@29 (line 814)
                      ; - java.security.AccessController::doPrivileged@13 (line 712)
                      ; - java.net.URLClassLoader::findClass@13 (line 420)
                      ; - org.gradle.internal.classloader.VisitableURLClassLoader$InstrumentingVisitableURLClassLoader::findClass@10 (line 189)
  0x000002772ec77638: 44a3 41ff | c1e0 100b | 4424 2444 | 8b94 248c | 0000 0041 | 83c2 2a45 | 8bda 448b | d04c 8b84 
  0x000002772ec77658: 2490 0000 | 004d 8950 | 2848 8b54 | 2438 458b | c344 899c | 24f8 0000 | 0066 6690 

  0x000002772ec77674: ;   {static_call}
  0x000002772ec77674: c5f8 77e8 

  0x000002772ec77678: ; ImmutableOopMap {rbp=Oop [40]=Oop [48]=Oop [56]=Oop [72]=Oop [88]=Oop [104]=Oop [112]=NarrowOop [116]=NarrowOop [120]=Oop [128]=Oop [136]=NarrowOop [144]=Oop [152]=NarrowOop [272]=Oop [280]=Oop }
                      ;*invokestatic SH {reexecute=0 rethrow=0 return_oop=0}
                      ; - java.util.zip.ZipUtils::LG@2 (line 207)
                      ; - java.util.zip.ZipUtils::CENOFF@5 (line 279)
                      ; - java.util.zip.ZipFile$ZipFileInputStream::<init>@30 (line 866)
                      ; - java.util.zip.ZipFile::getInputStream@88 (line 377)
                      ; - java.util.jar.JarFile::getManifestFromReference@130 (line 432)
                      ; - java.util.jar.JarFile::getManifest@1 (line 406)
                      ; - java.util.jar.JarFile::maybeInstantiateVerifier@31 (line 725)
                      ; - java.util.jar.JarFile::ensureInitialization@1 (line 1031)
                      ; - java.util.jar.JavaUtilJarAccessImpl::ensureInitialization@1 (line 72)
                      ; - jdk.internal.loader.URLClassPath$JarLoader$2::getManifest@10 (line 885)
                      ; - java.net.URLClassLoader::defineClass@34 (line 491)
                      ; - java.net.URLClassLoader$1::run@43 (line 427)
                      ; - java.net.URLClassLoader$1::run@1 (line 421)
                      ; - java.security.AccessController::executePrivileged@29 (line 814)
                      ; - java.security.AccessController::doPrivileged@13 (line 712)
                      ; - java.net.URLClassLoader::findClass@13 (line 420)
                      ; - org.gradle.internal.classloader.VisitableURLClassLoader$InstrumentingVisitableURLClassLoader::findClass@10 (line 189)
  0x000002772ec77678: 04a3 41ff | 8944 2424 | 448b 8424 | 8c00 0000 | 4183 c02c | 488b 5424 | 384c 8b54 | 2458 4c89 
  0x000002772ec77698: 5424 5090 

  0x000002772ec7769c: ;   {static_call}
  0x000002772ec7769c: c5f8 77e8 

  0x000002772ec776a0: ; ImmutableOopMap {rbp=Oop [40]=Oop [48]=Oop [72]=Oop [80]=Oop [88]=Oop [104]=Oop [112]=NarrowOop [116]=NarrowOop [120]=Oop [128]=Oop [136]=NarrowOop [144]=Oop [152]=NarrowOop [272]=Oop [280]=Oop }
                      ;*invokestatic SH {reexecute=0 rethrow=0 return_oop=0}
                      ; - java.util.zip.ZipUtils::LG@9 (line 207)
                      ; - java.util.zip.ZipUtils::CENOFF@5 (line 279)
                      ; - java.util.zip.ZipFile$ZipFileInputStream::<init>@30 (line 866)
                      ; - java.util.zip.ZipFile::getInputStream@88 (line 377)
                      ; - java.util.jar.JarFile::getManifestFromReference@130 (line 432)
                      ; - java.util.jar.JarFile::getManifest@1 (line 406)
                      ; - java.util.jar.JarFile::maybeInstantiateVerifier@31 (line 725)
                      ; - java.util.jar.JarFile::ensureInitialization@1 (line 1031)
                      ; - java.util.jar.JavaUtilJarAccessImpl::ensureInitialization@1 (line 72)
                      ; - jdk.internal.loader.URLClassPath$JarLoader$2::getManifest@10 (line 885)
                      ; - java.net.URLClassLoader::defineClass@34 (line 491)
                      ; - java.net.URLClassLoader$1::run@43 (line 427)
                      ; - java.net.URLClassLoader$1::run@1 (line 421)
                      ; - java.security.AccessController::executePrivileged@29 (line 814)
                      ; - java.security.AccessController::doPrivileged@13 (line 712)
                      ; - java.net.URLClassLoader::findClass@13 (line 420)
                      ; - org.gradle.internal.classloader.VisitableURLClassLoader$InstrumentingVisitableURLClassLoader::findClass@10 (line 189)
  0x000002772ec776a0: dca2 41ff | 4c8b 9424 | 9000 0000 | 4d8b 5220 | c1e0 100b | 4424 2444 | 8bd8 4c8b | 8424 9000 
  0x000002772ec776c0: 0000 4d89 | 5810 41b8 | ffff ffff | 4d3b d00f | 84cb 4500 | 004c 8b94 | 2490 0000 | 004d 8b52 
  0x000002772ec776e0: 284d 3bd0 | 0f84 0e46 | 0000 4d3b | d80f 845d | 4600 004c | 8b54 2478 | 458b 4218 

  0x000002772ec776fc: ; implicit exception: dispatches to 0x000002772ec7cacc
  0x000002772ec776fc: 478b 54c4 | 184f 8b54 | d410 4d03 | d344 8b9c | 248c 0000 | 0041 83c3 | 0a45 8bc3 | 49f7 da4c 
  0x000002772ec7771c: 8b9c 2490 | 0000 004d | 8953 1044 | 8b5c 2474 | 478b 5cdc | 3845 8bcb 

  0x000002772ec77734: ; implicit exception: dispatches to 0x000002772ec7cb4c
  0x000002772ec77734: 478b 54dc | 0c45 3bc2 | 0f83 b23f | 0000 49c1 | e303 8b9c | 248c 0000 | 0083 c31b | 4c63 8424 
  0x000002772ec77754: 8c00 0000 | 430f b64c | 031a 413b | da0f 83dd | 3f00 0047 | 0fb6 5403 | 1b41 c1e2 | 0844 0bd1 
  0x000002772ec77774: 4183 fa08 | 0f85 1e28 | 0000 470f | b654 032b | 430f b64c | 032a 470f | b64c 0329 | 470f b644 
  0x000002772ec77794: 0328 41c1 | e208 410b | ca41 c1e1 | 0845 0bc1 | c1e1 1044 | 0bc1 418b | e848 83c5 | 0248 81fd 
  0x000002772ec777b4: 0000 0100 | 0f8f 7b29 | 0000 498b | 8708 0100 | 004c 8bd0 | 4983 c238 | 4d3b 9718 | 0100 000f 
  0x000002772ec777d4: 8340 3d00 | 004d 8997 | 0801 0000 | 410f 0d8a | c000 0000 | 48c7 0001 

  0x000002772ec777ec: ;   {metadata('java/util/zip/ZipFile$ZipFileInflaterInputStream')}
  0x000002772ec777ec: 0000 00c7 | 4008 a08d | 1b00 4489 | 600c 4c89 | 6010 4c89 | 6018 4c89 | 6020 4c89 | 6028 4c89 
  0x000002772ec7780c: 6030 4c8b | d04c 8994 | 2498 0000 | 004c 8b54 | 2478 458b | 5218 8bf5 | 498b fa48 | c1e7 0348 
  0x000002772ec7782c: 8b94 2498 | 0000 004c | 8b44 2478 | 4c8b 8c24 | 9000 0000 | 4c8b 5424 | 504c 8954 | 2438 6690 
  0x000002772ec7784c: ;   {optimized virtual_call}
  0x000002772ec7784c: c5f8 77e8 

  0x000002772ec77850: ; ImmutableOopMap {[40]=Oop [48]=Oop [56]=Oop [72]=Oop [88]=Oop [104]=Oop [112]=NarrowOop [120]=Oop [128]=Oop [136]=NarrowOop [152]=Oop [272]=Oop [280]=Oop }
                      ;*invokespecial <init> {reexecute=0 rethrow=0 return_oop=0}
                      ; - java.util.zip.ZipFile::getInputStream@216 (line 394)
                      ; - java.util.jar.JarFile::getManifestFromReference@130 (line 432)
                      ; - java.util.jar.JarFile::getManifest@1 (line 406)
                      ; - java.util.jar.JarFile::maybeInstantiateVerifier@31 (line 725)
                      ; - java.util.jar.JarFile::ensureInitialization@1 (line 1031)
                      ; - java.util.jar.JavaUtilJarAccessImpl::ensureInitialization@1 (line 72)
                      ; - jdk.internal.loader.URLClassPath$JarLoader$2::getManifest@10 (line 885)
                      ; - java.net.URLClassLoader::defineClass@34 (line 491)
                      ; - java.net.URLClassLoader$1::run@43 (line 427)
                      ; - java.net.URLClassLoader$1::run@1 (line 421)
                      ; - java.security.AccessController::executePrivileged@29 (line 814)
                      ; - java.security.AccessController::doPrivileged@13 (line 712)
                      ; - java.net.URLClassLoader::findClass@13 (line 420)
                      ; - org.gradle.internal.classloader.VisitableURLClassLoader$InstrumentingVisitableURLClassLoader::findClass@10 (line 189)
  0x000002772ec77850: 2c9b 41ff | 448b 9c24 | 8800 0000 

  0x000002772ec7785c: ; implicit exception: dispatches to 0x000002772ec7cb94
  0x000002772ec7785c: 438b 6cdc | 0844 895c | 2474 4f8d | 14dc 4c89 | 5424 384c | 8b44 2438 | 488d 9c24 | 4001 0000 
  0x000002772ec7787c: 498b 0048 | f7c0 0200 | 0000 7524 | 4883 c801 | 4889 03f0 | 490f b118 | 0f84 3e00 | 0000 482b 
  0x000002772ec7789c: c448 81e0 | 07f0 ffff | 4889 03e9 | 2c00 0000 | 4c8b d848 | 33c0 f04d | 0fb1 7b3e | 48c7 0303 
  0x000002772ec778bc: 0000 000f | 8413 0000 | 004c 3bf8 | 0f85 0a00 | 0000 49ff | 8386 0000 | 0048 33c0 | 0f85 c63e 
  0x000002772ec778dc: ;   {metadata('java/util/Collections$SetFromMap')}
  0x000002772ec778dc: 0000 81fd | d853 1d00 | 0f85 d33e | 0000 4c8b | 5424 3845 | 8b42 0c47 | 8b5c c408 | 4b8d 14c4 
  0x000002772ec778fc: ;   {metadata('java/util/WeakHashMap')}
  0x000002772ec778fc: 4181 fb88 | 1d12 000f | 85e0 2000 | 0049 8bea | 4c8b 8424 | 9800 0000 

  0x000002772ec77914: ;   {oop(a 'java/lang/Boolean'{0x00000007005d0be8} = true)}
  0x000002772ec77914: 49b9 e80b | 5d00 0700 | 0000 4c8b | 5424 584c | 8954 2450 

  0x000002772ec77928: ;   {optimized virtual_call}
  0x000002772ec77928: c5f8 77e8 

  0x000002772ec7792c: ; ImmutableOopMap {rbp=Oop [40]=Oop [48]=Oop [72]=Oop [80]=Oop [88]=Oop [104]=Oop [112]=NarrowOop [120]=Oop [128]=Oop [152]=Oop [272]=Oop [280]=Oop }
                      ;*invokeinterface put {reexecute=0 rethrow=0 return_oop=1}
                      ; - java.util.Collections$SetFromMap::add@8 (line 5685)
                      ; - java.util.zip.ZipFile::getInputStream@231 (line 396)
                      ; - java.util.jar.JarFile::getManifestFromReference@130 (line 432)
                      ; - java.util.jar.JarFile::getManifest@1 (line 406)
                      ; - java.util.jar.JarFile::maybeInstantiateVerifier@31 (line 725)
                      ; - java.util.jar.JarFile::ensureInitialization@1 (line 1031)
                      ; - java.util.jar.JavaUtilJarAccessImpl::ensureInitialization@1 (line 72)
                      ; - jdk.internal.loader.URLClassPath$JarLoader$2::getManifest@10 (line 885)
                      ; - java.net.URLClassLoader::defineClass@34 (line 491)
                      ; - java.net.URLClassLoader$1::run@43 (line 427)
                      ; - java.net.URLClassLoader$1::run@1 (line 421)
                      ; - java.security.AccessController::executePrivileged@29 (line 814)
                      ; - java.security.AccessController::doPrivileged@13 (line 712)
                      ; - java.net.URLClassLoader::findClass@13 (line 420)
                      ; - org.gradle.internal.classloader.VisitableURLClassLoader$InstrumentingVisitableURLClassLoader::findClass@10 (line 189)
  0x000002772ec7792c: 509a 41ff | 488d 8424 | 4001 0000 | 4881 3800 | 0000 000f | 8485 0000 | 004c 8b55 | 0049 f7c2 
  0x000002772ec7794c: 0200 0000 | 746f 4981 | ba86 0000 | 0000 0000 | 0074 0949 | ff8a 8600 | 0000 eb51 | 498b 8296 
  0x000002772ec7796c: 0000 0049 | 0b82 8e00 | 0000 750a | 49c7 423e | 0000 0000 | eb48 4981 | ba9e 0000 | 0000 0000 
  0x000002772ec7798c: 0074 2548 | 33c0 49c7 | 423e 0000 | 0000 f083 | 0424 0049 | 81ba 9e00 | 0000 0000 | 0000 750d 
  0x000002772ec779ac: f04d 0fb1 | 7a3e 7505 | 83c8 01eb | 11f7 c000 | 0000 00eb | 094c 8b10 | f04c 0fb1 | 5500 0f85 
  0x000002772ec779cc: 2c3e 0000 | 4c8b 9424 | 9800 0000 | 4c89 9424 | f800 0000 | 498b 8708 | 0100 004c | 8bd0 4983 
  0x000002772ec779ec: c218 4d3b | 9718 0100 | 000f 83a2 | 3a00 004d | 8997 0801 | 0000 410f | 0d8a c000 | 0000 48c7 
  0x000002772ec77a0c: 0001 0000 

  0x000002772ec77a10: ;   {metadata('java/util/jar/Manifest')}
  0x000002772ec77a10: 00c7 4008 | 109c 0600 | 4489 600c | 4c89 6010 | 4c8b d84c | 8b44 2478 | 418b 6814 | 498b 8708 
  0x000002772ec77a30: 0100 004c | 8bd0 4983 | c210 4d3b | 9718 0100 | 000f 837a | 3a00 004d | 8997 0801 | 0000 410f 
  0x000002772ec77a50: 0d8a c000 | 0000 48c7 | 0001 0000 

  0x000002772ec77a5c: ;   {metadata('java/util/jar/Attributes')}
  0x000002772ec77a5c: 00c7 4008 | b048 1800 | 4489 600c | 4c89 8424 | 9000 0000 | 4c89 5c24 | 384c 8bd0 | 4c89 5424 
  0x000002772ec77a7c: 5049 8bd2 

  0x000002772ec77a80: ;   {optimized virtual_call}
  0x000002772ec77a80: c5f8 77e8 

  0x000002772ec77a84: ; ImmutableOopMap {rbp=NarrowOop [40]=Oop [48]=Oop [56]=Oop [72]=Oop [80]=Oop [88]=Oop [104]=Oop [112]=NarrowOop [128]=Oop [144]=Oop [248]=Oop [272]=Oop [280]=Oop }
                      ;*invokespecial <init> {reexecute=0 rethrow=0 return_oop=0}
                      ; - java.util.jar.Attributes::<init>@1 (line 81)
                      ; - java.util.jar.Attributes::<init>@3 (line 72)
                      ; - java.util.jar.Manifest::<init>@9 (line 54)
                      ; - java.util.jar.Manifest::<init>@4 (line 87)
                      ; - java.util.jar.JarFile::getManifestFromReference@143 (line 433)
                      ; - java.util.jar.JarFile::getManifest@1 (line 406)
                      ; - java.util.jar.JarFile::maybeInstantiateVerifier@31 (line 725)
                      ; - java.util.jar.JarFile::ensureInitialization@1 (line 1031)
                      ; - java.util.jar.JavaUtilJarAccessImpl::ensureInitialization@1 (line 72)
                      ; - jdk.internal.loader.URLClassPath$JarLoader$2::getManifest@10 (line 885)
                      ; - java.net.URLClassLoader::defineClass@34 (line 491)
                      ; - java.net.URLClassLoader$1::run@43 (line 427)
                      ; - java.net.URLClassLoader$1::run@1 (line 421)
                      ; - java.security.AccessController::executePrivileged@29 (line 814)
                      ; - java.security.AccessController::doPrivileged@13 (line 712)
                      ; - java.net.URLClassLoader::findClass@13 (line 420)
                      ; - org.gradle.internal.classloader.VisitableURLClassLoader$InstrumentingVisitableURLClassLoader::findClass@10 (line 189)
  0x000002772ec77a84: f898 41ff | 498b 8708 | 0100 004c | 8bd0 4983 | c238 4d3b | 9718 0100 | 000f 8342 | 3a00 004d 
  0x000002772ec77aa4: 8997 0801 | 0000 410f | 0d8a c000 | 0000 48c7 | 0001 0000 

  0x000002772ec77ab8: ;   {metadata('java/util/LinkedHashMap')}
  0x000002772ec77ab8: 00c7 4008 | b839 0b00 | 4489 600c | 4c89 6010 | 4c89 6018 | 4c89 6020 | 4c89 6028 | 4c89 6030 
  0x000002772ec77ad8: 4c8b d04c | 8954 2478 | 498b d241 | b80b 0000 | 0066 6690 

  0x000002772ec77aec: ;   {optimized virtual_call}
  0x000002772ec77aec: c5f8 77e8 

  0x000002772ec77af0: ; ImmutableOopMap {rbp=NarrowOop [40]=Oop [48]=Oop [56]=Oop [72]=Oop [80]=Oop [88]=Oop [104]=Oop [112]=NarrowOop [120]=Oop [128]=Oop [144]=Oop [248]=Oop [272]=Oop [280]=Oop }
                      ;*invokespecial <init> {reexecute=0 rethrow=0 return_oop=0}
                      ; - java.util.jar.Attributes::<init>@10 (line 82)
                      ; - java.util.jar.Attributes::<init>@3 (line 72)
                      ; - java.util.jar.Manifest::<init>@9 (line 54)
                      ; - java.util.jar.Manifest::<init>@4 (line 87)
                      ; - java.util.jar.JarFile::getManifestFromReference@143 (line 433)
                      ; - java.util.jar.JarFile::getManifest@1 (line 406)
                      ; - java.util.jar.JarFile::maybeInstantiateVerifier@31 (line 725)
                      ; - java.util.jar.JarFile::ensureInitialization@1 (line 1031)
                      ; - java.util.jar.JavaUtilJarAccessImpl::ensureInitialization@1 (line 72)
                      ; - jdk.internal.loader.URLClassPath$JarLoader$2::getManifest@10 (line 885)
                      ; - java.net.URLClassLoader::defineClass@34 (line 491)
                      ; - java.net.URLClassLoader$1::run@43 (line 427)
                      ; - java.net.URLClassLoader$1::run@1 (line 421)
                      ; - java.security.AccessController::executePrivileged@29 (line 814)
                      ; - java.security.AccessController::doPrivileged@13 (line 712)
                      ; - java.net.URLClassLoader::findClass@13 (line 420)
                      ; - org.gradle.internal.classloader.VisitableURLClassLoader$InstrumentingVisitableURLClassLoader::findClass@10 (line 189)
  0x000002772ec77af0: 8c98 41ff | 4180 7f38 | 000f 8539 | 3400 004c | 8b44 2450 | 4d8b d04c | 8b4c 2478 | 4d8b d94d 
  0x000002772ec77b10: 33da 49c1 | e903 4589 | 480c 49c1 | eb15 498b | f848 c1ef | 034d 85db | 741a 49c1 | ea09 48b9 
  0x000002772ec77b30: 0000 0633 | 7702 0000 | 4903 ca80 | 3904 0f85 | ef34 0000 | 4180 7f38 | 000f 85ad | 3300 004c 
  0x000002772ec77b50: 8b4c 2438 | 4189 790c | 4d8b d04d | 8bd9 4d33 | d349 c1ea | 154d 85d2 | 741a 49c1 | eb09 48b9 
  0x000002772ec77b70: 0000 0633 | 7702 0000 | 4903 cb80 | 3904 0f85 | fe34 0000 | 498b 8708 | 0100 004c | 8bd0 4983 
  0x000002772ec77b90: c230 4d3b | 9718 0100 | 000f 835e | 3900 004d | 8997 0801 | 0000 410f | 0d8a c000 | 0000 48c7 
  0x000002772ec77bb0: 0001 0000 

  0x000002772ec77bb4: ;   {metadata('java/util/HashMap')}
  0x000002772ec77bb4: 00c7 4008 | b835 0b00 | 4489 600c | 4c89 6010 | 4c89 6018 | 4c89 6020 | 4c89 6028 | 4c89 4c24 
  0x000002772ec77bd4: 384c 8bd0 | 4c89 5424 | 5049 8bd2 

  0x000002772ec77be0: ;   {optimized virtual_call}
  0x000002772ec77be0: c5f8 77e8 

  0x000002772ec77be4: ; ImmutableOopMap {rbp=NarrowOop [40]=Oop [48]=Oop [56]=Oop [72]=Oop [80]=Oop [88]=Oop [104]=Oop [112]=NarrowOop [128]=Oop [144]=Oop [248]=Oop [272]=Oop [280]=Oop }
                      ;*invokespecial <init> {reexecute=0 rethrow=0 return_oop=0}
                      ; - java.util.AbstractMap::<init>@1 (line 73)
                      ; - java.util.HashMap::<init>@1 (line 469)
                      ; - java.util.jar.Manifest::<init>@20 (line 57)
                      ; - java.util.jar.Manifest::<init>@4 (line 87)
                      ; - java.util.jar.JarFile::getManifestFromReference@143 (line 433)
                      ; - java.util.jar.JarFile::getManifest@1 (line 406)
                      ; - java.util.jar.JarFile::maybeInstantiateVerifier@31 (line 725)
                      ; - java.util.jar.JarFile::ensureInitialization@1 (line 1031)
                      ; - java.util.jar.JavaUtilJarAccessImpl::ensureInitialization@1 (line 72)
                      ; - jdk.internal.loader.URLClassPath$JarLoader$2::getManifest@10 (line 885)
                      ; - java.net.URLClassLoader::defineClass@34 (line 491)
                      ; - java.net.URLClassLoader$1::run@43 (line 427)
                      ; - java.net.URLClassLoader$1::run@1 (line 421)
                      ; - java.security.AccessController::executePrivileged@29 (line 814)
                      ; - java.security.AccessController::doPrivileged@13 (line 712)
                      ; - java.net.URLClassLoader::findClass@13 (line 420)
                      ; - org.gradle.internal.classloader.VisitableURLClassLoader$InstrumentingVisitableURLClassLoader::findClass@10 (line 189)
  0x000002772ec77be4: 9897 41ff | 4c8b 4c24 | 5041 c741 | 2000 0040 | 3f41 807f | 3800 0f85 | 7433 0000 | 4c8b 4424 
  0x000002772ec77c04: 384d 8bd9 | 49c1 eb03 | 4589 5810 | 4d8b d14d | 8bd8 4d33 | d34c 8bcd | 49c1 e103 | 49c1 ea15 
  0x000002772ec77c24: 4d85 d274 | 1a49 c1eb | 0948 b900 | 0006 3377 | 0200 0049 | 03cb 8039 | 040f 858e | 3400 0049 
  0x000002772ec77c44: 8be8 498b | d04c 8b84 | 24f8 0000 | 004c 8b54 | 2458 4c89 | 5424 5090 

  0x000002772ec77c5c: ;   {optimized virtual_call}
  0x000002772ec77c5c: c5f8 77e8 

  0x000002772ec77c60: ; ImmutableOopMap {rbp=Oop [40]=Oop [48]=Oop [72]=Oop [80]=Oop [88]=Oop [104]=Oop [112]=NarrowOop [128]=Oop [144]=Oop [248]=Oop [272]=Oop [280]=Oop }
                      ;*invokevirtual read {reexecute=0 rethrow=0 return_oop=0}
                      ; - java.util.jar.Manifest::<init>@29 (line 100)
                      ; - java.util.jar.Manifest::<init>@4 (line 87)
                      ; - java.util.jar.JarFile::getManifestFromReference@143 (line 433)
                      ; - java.util.jar.JarFile::getManifest@1 (line 406)
                      ; - java.util.jar.JarFile::maybeInstantiateVerifier@31 (line 725)
                      ; - java.util.jar.JarFile::ensureInitialization@1 (line 1031)
                      ; - java.util.jar.JavaUtilJarAccessImpl::ensureInitialization@1 (line 72)
                      ; - jdk.internal.loader.URLClassPath$JarLoader$2::getManifest@10 (line 885)
                      ; - java.net.URLClassLoader::defineClass@34 (line 491)
                      ; - java.net.URLClassLoader$1::run@43 (line 427)
                      ; - java.net.URLClassLoader$1::run@1 (line 421)
                      ; - java.security.AccessController::executePrivileged@29 (line 814)
                      ; - java.security.AccessController::doPrivileged@13 (line 712)
                      ; - java.net.URLClassLoader::findClass@13 (line 420)
                      ; - org.gradle.internal.classloader.VisitableURLClassLoader$InstrumentingVisitableURLClassLoader::findClass@10 (line 189)
  0x000002772ec77c60: 1c97 41ff | 4180 7f38 | 000f 8541 | 3300 004c | 8bd5 4589 | 6214 4c8b | 8424 f800 | 0000 458b 
  0x000002772ec77c80: ;   {metadata('java/util/zip/ZipFile$ZipFileInflaterInputStream')}
  0x000002772ec77c80: 5808 4181 | fba0 8d1b | 000f 85bd | 1b00 0049 | 8bea 488b | 9424 f800 | 0000 6690 

  0x000002772ec77c9c: ;   {optimized virtual_call}
  0x000002772ec77c9c: c5f8 77e8 

  0x000002772ec77ca0: ; ImmutableOopMap {rbp=Oop [40]=Oop [48]=Oop [72]=Oop [80]=Oop [88]=Oop [104]=Oop [112]=NarrowOop [128]=Oop [144]=Oop [272]=Oop [280]=Oop }
                      ;*invokevirtual close {reexecute=0 rethrow=0 return_oop=0}
                      ; - java.util.jar.JarFile::getManifestFromReference@152 (line 434)
                      ; - java.util.jar.JarFile::getManifest@1 (line 406)
                      ; - java.util.jar.JarFile::maybeInstantiateVerifier@31 (line 725)
                      ; - java.util.jar.JarFile::ensureInitialization@1 (line 1031)
                      ; - java.util.jar.JavaUtilJarAccessImpl::ensureInitialization@1 (line 72)
                      ; - jdk.internal.loader.URLClassPath$JarLoader$2::getManifest@10 (line 885)
                      ; - java.net.URLClassLoader::defineClass@34 (line 491)
                      ; - java.net.URLClassLoader$1::run@43 (line 427)
                      ; - java.net.URLClassLoader$1::run@1 (line 421)
                      ; - java.security.AccessController::executePrivileged@29 (line 814)
                      ; - java.security.AccessController::doPrivileged@13 (line 712)
                      ; - java.net.URLClassLoader::findClass@13 (line 420)
                      ; - org.gradle.internal.classloader.VisitableURLClassLoader$InstrumentingVisitableURLClassLoader::findClass@10 (line 189)
  0x000002772ec77ca0: dc96 41ff | 4c8b d54c | 8994 24b0 | 0000 00e9 | a711 0000 | 4c89 4424 | 784d 8d14 | dc4c 8954 
  0x000002772ec77cc0: 2438 8beb | 498b d04d | 8bc2 6690 

  0x000002772ec77ccc: ;   {optimized virtual_call}
  0x000002772ec77ccc: c5f8 77e8 

  0x000002772ec77cd0: ; ImmutableOopMap {rbp=NarrowOop [40]=Oop [48]=Oop [56]=Oop [72]=Oop [88]=Oop [104]=Oop [112]=NarrowOop [120]=Oop [128]=Oop [272]=Oop [280]=Oop }
                      ;*invokespecial getInputStream {reexecute=0 rethrow=0 return_oop=1}
                      ; - java.util.jar.JarFile::getBytes@2 (line 801)
                      ; - java.util.jar.JarFile::getManifestFromReference@44 (line 419)
                      ; - java.util.jar.JarFile::getManifest@1 (line 406)
                      ; - java.util.jar.JarFile::maybeInstantiateVerifier@31 (line 725)
                      ; - java.util.jar.JarFile::ensureInitialization@1 (line 1031)
                      ; - java.util.jar.JavaUtilJarAccessImpl::ensureInitialization@1 (line 72)
                      ; - jdk.internal.loader.URLClassPath$JarLoader$2::getManifest@10 (line 885)
                      ; - java.net.URLClassLoader::defineClass@34 (line 491)
                      ; - java.net.URLClassLoader$1::run@43 (line 427)
                      ; - java.net.URLClassLoader$1::run@1 (line 421)
                      ; - java.security.AccessController::executePrivileged@29 (line 814)
                      ; - java.security.AccessController::doPrivileged@13 (line 712)
                      ; - java.net.URLClassLoader::findClass@13 (line 420)
                      ; - org.gradle.internal.classloader.VisitableURLClassLoader$InstrumentingVisitableURLClassLoader::findClass@10 (line 189)
  0x000002772ec77cd0: ac96 41ff | 4889 8424 | 8800 0000 | 448b d54b | 8b6c d420 | 4881 fd00 | 24f4 000f | 8ff5 3800 
  0x000002772ec77cf0: 0044 8bc5 | 4183 f8ff | 0f84 6616 | 0000 4181 | f8ff ff00 | 000f 8f32 | 0100 0041 | 81f8 0000 
  0x000002772ec77d10: 1000 0f87 | d23d 0000 | 4963 c841 | 81f8 0000 | 1000 0f87 | 0938 0000 | 498b 9f08 | 0100 0048 
  0x000002772ec77d30: 83c1 174c | 8bd9 4983 | e3f8 4c8b | cb4d 03cb | 4d3b 8f18 | 0100 000f | 83e4 3700 | 004d 898f 
  0x000002772ec77d50: 0801 0000 | 488b fb48 | 83c7 1048 | c703 0100 | 0000 410f | 0d89 c000 

  0x000002772ec77d68: ;   {metadata({type array byte})}
  0x000002772ec77d68: 0000 c743 | 0838 6700 | 0044 8943 | 0c41 0f0d | 8900 0100 | 0041 0f0d | 8940 0100 | 0041 0f0d 
  0x000002772ec77d88: 8980 0100 | 0048 c1e9 | 0348 83c1 | fe48 33c0 | 4883 f908 | 7f10 48ff | c978 4f48 | 8904 cf48 
  0x000002772ec77da8: ffc9 7df7 | eb44 c5fd | efc0 e90d | 0000 00c5 | fe7f 07c5 | fe7f 4720 | 4883 c740 | 4883 e908 
  0x000002772ec77dc8: 7ded 4883 | c104 7c0c | c5fe 7f07 | 4883 c720 | 4883 e904 | 4883 c104 | 7e10 48ff | c9c5 f9d6 
  0x000002772ec77de8: 0748 83c7 | 0848 ffc9 | 7df3 4489 | 5424 7441 | 8be8 4c8b | d34c 8954 | 2450 448b | dd41 8beb 
  0x000002772ec77e08: 488b 9424 | 8800 0000 | 4c8b 4424 | 5045 33c9 | 418b fb66 | 6690 c5f8 | 7748 b8ff | ffff ffff 
  0x000002772ec77e28: ;   {virtual_call}
  0x000002772ec77e28: ffff ffe8 

  0x000002772ec77e2c: ; ImmutableOopMap {[40]=Oop [48]=Oop [56]=Oop [72]=Oop [80]=Oop [88]=Oop [104]=Oop [112]=NarrowOop [116]=NarrowOop [120]=Oop [128]=Oop [136]=Oop [272]=Oop [280]=Oop }
                      ;*invokevirtual readNBytes {reexecute=0 rethrow=0 return_oop=0}
                      ; - java.util.jar.JarFile::getBytes@109 (line 817)
                      ; - java.util.jar.JarFile::getManifestFromReference@44 (line 419)
                      ; - java.util.jar.JarFile::getManifest@1 (line 406)
                      ; - java.util.jar.JarFile::maybeInstantiateVerifier@31 (line 725)
                      ; - java.util.jar.JarFile::ensureInitialization@1 (line 1031)
                      ; - java.util.jar.JavaUtilJarAccessImpl::ensureInitialization@1 (line 72)
                      ; - jdk.internal.loader.URLClassPath$JarLoader$2::getManifest@10 (line 885)
                      ; - java.net.URLClassLoader::defineClass@34 (line 491)
                      ; - java.net.URLClassLoader$1::run@43 (line 427)
                      ; - java.net.URLClassLoader$1::run@1 (line 421)
                      ; - java.security.AccessController::executePrivileged@29 (line 814)
                      ; - java.security.AccessController::doPrivileged@13 (line 712)
                      ; - java.net.URLClassLoader::findClass@13 (line 420)
                      ; - org.gradle.internal.classloader.VisitableURLClassLoader$InstrumentingVisitableURLClassLoader::findClass@10 (line 189)
  0x000002772ec77e2c: 5098 41ff | 448b d848 | 8b44 2450 | 448b c5eb | 4544 8984 | 2490 0000 | 0044 8954 | 2474 488b 
  0x000002772ec77e4c: d04c 8b54 | 2458 4c89 | 5424 5066 | 6690 c5f8 | 7748 b8ff | ffff ffff 

  0x000002772ec77e64: ;   {virtual_call}
  0x000002772ec77e64: ffff ffe8 

  0x000002772ec77e68: ; ImmutableOopMap {[40]=Oop [48]=Oop [56]=Oop [72]=Oop [80]=Oop [88]=Oop [104]=Oop [112]=NarrowOop [116]=NarrowOop [120]=Oop [128]=Oop [136]=Oop [272]=Oop [280]=Oop }
                      ;*invokevirtual readAllBytes {reexecute=0 rethrow=0 return_oop=1}
                      ; - java.util.jar.JarFile::getBytes@118 (line 819)
                      ; - java.util.jar.JarFile::getManifestFromReference@44 (line 419)
                      ; - java.util.jar.JarFile::getManifest@1 (line 406)
                      ; - java.util.jar.JarFile::maybeInstantiateVerifier@31 (line 725)
                      ; - java.util.jar.JarFile::ensureInitialization@1 (line 1031)
                      ; - java.util.jar.JavaUtilJarAccessImpl::ensureInitialization@1 (line 72)
                      ; - jdk.internal.loader.URLClassPath$JarLoader$2::getManifest@10 (line 885)
                      ; - java.net.URLClassLoader::defineClass@34 (line 491)
                      ; - java.net.URLClassLoader$1::run@43 (line 427)
                      ; - java.net.URLClassLoader$1::run@1 (line 421)
                      ; - java.security.AccessController::executePrivileged@29 (line 814)
                      ; - java.security.AccessController::doPrivileged@13 (line 712)
                      ; - java.net.URLClassLoader::findClass@13 (line 420)
                      ; - org.gradle.internal.classloader.VisitableURLClassLoader$InstrumentingVisitableURLClassLoader::findClass@10 (line 189)
  0x000002772ec77e68: 1498 41ff 

  0x000002772ec77e6c: ; implicit exception: dispatches to 0x000002772ec7c994
  0x000002772ec77e6c: 448b 580c | 448b 8424 | 9000 0000 | 4183 f8ff | 0f84 7218 | 0000 453b | c30f 85f9 | 3700 0048 
  0x000002772ec77e8c: 8984 24f0 | 0000 0048 | 8b94 2488 | 0000 004c | 8b54 2458 | 4c89 5424 | 5090 c5f8 | 7748 b8ff 
  0x000002772ec77eac: ffff ffff 

  0x000002772ec77eb0: ;   {virtual_call}
  0x000002772ec77eb0: ffff ffe8 

  0x000002772ec77eb4: ; ImmutableOopMap {[40]=Oop [48]=Oop [56]=Oop [72]=Oop [80]=Oop [88]=Oop [104]=Oop [112]=NarrowOop [116]=NarrowOop [120]=Oop [128]=Oop [240]=Oop [272]=Oop [280]=Oop }
                      ;*invokevirtual close {reexecute=0 rethrow=0 return_oop=0}
                      ; - java.util.jar.JarFile::getBytes@190 (line 826)
                      ; - java.util.jar.JarFile::getManifestFromReference@44 (line 419)
                      ; - java.util.jar.JarFile::getManifest@1 (line 406)
                      ; - java.util.jar.JarFile::maybeInstantiateVerifier@31 (line 725)
                      ; - java.util.jar.JarFile::ensureInitialization@1 (line 1031)
                      ; - java.util.jar.JavaUtilJarAccessImpl::ensureInitialization@1 (line 72)
                      ; - jdk.internal.loader.URLClassPath$JarLoader$2::getManifest@10 (line 885)
                      ; - java.net.URLClassLoader::defineClass@34 (line 491)
                      ; - java.net.URLClassLoader$1::run@43 (line 427)
                      ; - java.net.URLClassLoader$1::run@1 (line 421)
                      ; - java.security.AccessController::executePrivileged@29 (line 814)
                      ; - java.security.AccessController::doPrivileged@13 (line 712)
                      ; - java.net.URLClassLoader::findClass@13 (line 420)
                      ; - org.gradle.internal.classloader.VisitableURLClassLoader$InstrumentingVisitableURLClassLoader::findClass@10 (line 189)
  0x000002772ec77eb4: c897 41ff | 4c8b 4424 | 7841 0fb6 | 6811 85ed | 0f85 5539 | 0000 498b | d066 6690 

  0x000002772ec77ed0: ;   {optimized virtual_call}
  0x000002772ec77ed0: c5f8 77e8 

  0x000002772ec77ed4: ; ImmutableOopMap {[40]=Oop [48]=Oop [56]=Oop [72]=Oop [80]=Oop [88]=Oop [104]=Oop [112]=NarrowOop [116]=NarrowOop [120]=Oop [128]=Oop [240]=Oop [272]=Oop [280]=Oop }
                      ;*invokevirtual getManifestNum {reexecute=0 rethrow=0 return_oop=0}
                      ; - java.util.zip.ZipFile$1::getManifestNum@1 (line 1119)
                      ; - java.util.jar.JarFile::getManifestFromReference@59 (line 421)
                      ; - java.util.jar.JarFile::getManifest@1 (line 406)
                      ; - java.util.jar.JarFile::maybeInstantiateVerifier@31 (line 725)
                      ; - java.util.jar.JarFile::ensureInitialization@1 (line 1031)
                      ; - java.util.jar.JavaUtilJarAccessImpl::ensureInitialization@1 (line 72)
                      ; - jdk.internal.loader.URLClassPath$JarLoader$2::getManifest@10 (line 885)
                      ; - java.net.URLClassLoader::defineClass@34 (line 491)
                      ; - java.net.URLClassLoader$1::run@43 (line 427)
                      ; - java.net.URLClassLoader$1::run@1 (line 421)
                      ; - java.security.AccessController::executePrivileged@29 (line 814)
                      ; - java.security.AccessController::doPrivileged@13 (line 712)
                      ; - java.net.URLClassLoader::findClass@13 (line 420)
                      ; - org.gradle.internal.classloader.VisitableURLClassLoader$InstrumentingVisitableURLClassLoader::findClass@10 (line 189)
  0x000002772ec77ed4: a894 41ff | 83f8 010f | 858b 3900 | 004d 8b9f | 0801 0000 | 4d8b d349 | 83c2 604d | 3b97 1801 
  0x000002772ec77ef4: 0000 0f83 | f532 0000 | 4d89 9708 | 0100 0041 | 0f0d 8ac0 | 0000 0049 | c703 0100 | 0000 498b 
  0x000002772ec77f14: fb48 83c7 

  0x000002772ec77f18: ;   {metadata('java/util/jar/JarVerifier')}
  0x000002772ec77f18: 1041 c743 | 0830 7118 | 0045 8963 | 0cb9 0a00 | 0000 c5fd | efc0 e90d | 0000 00c5 | fe7f 07c5 
  0x000002772ec77f38: fe7f 4720 | 4883 c740 | 4883 e908 | 7ded 4883 | c104 7c0c | c5fe 7f07 | 4883 c720 | 4883 e904 
  0x000002772ec77f58: 4883 c104 | 7e10 48ff | c9c5 f9d6 | 0748 83c7 | 0848 ffc9 | 7df3 448b | 5424 7447 | 8b44 d408 
  0x000002772ec77f78: ;   {metadata('java/util/jar/JarFile$JarFileEntry')}
  0x000002772ec77f78: 4181 f818 | ae18 000f | 85af 3600 | 004c 8b54 | 2438 41c6 | 430e 0145 | 8b42 6044 | 8944 2424 
  0x000002772ec77f98: 498b 8708 | 0100 0041 | c643 0d01 | 4c89 5c24 | 384c 8bd0 | 4983 c210 | 498b e848 | c1e5 034d 
  0x000002772ec77fb8: 3b97 1801 | 0000 0f83 | cc32 0000 | 4d89 9708 | 0100 0041 | 0f0d 8ac0 | 0000 0048 | c700 0100 
  0x000002772ec77fd8: ;   {metadata('java/lang/Object')}
  0x000002772ec77fd8: 0000 c740 | 0858 0d00 | 0044 8960 | 0c4c 8b94 | 24f0 0000 | 0049 c1ea | 0344 8954 | 2450 4c8b 
  0x000002772ec77ff8: d049 c1ea | 034c 8b5c | 2438 4589 | 5334 4c8b | d04d 33d3 | 49c1 ea15 | 4d85 d274 | 1a49 c1eb 
  0x000002772ec78018: 0948 b900 | 0006 3377 | 0200 0049 | 03cb 8039 | 040f 85e2 | 2800 004d | 8b97 0801 | 0000 4d8b 
  0x000002772ec78038: da49 83c3 | 304d 3b9f | 1801 0000 | 0f83 e231 | 0000 4d89 | 9f08 0100 | 0041 0f0d | 8bc0 0000 
  0x000002772ec78058: 0049 c702 | 0100 0000 

  0x000002772ec78060: ;   {metadata('java/util/HashMap')}
  0x000002772ec78060: 41c7 4208 | b835 0b00 | 4589 620c | 4d89 6210 | 4d89 6218 | 4d89 6228 | 49c7 4220 | 0000 403f 
  0x000002772ec78080: 498b da41 | 807f 3800 | 0f85 8522 | 0000 4c8b | d349 c1ea | 034c 8b5c | 2438 4589 | 5340 4d8b 
  0x000002772ec780a0: d34c 8bdb | 4d33 da49 | c1eb 154d | 85db 741a | 49c1 ea09 | 48b9 0000 | 0633 7702 | 0000 4903 
  0x000002772ec780c0: ca80 3904 | 0f85 fe27 | 0000 4d8b | 9708 0100 | 004d 8bda | 4983 c330 | 4d3b 9f18 | 0100 000f 
  0x000002772ec780e0: 8390 3100 | 004d 899f | 0801 0000 | 410f 0d8b | c000 0000 | 49c7 0201 

  0x000002772ec780f8: ;   {metadata('java/util/HashMap')}
  0x000002772ec780f8: 0000 0041 | c742 08b8 | 350b 0045 | 8962 0c4d | 8962 104d | 8962 184d | 8962 2849 | c742 2000 
  0x000002772ec78118: 0040 3f49 | 8bda 4180 | 7f38 000f | 85ae 2100 | 004c 8bd3 | 49c1 ea03 | 4c8b 5c24 | 3845 8953 
  0x000002772ec78138: 444d 8bd3 | 4c8b db4d | 33da 49c1 | eb15 4d85 | db74 1a49 | c1ea 0948 | b900 0006 | 3377 0200 
  0x000002772ec78158: 0049 03ca | 8039 040f | 85d1 2600 | 004d 8b97 | 0801 0000 | 4d8b da49 | 83c3 104d | 3b9f 1801 
  0x000002772ec78178: 0000 0f83 | 8c30 0000 | 4d89 9f08 | 0100 0041 | 0f0d 8bc0 | 0000 0049 | c702 0100 | 0000 410f 
  0x000002772ec78198: 0d8b 0001 

  0x000002772ec7819c: ;   {metadata('java/security/CodeSigner'[])}
  0x000002772ec7819c: 0000 41c7 | 4208 183a | 0401 410f | 0d8b 4001 | 0000 4589 | 620c 410f | 0d8b 8001 | 0000 498b 
  0x000002772ec781bc: da41 807f | 3800 0f85 | 9720 0000 | 4c8b d349 | c1ea 034c | 8b5c 2438 | 4589 5350 | 4d8b d34c 
  0x000002772ec781dc: 8bdb 4d33 | da49 c1eb | 154d 85db | 741a 49c1 | ea09 48b9 | 0000 0633 | 7702 0000 | 4903 ca80 
  0x000002772ec781fc: 3904 0f85 | 7b26 0000 | 4180 7f38 | 000f 858c | 2000 004c | 8b54 2438 | 448b 4424 | 2445 8942 
  0x000002772ec7821c: 304c 8bd5 | 4c8b 5c24 | 384d 33d3 | 49c1 ea15 | 4d85 d274 | 1f45 85c0 | 741a 49c1 | eb09 48b9 
  0x000002772ec7823c: 0000 0633 | 7702 0000 | 4903 cb80 | 3904 0f85 | e42b 0000 | 4180 7f38 | 000f 85f4 | 2000 004c 
  0x000002772ec7825c: 8b44 2438 | 448b 4c24 | 5045 8948 | 2c48 8b9c | 24f0 0000 | 004c 8bd3 | 4d8b d84d | 33d3 49c1 
  0x000002772ec7827c: ea15 4d85 | d274 1a49 | c1eb 0948 | b900 0006 | 3377 0200 | 0049 03cb | 8039 040f | 854c 2500 
  0x000002772ec7829c: 0049 8b87 | 0801 0000 | 4c8b d049 | 83c2 304d | 3b97 1801 | 0000 0f83 | 902f 0000 | 4d89 9708 
  0x000002772ec782bc: 0100 0041 | 0f0d 8ac0 | 0000 0048 | c700 0100 

  0x000002772ec782cc: ;   {metadata('java/util/Hashtable')}
  0x000002772ec782cc: 0000 c740 | 0890 6f01 | 0044 8960 | 0c4c 8960 | 104c 8960 | 184c 8960 | 204c 8960 | 2848 ffb4 
  0x000002772ec782ec: 24f0 0000 | 0048 8f44 | 2438 498b | e844 894c | 2424 4c8b | d04c 8954 | 2450 498b | d266 6690 
  0x000002772ec7830c: ;   {optimized virtual_call}
  0x000002772ec7830c: c5f8 77e8 

  0x000002772ec78310: ; ImmutableOopMap {rbp=Oop [36]=NarrowOop [40]=Oop [48]=Oop [56]=Oop [72]=Oop [80]=Oop [88]=Oop [104]=Oop [112]=NarrowOop [120]=Oop [128]=Oop [272]=Oop [280]=Oop }
                      ;*invokespecial <init> {reexecute=0 rethrow=0 return_oop=0}
                      ; - java.util.Dictionary::<init>@1 (line 54)
                      ; - java.util.Hashtable::<init>@1 (line 186)
                      ; - java.util.Hashtable::<init>@5 (line 217)
                      ; - java.util.jar.JarVerifier::<init>@80 (line 109)
                      ; - java.util.jar.JarFile::getManifestFromReference@78 (line 422)
                      ; - java.util.jar.JarFile::getManifest@1 (line 406)
                      ; - java.util.jar.JarFile::maybeInstantiateVerifier@31 (line 725)
                      ; - java.util.jar.JarFile::ensureInitialization@1 (line 1031)
                      ; - java.util.jar.JavaUtilJarAccessImpl::ensureInitialization@1 (line 72)
                      ; - jdk.internal.loader.URLClassPath$JarLoader$2::getManifest@10 (line 885)
                      ; - java.net.URLClassLoader::defineClass@34 (line 491)
                      ; - java.net.URLClassLoader$1::run@43 (line 427)
                      ; - java.net.URLClassLoader$1::run@1 (line 421)
                      ; - java.security.AccessController::executePrivileged@29 (line 814)
                      ; - java.security.AccessController::doPrivileged@13 (line 712)
                      ; - java.net.URLClassLoader::findClass@13 (line 420)
                      ; - org.gradle.internal.classloader.VisitableURLClassLoader$InstrumentingVisitableURLClassLoader::findClass@10 (line 189)
  0x000002772ec78310: 6c90 41ff | 4c8b 4424 | 5045 8960 | 184d 8b8f | 0801 0000 | 41c7 4014 | 0000 403f | 4d8b d149 
  0x000002772ec78330: 83c2 404d | 3b97 1801 | 0000 0f83 | 852f 0000 | 4d89 9708 | 0100 0041 | 0f0d 8ac0 | 0000 0049 
  0x000002772ec78350: c701 0100 | 0000 410f | 0d8a 0001 

  0x000002772ec7835c: ;   {metadata('java/util/Hashtable$Entry'[])}
  0x000002772ec7835c: 0000 41c7 | 4108 289a | 1500 410f | 0d8a 4001 | 0000 41c7 | 410c 0b00 | 0000 410f | 0d8a 8001 
  0x000002772ec7837c: 0000 4d89 | 6110 4d89 | 6118 4d89 | 6120 4d89 | 6128 4d89 | 6130 4d89 | 6138 4180 | 7f38 000f 
  0x000002772ec7839c: 85f0 1f00 | 0049 8bf0 | 4d8b d149 | c1ea 0344 | 8956 1c4d | 8bd1 4c8b | de4d 33d3 | 488b fe48 
  0x000002772ec783bc: c1ef 0349 | c1ea 154d | 85d2 741a | 49c1 eb09 | 48b9 0000 | 0633 7702 | 0000 4903 | cb80 3904 
  0x000002772ec783dc: 0f85 7825 | 0000 4180 | 7f38 000f | 85e6 1f00 | 004c 8bc5 | 4189 7814 | c746 1008 | 0000 004c 
  0x000002772ec783fc: 8bd6 4d8b | d84d 33d3 | 49c1 ea15 | 4d85 d274 | 1a49 c1eb | 0948 b900 | 0006 3377 | 0200 0049 
  0x000002772ec7841c: 03cb 8039 | 040f 857c | 2500 0049 | 8b87 0801 | 0000 4c8b | d049 83c2 | 304d 3b97 | 1801 0000 
  0x000002772ec7843c: 0f83 672e | 0000 4d89 | 9708 0100 | 0041 0f0d | 8ac0 0000 | 0048 c700 | 0100 0000 

  0x000002772ec78458: ;   {metadata('java/util/Hashtable')}
  0x000002772ec78458: c740 0890 | 6f01 0044 | 8960 0c4c | 8960 104c | 8960 184c | 8960 204c | 8960 2849 | 8be8 4c8b 
  0x000002772ec78478: d04c 8954 | 2450 498b | d266 6690 

  0x000002772ec78484: ;   {optimized virtual_call}
  0x000002772ec78484: c5f8 77e8 

  0x000002772ec78488: ; ImmutableOopMap {rbp=Oop [36]=NarrowOop [40]=Oop [48]=Oop [56]=Oop [72]=Oop [80]=Oop [88]=Oop [104]=Oop [112]=NarrowOop [120]=Oop [128]=Oop [272]=Oop [280]=Oop }
                      ;*invokespecial <init> {reexecute=0 rethrow=0 return_oop=0}
                      ; - java.util.Dictionary::<init>@1 (line 54)
                      ; - java.util.Hashtable::<init>@1 (line 186)
                      ; - java.util.Hashtable::<init>@5 (line 217)
                      ; - java.util.jar.JarVerifier::<init>@91 (line 110)
                      ; - java.util.jar.JarFile::getManifestFromReference@78 (line 422)
                      ; - java.util.jar.JarFile::getManifest@1 (line 406)
                      ; - java.util.jar.JarFile::maybeInstantiateVerifier@31 (line 725)
                      ; - java.util.jar.JarFile::ensureInitialization@1 (line 1031)
                      ; - java.util.jar.JavaUtilJarAccessImpl::ensureInitialization@1 (line 72)
                      ; - jdk.internal.loader.URLClassPath$JarLoader$2::getManifest@10 (line 885)
                      ; - java.net.URLClassLoader::defineClass@34 (line 491)
                      ; - java.net.URLClassLoader$1::run@43 (line 427)
                      ; - java.net.URLClassLoader$1::run@1 (line 421)
                      ; - java.security.AccessController::executePrivileged@29 (line 814)
                      ; - java.security.AccessController::doPrivileged@13 (line 712)
                      ; - java.net.URLClassLoader::findClass@13 (line 420)
                      ; - org.gradle.internal.classloader.VisitableURLClassLoader$InstrumentingVisitableURLClassLoader::findClass@10 (line 189)
  0x000002772ec78488: f48e 41ff | 4c8b 5c24 | 5045 8963 | 184d 8b87 | 0801 0000 | 41c7 4314 | 0000 403f | 4d8b d049 
  0x000002772ec784a8: 83c2 404d | 3b97 1801 | 0000 0f83 | 512e 0000 | 4d89 9708 | 0100 0041 | 0f0d 8ac0 | 0000 0049 
  0x000002772ec784c8: c700 0100 | 0000 410f | 0d8a 0001 

  0x000002772ec784d4: ;   {metadata('java/util/Hashtable$Entry'[])}
  0x000002772ec784d4: 0000 41c7 | 4008 289a | 1500 410f | 0d8a 4001 | 0000 41c7 | 400c 0b00 | 0000 410f | 0d8a 8001 
  0x000002772ec784f4: 0000 4d89 | 6010 4d89 | 6018 4d89 | 6020 4d89 | 6028 4d89 | 6030 4d89 | 6038 4180 | 7f38 000f 
  0x000002772ec78514: 8534 1f00 | 0049 8bf3 | 4d8b d049 | c1ea 0344 | 8956 1c4d | 8bd0 4c8b | de4d 33d3 | 488b fe48 
  0x000002772ec78534: c1ef 0349 | c1ea 154d | 85d2 741a | 49c1 eb09 | 48b9 0000 | 0633 7702 | 0000 4903 | cb80 3904 
  0x000002772ec78554: 0f85 9124 | 0000 4180 | 7f38 000f | 85ab 1e00 | 004c 8bc5 | 4189 7810 | c746 1008 | 0000 004c 
  0x000002772ec78574: 8bd6 4d8b | d84d 33d3 | 49c1 ea15 | 4d85 d274 | 1a49 c1eb | 0948 b900 | 0006 3377 | 0200 0049 
  0x000002772ec78594: 03cb 8039 | 040f 8595 | 2400 0049 | 8b87 0801 | 0000 4c8b | d049 83c2 | 304d 3b97 | 1801 0000 
  0x000002772ec785b4: 0f83 332d | 0000 4d89 | 9708 0100 | 0041 0f0d | 8ac0 0000 | 0048 c700 | 0100 0000 

  0x000002772ec785d0: ;   {metadata('java/util/Hashtable')}
  0x000002772ec785d0: c740 0890 | 6f01 0044 | 8960 0c4c | 8960 104c | 8960 184c | 8960 204c | 8960 2849 | 8be8 4c8b 
  0x000002772ec785f0: d04c 8954 | 2450 498b | d266 6690 

  0x000002772ec785fc: ;   {optimized virtual_call}
  0x000002772ec785fc: c5f8 77e8 

  0x000002772ec78600: ; ImmutableOopMap {rbp=Oop [36]=NarrowOop [40]=Oop [48]=Oop [56]=Oop [72]=Oop [80]=Oop [88]=Oop [104]=Oop [112]=NarrowOop [120]=Oop [128]=Oop [272]=Oop [280]=Oop }
                      ;*invokespecial <init> {reexecute=0 rethrow=0 return_oop=0}
                      ; - java.util.Dictionary::<init>@1 (line 54)
                      ; - java.util.Hashtable::<init>@1 (line 186)
                      ; - java.util.Hashtable::<init>@4 (line 209)
                      ; - java.util.jar.JarVerifier::<init>@104 (line 111)
                      ; - java.util.jar.JarFile::getManifestFromReference@78 (line 422)
                      ; - java.util.jar.JarFile::getManifest@1 (line 406)
                      ; - java.util.jar.JarFile::maybeInstantiateVerifier@31 (line 725)
                      ; - java.util.jar.JarFile::ensureInitialization@1 (line 1031)
                      ; - java.util.jar.JavaUtilJarAccessImpl::ensureInitialization@1 (line 72)
                      ; - jdk.internal.loader.URLClassPath$JarLoader$2::getManifest@10 (line 885)
                      ; - java.net.URLClassLoader::defineClass@34 (line 491)
                      ; - java.net.URLClassLoader$1::run@43 (line 427)
                      ; - java.net.URLClassLoader$1::run@1 (line 421)
                      ; - java.security.AccessController::executePrivileged@29 (line 814)
                      ; - java.security.AccessController::doPrivileged@13 (line 712)
                      ; - java.net.URLClassLoader::findClass@13 (line 420)
                      ; - org.gradle.internal.classloader.VisitableURLClassLoader$InstrumentingVisitableURLClassLoader::findClass@10 (line 189)
  0x000002772ec78600: 7c8d 41ff | 4c8b 4424 | 5045 8960 | 184d 8b8f | 0801 0000 | 41c7 4014 | 0000 403f | 4d8b d149 
  0x000002772ec78620: 83c2 404d | 3b97 1801 | 0000 0f83 | 1d2d 0000 | 4d89 9708 | 0100 0041 | 0f0d 8ac0 | 0000 0049 
  0x000002772ec78640: c701 0100 | 0000 410f | 0d8a 0001 

  0x000002772ec7864c: ;   {metadata('java/util/Hashtable$Entry'[])}
  0x000002772ec7864c: 0000 41c7 | 4108 289a | 1500 410f | 0d8a 4001 | 0000 41c7 | 410c 0b00 | 0000 410f | 0d8a 8001 
  0x000002772ec7866c: 0000 4d89 | 6110 4d89 | 6118 4d89 | 6120 4d89 | 6128 4d89 | 6130 4d89 | 6138 4180 | 7f38 000f 
  0x000002772ec7868c: 853b 1e00 | 0049 8bf0 | 4d8b d149 | c1ea 0344 | 8956 1c4d | 8bd1 4c8b | de4d 33d3 | 488b fe48 
  0x000002772ec786ac: c1ef 0349 | c1ea 154d | 85d2 741a | 49c1 eb09 | 48b9 0000 | 0633 7702 | 0000 4903 | cb80 3904 
  0x000002772ec786cc: 0f85 aa23 | 0000 4180 | 7f38 000f | 85b2 1d00 | 004c 8bc5 | 4189 7818 | c746 1008 | 0000 004c 
  0x000002772ec786ec: 8bd6 4d8b | d84d 33d3 | 49c1 ea15 | 4d85 d274 | 1a49 c1eb | 0948 b900 | 0006 3377 | 0200 0049 
  0x000002772ec7870c: 03cb 8039 | 040f 85ae | 2300 0049 | 8b87 0801 | 0000 4c8b | d049 83c2 | 184d 3b97 | 1801 0000 
  0x000002772ec7872c: 0f83 ff2b | 0000 4d89 | 9708 0100 | 0041 0f0d | 8ac0 0000 | 0048 c700 | 0100 0000 

  0x000002772ec78748: ;   {metadata('java/util/ArrayList')}
  0x000002772ec78748: c740 0820 | df00 0044 | 8960 0c4c | 8960 104c | 8944 2450 | 4c8b d049 | 8bea 498b | d266 6690 
  0x000002772ec78768: ;   {optimized virtual_call}
  0x000002772ec78768: c5f8 77e8 

  0x000002772ec7876c: ; ImmutableOopMap {rbp=Oop [36]=NarrowOop [40]=Oop [48]=Oop [56]=Oop [72]=Oop [80]=Oop [88]=Oop [104]=Oop [112]=NarrowOop [120]=Oop [128]=Oop [272]=Oop [280]=Oop }
                      ;*invokespecial <init> {reexecute=0 rethrow=0 return_oop=0}
                      ; - java.util.AbstractCollection::<init>@1 (line 68)
                      ; - java.util.AbstractList::<init>@1 (line 78)
                      ; - java.util.ArrayList::<init>@1 (line 168)
                      ; - java.util.jar.JarVerifier::<init>@115 (line 112)
                      ; - java.util.jar.JarFile::getManifestFromReference@78 (line 422)
                      ; - java.util.jar.JarFile::getManifest@1 (line 406)
                      ; - java.util.jar.JarFile::maybeInstantiateVerifier@31 (line 725)
                      ; - java.util.jar.JarFile::ensureInitialization@1 (line 1031)
                      ; - java.util.jar.JavaUtilJarAccessImpl::ensureInitialization@1 (line 72)
                      ; - jdk.internal.loader.URLClassPath$JarLoader$2::getManifest@10 (line 885)
                      ; - java.net.URLClassLoader::defineClass@34 (line 491)
                      ; - java.net.URLClassLoader$1::run@43 (line 427)
                      ; - java.net.URLClassLoader$1::run@1 (line 421)
                      ; - java.security.AccessController::executePrivileged@29 (line 814)
                      ; - java.security.AccessController::doPrivileged@13 (line 712)
                      ; - java.net.URLClassLoader::findClass@13 (line 420)
                      ; - org.gradle.internal.classloader.VisitableURLClassLoader$InstrumentingVisitableURLClassLoader::findClass@10 (line 189)
  0x000002772ec7876c: 108c 41ff | 4180 7f38 | 000f 85cf | 1d00 004c 

  0x000002772ec7877c: ;   {oop(a 'java/lang/Object'[0] {0x000000070063c610})}
  0x000002772ec7877c: 8bc5 41c7 | 4014 c278 | 0ce0 4589 | 600c 498b | d848 c1eb | 034d 8bd0 

  0x000002772ec78794: ;   {oop(a 'java/lang/Object'[0] {0x000000070063c610})}
  0x000002772ec78794: 498b f849 | bb10 c663 | 0007 0000 | 004d 33da | 49c1 eb15 | 4d85 db74 | 1a49 c1ea | 0948 b900 
  0x000002772ec787b4: 0006 3377 | 0200 0049 | 03ca 8039 | 040f 8546 | 2300 0041 | 807f 3800 | 0f85 3c1d | 0000 4c8b 
  0x000002772ec787d4: 5424 5041 | 895a 1c4c | 8bdf 4d33 | da49 c1eb | 154d 85db | 741a 49c1 | ea09 48b9 | 0000 0633 
  0x000002772ec787f4: 7702 0000 | 4903 ca80 | 3904 0f85 | 5223 0000 | 498b 8708 | 0100 004c | 8bd0 4983 | c218 4d3b 
  0x000002772ec78814: 9718 0100 | 000f 8356 | 2b00 004d | 8997 0801 | 0000 410f | 0d8a c000 | 0000 48c7 | 0001 0000 
  0x000002772ec78834: ;   {metadata('java/io/ByteArrayOutputStream')}
  0x000002772ec78834: 00c7 4008 | a0fd 1800 | 4489 600c | 4c89 6010 | 4c8b d049 | 8bea 498b | d266 6690 

  0x000002772ec78850: ;   {optimized virtual_call}
  0x000002772ec78850: c5f8 77e8 

  0x000002772ec78854: ; ImmutableOopMap {rbp=Oop [36]=NarrowOop [40]=Oop [48]=Oop [56]=Oop [72]=Oop [80]=Oop [88]=Oop [104]=Oop [112]=NarrowOop [120]=Oop [128]=Oop [272]=Oop [280]=Oop }
                      ;*invokespecial <init> {reexecute=0 rethrow=0 return_oop=0}
                      ; - java.io.OutputStream::<init>@1 (line 52)
                      ; - java.io.ByteArrayOutputStream::<init>@1 (line 76)
                      ; - java.io.ByteArrayOutputStream::<init>@3 (line 66)
                      ; - java.util.jar.JarVerifier::<init>@126 (line 113)
                      ; - java.util.jar.JarFile::getManifestFromReference@78 (line 422)
                      ; - java.util.jar.JarFile::getManifest@1 (line 406)
                      ; - java.util.jar.JarFile::maybeInstantiateVerifier@31 (line 725)
                      ; - java.util.jar.JarFile::ensureInitialization@1 (line 1031)
                      ; - java.util.jar.JavaUtilJarAccessImpl::ensureInitialization@1 (line 72)
                      ; - jdk.internal.loader.URLClassPath$JarLoader$2::getManifest@10 (line 885)
                      ; - java.net.URLClassLoader::defineClass@34 (line 491)
                      ; - java.net.URLClassLoader$1::run@43 (line 427)
                      ; - java.net.URLClassLoader$1::run@1 (line 421)
                      ; - java.security.AccessController::executePrivileged@29 (line 814)
                      ; - java.security.AccessController::doPrivileged@13 (line 712)
                      ; - java.net.URLClassLoader::findClass@13 (line 420)
                      ; - org.gradle.internal.classloader.VisitableURLClassLoader$InstrumentingVisitableURLClassLoader::findClass@10 (line 189)
  0x000002772ec78854: 288b 41ff | 4d8b 9708 | 0100 004d | 8bda 4983 | c330 4d3b | 9f18 0100 | 000f 8332 | 2b00 004d 
  0x000002772ec78874: 899f 0801 | 0000 410f | 0d8b c000 | 0000 49c7 | 0201 0000 | 0041 0f0d | 8b00 0100 

  0x000002772ec78890: ;   {metadata({type array byte})}
  0x000002772ec78890: 0041 c742 | 0838 6700 | 0041 0f0d | 8b40 0100 | 0041 c742 | 0c20 0000 | 0041 0f0d | 8b80 0100 
  0x000002772ec788b0: 004d 8962 | 104d 8962 | 184d 8962 | 204d 8962 | 2841 807f | 3800 0f85 | be1c 0000 | 4d8b da49 
  0x000002772ec788d0: c1eb 0344 | 895d 104c | 8bdd 4d33 | d348 8bfd | 48c1 ef03 | 49c1 ea15 | 4d85 d274 | 1a49 c1eb 
  0x000002772ec788f0: 0948 b900 | 0006 3377 | 0200 0049 | 03cb 8039 | 040f 85e1 | 2200 0041 | 807f 3800 | 0f85 b41c 
  0x000002772ec78910: 0000 4c8b | 5424 5041 | 897a 244c | 8bd5 4c8b | 5c24 504d | 33d3 49c1 | ea15 4d85 | d274 1a49 
  0x000002772ec78930: c1eb 0948 | b900 0006 | 3377 0200 | 0049 03cb | 8039 040f | 8556 2200 | 0049 8b87 | 0801 0000 
  0x000002772ec78950: 4c8b d049 | 83c2 184d | 3b97 1801 | 0000 0f83 | 292a 0000 | 4d89 9708 | 0100 0041 | 0f0d 8ac0 
  0x000002772ec78970: 0000 0048 | c700 0100 

  0x000002772ec78978: ;   {metadata('java/util/ArrayList')}
  0x000002772ec78978: 0000 c740 | 0820 df00 | 0044 8960 | 0c4c 8960 | 104c 8bd0 | 498b ea49 | 8bd2 6690 

  0x000002772ec78994: ;   {optimized virtual_call}
  0x000002772ec78994: c5f8 77e8 

  0x000002772ec78998: ; ImmutableOopMap {rbp=Oop [36]=NarrowOop [40]=Oop [48]=Oop [56]=Oop [72]=Oop [80]=Oop [88]=Oop [104]=Oop [112]=NarrowOop [120]=Oop [128]=Oop [272]=Oop [280]=Oop }
                      ;*invokespecial <init> {reexecute=0 rethrow=0 return_oop=0}
                      ; - java.util.AbstractCollection::<init>@1 (line 68)
                      ; - java.util.AbstractList::<init>@1 (line 78)
                      ; - java.util.ArrayList::<init>@1 (line 168)
                      ; - java.util.jar.JarVerifier::<init>@137 (line 114)
                      ; - java.util.jar.JarFile::getManifestFromReference@78 (line 422)
                      ; - java.util.jar.JarFile::getManifest@1 (line 406)
                      ; - java.util.jar.JarFile::maybeInstantiateVerifier@31 (line 725)
                      ; - java.util.jar.JarFile::ensureInitialization@1 (line 1031)
                      ; - java.util.jar.JavaUtilJarAccessImpl::ensureInitialization@1 (line 72)
                      ; - jdk.internal.loader.URLClassPath$JarLoader$2::getManifest@10 (line 885)
                      ; - java.net.URLClassLoader::defineClass@34 (line 491)
                      ; - java.net.URLClassLoader$1::run@43 (line 427)
                      ; - java.net.URLClassLoader$1::run@1 (line 421)
                      ; - java.security.AccessController::executePrivileged@29 (line 814)
                      ; - java.security.AccessController::doPrivileged@13 (line 712)
                      ; - java.net.URLClassLoader::findClass@13 (line 420)
                      ; - org.gradle.internal.classloader.VisitableURLClassLoader$InstrumentingVisitableURLClassLoader::findClass@10 (line 189)
  0x000002772ec78998: e489 41ff | 4180 7f38 | 000f 85d3 | 1c00 004c 

  0x000002772ec789a8: ;   {oop(a 'java/lang/Object'[0] {0x000000070063c610})}
  0x000002772ec789a8: 8bdd 41c7 | 4314 c278 | 0ce0 4589 | 630c 498b | db4c 8b54 | 2438 458b | 5a0c 4489 | 5c24 7448 
  0x000002772ec789c8: 8bfb 48c1 | ef03 4c8b | 5424 5049 | 8bea 48c1 

  0x000002772ec789d8: ;   {oop(a 'java/lang/Object'[0] {0x000000070063c610})}
  0x000002772ec789d8: ed03 49ba | 10c6 6300 | 0700 0000 | 4c8b db4d | 33d3 49c1 | ea15 4d85 | d274 1a49 | c1eb 0948 
  0x000002772ec789f8: b900 0006 | 3377 0200 | 0049 03cb | 8039 040f | 8524 2200 | 0041 807f | 3800 0f85 | ea1b 0000 
  0x000002772ec78a18: 4c8b 5424 | 5041 897a | 384c 8bdb | 4d33 da49 | c1eb 154d | 85db 741a | 49c1 ea09 | 48b9 0000 
  0x000002772ec78a38: 0633 7702 | 0000 4903 | ca80 3904 | 0f85 7822 | 0000 4d8b | 9708 0100 | 004d 8bda | 4983 c330 
  0x000002772ec78a58: 4d3b 9f18 | 0100 000f | 83c0 2900 | 004d 899f | 0801 0000 | 410f 0d8b | c000 0000 | 49c7 0201 
  0x000002772ec78a78: ;   {metadata('java/util/HashMap')}
  0x000002772ec78a78: 0000 0041 | c742 08b8 | 350b 0045 | 8962 0c4d | 8962 104d | 8962 184d | 8962 2849 | c742 2000 
  0x000002772ec78a98: 0040 3f49 | 8bda 4180 | 7f38 000f | 850e 1c00 | 004c 8bd3 | 4d8b da49 | c1eb 034c | 8b54 2450 
  0x000002772ec78ab8: 4589 5a3c | 4c8b db4d | 33da 49c1 | eb15 4d85 | db74 1a49 | c1ea 0948 | b900 0006 | 3377 0200 
  0x000002772ec78ad8: 0049 03ca | 8039 040f | 8526 2200 | 0041 807f | 3800 0f85 | 4e1b 0000 | 4c8b 4424 | 7841 8968 
  0x000002772ec78af8: 304c 8b54 | 2450 4d8b | d84d 33d3 | 49c1 ea15 | 4d85 d274 | 1a49 c1eb | 0948 b900 | 0006 3377 
  0x000002772ec78b18: 0200 0049 | 03cb 8039 | 040f 8553 | 2100 0049 | 8b87 0801 | 0000 4c8b | d049 83c2 | 184d 3b97 
  0x000002772ec78b38: 1801 0000 | 0f83 c728 | 0000 4d89 | 9708 0100 | 0041 0f0d | 8ac0 0000 | 0048 c700 | 0100 0000 
  0x000002772ec78b58: ;   {metadata('java/util/jar/Manifest')}
  0x000002772ec78b58: c740 0810 | 9c06 0044 | 8960 0c4c | 8960 1049 | 8be8 4c8b | d04c 8954 | 2450 448b | 5530 4489 
  0x000002772ec78b78: 5424 7849 | 8b87 0801 | 0000 4c8b | d049 83c2 | 2044 8b5c | 2478 49c1 | e303 4c89 | 9c24 8800 
  0x000002772ec78b98: 0000 4d3b | 9718 0100 | 000f 834a | 2800 004d | 8997 0801 | 0000 410f | 0d8a c000 | 0000 48c7 
  0x000002772ec78bb8: 0001 0000 

  0x000002772ec78bbc: ;   {metadata('java/io/ByteArrayInputStream')}
  0x000002772ec78bbc: 00c7 4008 | d0a2 0100 | 4489 600c | 4c89 6010 | 4c89 6018 | 4c8b c044 | 8b5c 2474 | 4589 5814 
  0x000002772ec78bdc: 448b 5c24 | 2445 8958 | 1844 8b5d | 1449 8b87 | 0801 0000 | 4c8b d049 | 83c2 104d | 3b97 1801 
  0x000002772ec78bfc: 0000 0f83 | c427 0000 | 4d89 9708 | 0100 0041 | 0f0d 8ac0 | 0000 0048 | c700 0100 

  0x000002772ec78c18: ;   {metadata('java/util/jar/Attributes')}
  0x000002772ec78c18: 0000 c740 | 08b0 4818 | 0044 8960 | 0c48 89ac | 2490 0000 | 004c 8944 | 2438 4489 | 5c24 2448 
  0x000002772ec78c38: 8be8 498b | 8708 0100 | 004c 8bd0 | 4983 c238 | 4d3b 9718 | 0100 000f | 83eb 2700 | 004d 8997 
  0x000002772ec78c58: 0801 0000 | 410f 0d8a | c000 0000 | 48c7 0001 

  0x000002772ec78c68: ;   {metadata('java/util/LinkedHashMap')}
  0x000002772ec78c68: 0000 00c7 | 4008 b839 | 0b00 4489 | 600c 4c89 | 6010 4c89 | 6018 4c89 | 6020 4c89 | 6028 4c89 
  0x000002772ec78c88: 6030 4c8b | d04c 8994 | 2498 0000 | 0049 8bd2 | 41b8 0b00 | 0000 6690 

  0x000002772ec78ca0: ;   {optimized virtual_call}
  0x000002772ec78ca0: c5f8 77e8 

  0x000002772ec78ca4: ; ImmutableOopMap {rbp=Oop [36]=NarrowOop [40]=Oop [48]=Oop [56]=Oop [72]=Oop [80]=Oop [88]=Oop [104]=Oop [112]=NarrowOop [120]=NarrowOop [128]=Oop [136]=Oop [144]=Oop [152]=Oop [272]=Oop [280]=Oop }
                      ;*invokespecial <init> {reexecute=0 rethrow=0 return_oop=0}
                      ; - java.util.LinkedHashMap::<init>@2 (line 360)
                      ; - java.util.jar.Attributes::<init>@10 (line 82)
                      ; - java.util.jar.Attributes::<init>@3 (line 72)
                      ; - java.util.jar.Manifest::<init>@9 (line 54)
                      ; - java.util.jar.JarFile::getManifestFromReference@121 (line 430)
                      ; - java.util.jar.JarFile::getManifest@1 (line 406)
                      ; - java.util.jar.JarFile::maybeInstantiateVerifier@31 (line 725)
                      ; - java.util.jar.JarFile::ensureInitialization@1 (line 1031)
                      ; - java.util.jar.JavaUtilJarAccessImpl::ensureInitialization@1 (line 72)
                      ; - jdk.internal.loader.URLClassPath$JarLoader$2::getManifest@10 (line 885)
                      ; - java.net.URLClassLoader::defineClass@34 (line 491)
                      ; - java.net.URLClassLoader$1::run@43 (line 427)
                      ; - java.net.URLClassLoader$1::run@1 (line 421)
                      ; - java.security.AccessController::executePrivileged@29 (line 814)
                      ; - java.security.AccessController::doPrivileged@13 (line 712)
                      ; - java.net.URLClassLoader::findClass@13 (line 420)
                      ; - org.gradle.internal.classloader.VisitableURLClassLoader$InstrumentingVisitableURLClassLoader::findClass@10 (line 189)
  0x000002772ec78ca4: d886 41ff | 4c8b 8424 | 9800 0000 | 4588 602c | 4180 7f38 | 000f 8577 | 1a00 004d | 8bd0 49c1 
  0x000002772ec78cc4: ea03 4489 | 550c 4d8b | d04c 8bdd | 4d33 d344 | 8b44 2424 | 49c1 e003 | 4c89 8424 | 9800 0000 
  0x000002772ec78ce4: 49c1 ea15 | 488b dd48 | c1eb 034d | 85d2 741a | 49c1 eb09 | 48b9 0000 | 0633 7702 | 0000 4903 
  0x000002772ec78d04: cb80 3904 | 0f85 9520 | 0000 4180 | 7f38 000f | 855a 1a00 | 004c 8b44 | 2450 4189 | 580c 4c8b 
  0x000002772ec78d24: d54d 8bd8 | 4d33 d349 | c1ea 154d | 85d2 741a | 49c1 eb09 | 48b9 0000 | 0633 7702 | 0000 4903 
  0x000002772ec78d44: cb80 3904 | 0f85 9e20 | 0000 4d8b | 8f08 0100 | 004d 8bd1 | 4983 c230 | 4d3b 9718 | 0100 000f 
  0x000002772ec78d64: 83f0 2600 | 004d 8997 | 0801 0000 | 410f 0d8a | c000 0000 | 49c7 0101 

  0x000002772ec78d7c: ;   {metadata('java/util/HashMap')}
  0x000002772ec78d7c: 0000 0041 | c741 08b8 | 350b 0045 | 8961 0c4d | 8961 104d | 8961 184d | 8961 2849 | c741 2000 
  0x000002772ec78d9c: 0040 3f41 | 807f 3800 | 0f85 4919 | 0000 4d8b | d04d 8bd9 | 49c1 eb03 | 4589 5810 | 4d8b d94d 
  0x000002772ec78dbc: 33da 49c1 | eb15 4d85 | db74 1a49 | c1ea 0948 | b900 0006 | 3377 0200 | 0049 03ca | 8039 040f 
  0x000002772ec78ddc: 8573 1f00 | 0049 8be8 | 498b d04c | 8b44 2438 | 4c8b 8c24 | 9800 0000 | 4c8b 5424 | 584c 8954 
  0x000002772ec78dfc: 2450 6690 

  0x000002772ec78e00: ;   {optimized virtual_call}
  0x000002772ec78e00: c5f8 77e8 

  0x000002772ec78e04: ; ImmutableOopMap {rbp=Oop [40]=Oop [48]=Oop [72]=Oop [80]=Oop [88]=Oop [104]=Oop [112]=NarrowOop [120]=NarrowOop [128]=Oop [136]=Oop [144]=Oop [272]=Oop [280]=Oop }
                      ;*invokevirtual read {reexecute=0 rethrow=0 return_oop=0}
                      ; - java.util.jar.Manifest::<init>@29 (line 100)
                      ; - java.util.jar.JarFile::getManifestFromReference@121 (line 430)
                      ; - java.util.jar.JarFile::getManifest@1 (line 406)
                      ; - java.util.jar.JarFile::maybeInstantiateVerifier@31 (line 725)
                      ; - java.util.jar.JarFile::ensureInitialization@1 (line 1031)
                      ; - java.util.jar.JavaUtilJarAccessImpl::ensureInitialization@1 (line 72)
                      ; - jdk.internal.loader.URLClassPath$JarLoader$2::getManifest@10 (line 885)
                      ; - java.net.URLClassLoader::defineClass@34 (line 491)
                      ; - java.net.URLClassLoader$1::run@43 (line 427)
                      ; - java.net.URLClassLoader$1::run@1 (line 421)
                      ; - java.security.AccessController::executePrivileged@29 (line 814)
                      ; - java.security.AccessController::doPrivileged@13 (line 712)
                      ; - java.net.URLClassLoader::findClass@13 (line 420)
                      ; - org.gradle.internal.classloader.VisitableURLClassLoader$InstrumentingVisitableURLClassLoader::findClass@10 (line 189)
  0x000002772ec78e04: 7885 41ff | 4180 7f38 | 000f 859c | 1900 004c | 8bc5 8b4c | 2478 4189 | 4814 4c8b | 9424 8800 
  0x000002772ec78e24: 0000 4d8b | d84d 33d3 | 49c1 ea15 | 4d85 d274 | 1e85 c974 | 1a49 c1eb | 0948 b900 | 0006 3377 
  0x000002772ec78e44: 0200 0049 | 03cb 8039 | 040f 852a | 2000 004c | 8984 24b0 | 0000 0049 | 8b87 0801 | 0000 4c8b 
  0x000002772ec78e64: d049 83c2 | 284d 3b97 | 1801 0000 | 0f83 e622 | 0000 4d89 | 9708 0100 | 0041 0f0d | 8ac0 0000 
  0x000002772ec78e84: 0048 c700 | 0100 0000 

  0x000002772ec78e8c: ;   {metadata('java/lang/ref/SoftReference')}
  0x000002772ec78e8c: c740 08c0 | 6304 0044 | 8960 0c4c | 8960 104c | 8960 184c | 8960 204c | 8bd0 498b | ea49 8bd2 
  0x000002772ec78eac: 4c8b 8424 | b000 0000 | 4c8b 5424 | 584c 8954 | 2450 6690 

  0x000002772ec78ec0: ;   {optimized virtual_call}
  0x000002772ec78ec0: c5f8 77e8 

  0x000002772ec78ec4: ; ImmutableOopMap {rbp=Oop [40]=Oop [48]=Oop [72]=Oop [80]=Oop [88]=Oop [104]=Oop [112]=NarrowOop [128]=Oop [144]=Oop [176]=Oop [272]=Oop [280]=Oop }
                      ;*invokespecial <init> {reexecute=0 rethrow=0 return_oop=0}
                      ; - java.util.jar.JarFile::getManifestFromReference@189 (line 436)
                      ; - java.util.jar.JarFile::getManifest@1 (line 406)
                      ; - java.util.jar.JarFile::maybeInstantiateVerifier@31 (line 725)
                      ; - java.util.jar.JarFile::ensureInitialization@1 (line 1031)
                      ; - java.util.jar.JavaUtilJarAccessImpl::ensureInitialization@1 (line 72)
                      ; - jdk.internal.loader.URLClassPath$JarLoader$2::getManifest@10 (line 885)
                      ; - java.net.URLClassLoader::defineClass@34 (line 491)
                      ; - java.net.URLClassLoader$1::run@43 (line 427)
                      ; - java.net.URLClassLoader$1::run@1 (line 421)
                      ; - java.security.AccessController::executePrivileged@29 (line 814)
                      ; - java.security.AccessController::doPrivileged@13 (line 712)
                      ; - java.net.URLClassLoader::findClass@13 (line 420)
                      ; - org.gradle.internal.classloader.VisitableURLClassLoader$InstrumentingVisitableURLClassLoader::findClass@10 (line 189)
  0x000002772ec78ec4: b884 41ff | 4180 7f38 | 000f 854d | 1300 004c | 8b84 2490 | 0000 004d | 8bd0 4c8b | cd4d 8bd9 
  0x000002772ec78ee4: 49c1 eb03 | 4589 5828 | 4d8b d94d | 33da 49c1 | eb15 4d85 | db0f 849d | dcff ff49 | c1ea 094c 
  0x000002772ec78f04: 8b84 2420 | 0100 004d | 03c2 4180 | 3804 0f84 | 84dc ffff | 4d8b 5740 | 4d8b 5f50 | f083 4424 
  0x000002772ec78f24: c000 4180 | 3800 0f84 | 6cdc ffff | 4588 204d | 85d2 751b | 498b c849 | 8bd7 c5f8 | 7749 ba80 
  0x000002772ec78f44: 8b88 90fd | 7f00 0041 | ffd2 e949 | dcff ff4f | 8944 13f8 | 4983 c2f8 | 4d89 5740 | e937 dcff 
  0x000002772ec78f64: ff48 8beb | 4c89 7424 

  0x000002772ec78f6c: ;   {metadata('java/lang/String')}
  0x000002772ec78f6c: 5848 baf0 | e900 4377 | 0200 004c | 8974 2430 

  0x000002772ec78f7c: ;   {runtime_call _new_instance_Java}
  0x000002772ec78f7c: c5f8 77e8 

  0x000002772ec78f80: ; ImmutableOopMap {rbp=Oop [48]=Oop [88]=Oop [128]=Oop }
                      ;*new {reexecute=0 rethrow=0 return_oop=1}
                      ; - java.lang.StringConcatHelper::simpleConcat@17 (line 411)
                      ; - java.lang.String::concat@11 (line 2774)
                      ; - java.net.URLClassLoader$1::run@13 (line 423)
                      ; - java.net.URLClassLoader$1::run@1 (line 421)
                      ; - java.security.AccessController::executePrivileged@29 (line 814)
                      ; - java.security.AccessController::doPrivileged@13 (line 712)
                      ; - java.net.URLClassLoader::findClass@13 (line 420)
                      ; - org.gradle.internal.classloader.VisitableURLClassLoader$InstrumentingVisitableURLClassLoader::findClass@10 (line 189)
  0x000002772ec78f80: 7c71 4cff | 4c8b 7424 | 3048 8bdd | e9ca d3ff | ffba e4ff | ffff 4c8b | 5424 584c | 8954 2428 
  0x000002772ec78fa0: 4c8b 5424 | 384c 8954 | 2430 4c89 | 4c24 3889 | 4c24 4044 | 8944 2448 | 448b 5c24 | 5044 895c 
  0x000002772ec78fc0: 244c 448b | 5424 5444 | 8954 2450 | 897c 2458 

  0x000002772ec78fd0: ;   {runtime_call UncommonTrapBlob}
  0x000002772ec78fd0: c5f8 77e8 

  0x000002772ec78fd4: ; ImmutableOopMap {[40]=Oop [48]=Oop [56]=Oop [76]=NarrowOop [80]=NarrowOop [88]=NarrowOop [128]=Oop }
                      ;*aaload {reexecute=0 rethrow=0 return_oop=0}
                      ; - java.lang.ThreadLocal$ThreadLocalMap::remove@61 (line 513)
                      ; - java.lang.ThreadLocal::remove@14 (line 242)
                      ; - org.gradle.internal.classloader.TransformErrorHandler::getLastErrorAndClear@15 (line 127)
                      ; - org.gradle.internal.classloader.TransformErrorHandler::enterClassLoadingScope@1 (line 68)
                      ; - org.gradle.internal.classloader.VisitableURLClassLoader$InstrumentingVisitableURLClassLoader::findClass@5 (line 186)
  0x000002772ec78fd4: 28d9 41ff | 4b89 4ccc | 20e9 addb | ffff ba45 | ffff ff4c | 8b5c 2458 | 4c89 5c24 | 284c 8b5c 
  0x000002772ec78ff4: 2438 4c89 | 5c24 304c | 894c 2438 | 894c 2440 | 4489 4424 | 4444 8954 | 244c 897c | 2458 6690 
  0x000002772ec79014: ;   {runtime_call UncommonTrapBlob}
  0x000002772ec79014: c5f8 77e8 

  0x000002772ec79018: ; ImmutableOopMap {[40]=Oop [48]=Oop [56]=Oop [76]=NarrowOop [80]=NarrowOop [84]=NarrowOop [88]=NarrowOop [128]=Oop }
                      ;*ifnull {reexecute=1 rethrow=0 return_oop=0}
                      ; - (reexecute) java.lang.ThreadLocal$ThreadLocalMap::remove@26 (line 512)
                      ; - java.lang.ThreadLocal::remove@14 (line 242)
                      ; - org.gradle.internal.classloader.TransformErrorHandler::getLastErrorAndClear@15 (line 127)
                      ; - org.gradle.internal.classloader.TransformErrorHandler::enterClassLoadingScope@1 (line 68)
                      ; - org.gradle.internal.classloader.VisitableURLClassLoader$InstrumentingVisitableURLClassLoader::findClass@5 (line 186)
  0x000002772ec79018: e4d8 41ff | bae4 ffff | ff4c 8b5c | 2458 4c89 | 5c24 3044 | 8b5c 2450 | 4489 5c24 | 4048 895c 
  0x000002772ec79038: 2450 4489 | 4424 5844 | 8954 245c 

  0x000002772ec79044: ;   {runtime_call UncommonTrapBlob}
  0x000002772ec79044: c5f8 77e8 

  0x000002772ec79048: ; ImmutableOopMap {[48]=Oop [56]=NarrowOop [64]=NarrowOop [80]=Oop [92]=NarrowOop [128]=Oop }
                      ;*aaload {reexecute=0 rethrow=0 return_oop=0}
                      ; - java.lang.ThreadLocal$ThreadLocalMap::getEntryAfterMiss@52 (line 462)
                      ; - java.lang.ThreadLocal$ThreadLocalMap::getEntry@38 (line 439)
                      ; - java.lang.ThreadLocal::get@16 (line 165)
                      ; - org.gradle.internal.classloader.TransformErrorHandler::getLastErrorAndClear@4 (line 126)
                      ; - org.gradle.internal.classloader.TransformErrorHandler::enterClassLoadingScope@1 (line 68)
                      ; - org.gradle.internal.classloader.VisitableURLClassLoader$InstrumentingVisitableURLClassLoader::findClass@5 (line 186)
  0x000002772ec79048: b4d8 41ff | 4c89 4424 | 7849 8bd0 | 4533 c04c | 8b54 2458 | 4c89 5424 | 3866 6690 

  0x000002772ec79064: ;   {optimized virtual_call}
  0x000002772ec79064: c5f8 77e8 

  0x000002772ec79068: ; ImmutableOopMap {[40]=Oop [48]=Oop [56]=Oop [72]=Oop [88]=Oop [104]=Oop [112]=NarrowOop [120]=Oop [128]=Oop [272]=Oop [280]=Oop }
                      ;*invokevirtual getManifestName {reexecute=0 rethrow=0 return_oop=1}
                      ; - java.util.zip.ZipFile$1::getManifestName@2 (line 1123)
                      ; - java.util.jar.JarFile::getManEntry@12 (line 942)
                      ; - java.util.jar.JarFile::getManifestFromReference@27 (line 414)
                      ; - java.util.jar.JarFile::getManifest@1 (line 406)
                      ; - java.util.jar.JarFile::maybeInstantiateVerifier@31 (line 725)
                      ; - java.util.jar.JarFile::ensureInitialization@1 (line 1031)
                      ; - java.util.jar.JavaUtilJarAccessImpl::ensureInitialization@1 (line 72)
                      ; - jdk.internal.loader.URLClassPath$JarLoader$2::getManifest@10 (line 885)
                      ; - java.net.URLClassLoader::defineClass@34 (line 491)
                      ; - java.net.URLClassLoader$1::run@43 (line 427)
                      ; - java.net.URLClassLoader$1::run@1 (line 421)
                      ; - java.security.AccessController::executePrivileged@29 (line 814)
                      ; - java.security.AccessController::doPrivileged@13 (line 712)
                      ; - java.net.URLClassLoader::findClass@13 (line 420)
                      ; - org.gradle.internal.classloader.VisitableURLClassLoader$InstrumentingVisitableURLClassLoader::findClass@10 (line 189)
  0x000002772ec79068: 1483 41ff | 4885 c00f | 84d1 0a00 | 0048 8b54 | 2478 4c8b | c066 6690 

  0x000002772ec79080: ;   {optimized virtual_call}
  0x000002772ec79080: c5f8 77e8 

  0x000002772ec79084: ; ImmutableOopMap {[40]=Oop [48]=Oop [56]=Oop [72]=Oop [88]=Oop [104]=Oop [112]=NarrowOop [120]=Oop [128]=Oop [272]=Oop [280]=Oop }
                      ;*invokespecial getEntry {reexecute=0 rethrow=0 return_oop=1}
                      ; - java.util.jar.JarFile::getManEntry@25 (line 944)
                      ; - java.util.jar.JarFile::getManifestFromReference@27 (line 414)
                      ; - java.util.jar.JarFile::getManifest@1 (line 406)
                      ; - java.util.jar.JarFile::maybeInstantiateVerifier@31 (line 725)
                      ; - java.util.jar.JarFile::ensureInitialization@1 (line 1031)
                      ; - java.util.jar.JavaUtilJarAccessImpl::ensureInitialization@1 (line 72)
                      ; - jdk.internal.loader.URLClassPath$JarLoader$2::getManifest@10 (line 885)
                      ; - java.net.URLClassLoader::defineClass@34 (line 491)
                      ; - java.net.URLClassLoader$1::run@43 (line 427)
                      ; - java.net.URLClassLoader$1::run@1 (line 421)
                      ; - java.security.AccessController::executePrivileged@29 (line 814)
                      ; - java.security.AccessController::doPrivileged@13 (line 712)
                      ; - java.net.URLClassLoader::findClass@13 (line 420)
                      ; - org.gradle.internal.classloader.VisitableURLClassLoader$InstrumentingVisitableURLClassLoader::findClass@10 (line 189)
  0x000002772ec79084: f882 41ff | 4c8b d044 

  0x000002772ec7908c: ;   {metadata('java/util/jar/JarEntry')}
  0x000002772ec7908c: 8b58 0849 | b820 ab18 | 4377 0200 | 0049 b900 | 0000 4377 | 0200 004d | 03cb 4d8b | 5940 4d3b 
  0x000002772ec790ac: d80f 8589 | 2d00 0041 | 807f 3800 | 0f85 bf20 | 0000 4c8b | 4424 784d | 8bd8 498b | ca48 c1e9 
  0x000002772ec790cc: 0341 8948 | 2c4d 33d3 | 49c1 ea15 | 4d85 d20f | 8420 e0ff | ff49 c1eb | 0948 b900 | 0006 3377 
  0x000002772ec790ec: 0200 0049 | 03cb 8039 | 040f 8406 | e0ff ff4d | 8b57 404d | 8b5f 50f0 | 8344 24c0 | 0080 3900 
  0x000002772ec7910c: 0f84 efdf | ffff 4488 | 214d 85d2 | 751e 498b | d849 8bd7 | c5f8 7749 | ba80 8b88 | 90fd 7f00 
  0x000002772ec7912c: 0041 ffd2 | 4c8b c3e9 | c9df ffff | 4b89 4c13 | f849 83c2 | f84d 8957 | 40e9 b7df | ffff bae4 
  0x000002772ec7914c: ffff ff4c | 8b54 2458 | 4c89 5424 | 284c 8b54 | 2438 4c89 | 5424 3044 | 894c 243c | 448b 5c24 
  0x000002772ec7916c: 5044 895c | 2440 4489 | 4424 4c44 | 8974 2450 

  0x000002772ec7917c: ;   {runtime_call UncommonTrapBlob}
  0x000002772ec7917c: c5f8 77e8 

  0x000002772ec79180: ; ImmutableOopMap {[40]=Oop [48]=Oop [64]=NarrowOop [80]=NarrowOop [84]=NarrowOop [88]=Oop [128]=Oop }
                      ;*aaload {reexecute=0 rethrow=0 return_oop=0}
                      ; - java.lang.ThreadLocal$ThreadLocalMap::expungeStaleEntry@10 (line 609)
                      ; - java.lang.ThreadLocal$ThreadLocalMap::remove@46 (line 516)
                      ; - java.lang.ThreadLocal::remove@14 (line 242)
                      ; - org.gradle.internal.classloader.TransformErrorHandler::getLastErrorAndClear@15 (line 127)
                      ; - org.gradle.internal.classloader.TransformErrorHandler::enterClassLoadingScope@1 (line 68)
                      ; - org.gradle.internal.classloader.VisitableURLClassLoader$InstrumentingVisitableURLClassLoader::findClass@5 (line 186)
  0x000002772ec79180: 7cd7 41ff | baf6 ffff | ff66 6690 

  0x000002772ec7918c: ;   {runtime_call UncommonTrapBlob}
  0x000002772ec7918c: c5f8 77e8 

  0x000002772ec79190: ; ImmutableOopMap {[88]=Oop [128]=Oop }
                      ;*putfield value {reexecute=1 rethrow=0 return_oop=0}
                      ; - (reexecute) java.lang.ThreadLocal$ThreadLocalMap::expungeStaleEntry@12 (line 609)
                      ; - java.lang.ThreadLocal$ThreadLocalMap::remove@46 (line 516)
                      ; - java.lang.ThreadLocal::remove@14 (line 242)
                      ; - org.gradle.internal.classloader.TransformErrorHandler::getLastErrorAndClear@15 (line 127)
                      ; - org.gradle.internal.classloader.TransformErrorHandler::enterClassLoadingScope@1 (line 68)
                      ; - org.gradle.internal.classloader.VisitableURLClassLoader$InstrumentingVisitableURLClassLoader::findClass@5 (line 186)
  0x000002772ec79190: 6cd7 41ff | bae4 ffff | ff4c 8b5c | 2458 4c89 | 5c24 284c | 8b5c 2438 | 4c89 5c24 | 3044 8954 
  0x000002772ec791b0: 243c 448b | 5c24 5044 | 895c 2440 | 4489 4424 | 4c44 8974 | 2450 6690 

  0x000002772ec791c8: ;   {runtime_call UncommonTrapBlob}
  0x000002772ec791c8: c5f8 77e8 

  0x000002772ec791cc: ; ImmutableOopMap {[40]=Oop [48]=Oop [64]=NarrowOop [80]=NarrowOop [84]=NarrowOop [88]=Oop [128]=Oop }
                      ;*aaload {reexecute=0 rethrow=0 return_oop=0}
                      ; - java.lang.ThreadLocal$ThreadLocalMap::expungeStaleEntry@39 (line 617)
                      ; - java.lang.ThreadLocal$ThreadLocalMap::remove@46 (line 516)
                      ; - java.lang.ThreadLocal::remove@14 (line 242)
                      ; - org.gradle.internal.classloader.TransformErrorHandler::getLastErrorAndClear@15 (line 127)
                      ; - org.gradle.internal.classloader.TransformErrorHandler::enterClassLoadingScope@1 (line 68)
                      ; - org.gradle.internal.classloader.VisitableURLClassLoader$InstrumentingVisitableURLClassLoader::findClass@5 (line 186)
  0x000002772ec791cc: 30d7 41ff | baf6 ffff | ff48 895c | 2428 4c89 | 7424 3048 | 8944 2440 

  0x000002772ec791e4: ;   {runtime_call UncommonTrapBlob}
  0x000002772ec791e4: c5f8 77e8 

  0x000002772ec791e8: ; ImmutableOopMap {[40]=Oop [48]=Oop [64]=Oop [128]=Oop }
                      ;*invokevirtual getResource {reexecute=0 rethrow=0 return_oop=0}
                      ; - java.net.URLClassLoader$1::run@26 (line 424)
                      ; - java.net.URLClassLoader$1::run@1 (line 421)
                      ; - java.security.AccessController::executePrivileged@29 (line 814)
                      ; - java.security.AccessController::doPrivileged@13 (line 712)
                      ; - java.net.URLClassLoader::findClass@13 (line 420)
                      ; - org.gradle.internal.classloader.VisitableURLClassLoader$InstrumentingVisitableURLClassLoader::findClass@10 (line 189)
  0x000002772ec791e8: 14d7 41ff | ba76 ffff | ff48 895c | 2428 4c89 | 7424 3089 | 4424 3c4c | 8974 2440 | 4489 6c24 
  0x000002772ec79208: 5066 6690 

  0x000002772ec7920c: ;   {runtime_call UncommonTrapBlob}
  0x000002772ec7920c: c5f8 77e8 

  0x000002772ec79210: ; ImmutableOopMap {[40]=Oop [48]=Oop [64]=Oop [80]=NarrowOop [128]=Oop }
                      ;*if_icmpge {reexecute=1 rethrow=0 return_oop=0}
                      ; - (reexecute) java.lang.StringLatin1::replace@19 (line 306)
                      ; - java.lang.String::replace@18 (line 2808)
                      ; - java.net.URLClassLoader$1::run@8 (line 423)
                      ; - java.net.URLClassLoader$1::run@1 (line 421)
                      ; - java.security.AccessController::executePrivileged@29 (line 814)
                      ; - java.security.AccessController::doPrivileged@13 (line 712)
                      ; - java.net.URLClassLoader::findClass@13 (line 420)
                      ; - org.gradle.internal.classloader.VisitableURLClassLoader$InstrumentingVisitableURLClassLoader::findClass@10 (line 189)
  0x000002772ec79210: ecd6 41ff | ba66 ffff | ff48 8bac | 2480 0000 | 004c 8b54 | 2458 4c89 | 5424 2844 | 8b54 2450 
  0x000002772ec79230: 4489 5424 | 3444 895c | 243c 4c89 | 6c24 4090 

  0x000002772ec79240: ;   {runtime_call UncommonTrapBlob}
  0x000002772ec79240: c5f8 77e8 

  0x000002772ec79244: ; ImmutableOopMap {rbp=Oop [40]=Oop [52]=NarrowOop [60]=NarrowOop [64]=Oop [80]=NarrowOop [88]=Oop }
                      ;*invokevirtual getMap {reexecute=0 rethrow=0 return_oop=0}
                      ; - java.lang.ThreadLocal::get@6 (line 163)
                      ; - org.gradle.internal.classloader.TransformErrorHandler::getLastErrorAndClear@4 (line 126)
                      ; - org.gradle.internal.classloader.TransformErrorHandler::enterClassLoadingScope@1 (line 68)
                      ; - org.gradle.internal.classloader.VisitableURLClassLoader$InstrumentingVisitableURLClassLoader::findClass@5 (line 186)
  0x000002772ec79244: b8d6 41ff | bade ffff | ff4c 8b44 | 2458 4c89 | 4424 284c | 895c 2430 | 4489 5424 | 3c66 6690 
  0x000002772ec79264: ;   {runtime_call UncommonTrapBlob}
  0x000002772ec79264: c5f8 77e8 

  0x000002772ec79268: ; ImmutableOopMap {[40]=Oop [48]=Oop [60]=NarrowOop [80]=NarrowOop [88]=Oop [128]=Oop }
                      ;*invokevirtual remove {reexecute=0 rethrow=0 return_oop=0}
                      ; - org.gradle.internal.classloader.TransformErrorHandler::getLastErrorAndClear@15 (line 127)
                      ; - org.gradle.internal.classloader.TransformErrorHandler::enterClassLoadingScope@1 (line 68)
                      ; - org.gradle.internal.classloader.VisitableURLClassLoader$InstrumentingVisitableURLClassLoader::findClass@5 (line 186)
  0x000002772ec79268: 94d6 41ff | bae4 ffff | ff48 8b5c | 2458 4889 | 5c24 284c | 895c 2430 | 4c89 4c24 | 3889 4c24 
  0x000002772ec79288: 4044 8954 | 2448 448b | 5c24 5044 | 895c 244c | 897c 2450 | 4489 4424 | 5866 6690 

  0x000002772ec792a4: ;   {runtime_call UncommonTrapBlob}
  0x000002772ec792a4: c5f8 77e8 

  0x000002772ec792a8: ; ImmutableOopMap {[40]=Oop [48]=Oop [56]=Oop [76]=NarrowOop [80]=NarrowOop [88]=NarrowOop [128]=Oop }
                      ;*aaload {reexecute=0 rethrow=0 return_oop=0}
                      ; - java.lang.ThreadLocal$ThreadLocalMap::remove@21 (line 511)
                      ; - java.lang.ThreadLocal::remove@14 (line 242)
                      ; - org.gradle.internal.classloader.TransformErrorHandler::getLastErrorAndClear@15 (line 127)
                      ; - org.gradle.internal.classloader.TransformErrorHandler::enterClassLoadingScope@1 (line 68)
                      ; - org.gradle.internal.classloader.VisitableURLClassLoader$InstrumentingVisitableURLClassLoader::findClass@5 (line 186)
  0x000002772ec792a8: 54d6 41ff | ba54 ffff | ff4c 8b5c | 2458 4c89 | 5c24 2890 

  0x000002772ec792bc: ;   {runtime_call UncommonTrapBlob}
  0x000002772ec792bc: c5f8 77e8 

  0x000002772ec792c0: ; ImmutableOopMap {[40]=Oop [56]=Oop [80]=NarrowOop [88]=Oop [128]=Oop }
                      ;*ifnull {reexecute=1 rethrow=0 return_oop=0}
                      ; - (reexecute) org.gradle.internal.classloader.TransformErrorHandler::enterClassLoadingScope@6 (line 69)
                      ; - org.gradle.internal.classloader.VisitableURLClassLoader$InstrumentingVisitableURLClassLoader::findClass@5 (line 186)
  0x000002772ec792c0: 3cd6 41ff | bae4 ffff | ff48 8bac | 2480 0000 | 004c 8b54 | 2458 4c89 | 5424 2844 | 8b44 2450 
  0x000002772ec792e0: 4489 4424 | 3448 895c | 2448 4489 | 5c24 5044 | 894c 2454 

  0x000002772ec792f4: ;   {runtime_call UncommonTrapBlob}
  0x000002772ec792f4: c5f8 77e8 

  0x000002772ec792f8: ; ImmutableOopMap {rbp=Oop [40]=Oop [52]=NarrowOop [56]=NarrowOop [72]=Oop [80]=NarrowOop [88]=Oop }
                      ;*aaload {reexecute=0 rethrow=0 return_oop=0}
                      ; - java.lang.ThreadLocal$ThreadLocalMap::getEntry@18 (line 435)
                      ; - java.lang.ThreadLocal::get@16 (line 165)
                      ; - org.gradle.internal.classloader.TransformErrorHandler::getLastErrorAndClear@4 (line 126)
                      ; - org.gradle.internal.classloader.TransformErrorHandler::enterClassLoadingScope@1 (line 68)
                      ; - org.gradle.internal.classloader.VisitableURLClassLoader$InstrumentingVisitableURLClassLoader::findClass@5 (line 186)
  0x000002772ec792f8: 04d6 41ff | 41b8 0100 | 0000 e9b1 | c1ff ff49 | 63c8 e93b | c2ff ffba | ccff ffff | 4889 5c24 
  0x000002772ec79318: 284c 8974 | 2430 4c89 | 5c24 4048 | 8944 2450 | 4889 7c24 | 5844 8954 | 2460 6690 

  0x000002772ec79334: ;   {runtime_call UncommonTrapBlob}
  0x000002772ec79334: c5f8 77e8 

  0x000002772ec79338: ; ImmutableOopMap {[40]=Oop [48]=Oop [64]=Oop [88]=Oop [128]=Oop }
                      ;*invokestatic arraycopy {reexecute=0 rethrow=0 return_oop=0}
                      ; - java.lang.String::getBytes@22 (line 4459)
                      ; - java.lang.StringConcatHelper::prepend@21 (line 354)
                      ; - java.lang.StringConcatHelper::simpleConcat@71 (line 424)
                      ; - java.lang.String::concat@11 (line 2774)
                      ; - java.net.URLClassLoader$1::run@13 (line 423)
                      ; - java.net.URLClassLoader$1::run@1 (line 421)
                      ; - java.security.AccessController::executePrivileged@29 (line 814)
                      ; - java.security.AccessController::doPrivileged@13 (line 712)
                      ; - java.net.URLClassLoader::findClass@13 (line 420)
                      ; - org.gradle.internal.classloader.VisitableURLClassLoader$InstrumentingVisitableURLClassLoader::findClass@10 (line 189)
  0x000002772ec79338: c4d5 41ff | bacc ffff | ff48 895c | 2428 4c89 | 4c24 304c | 8974 2438 | 4889 7c24 | 5089 7424 
  0x000002772ec79358: 5866 6690 

  0x000002772ec7935c: ;   {runtime_call UncommonTrapBlob}
  0x000002772ec7935c: c5f8 77e8 

  0x000002772ec79360: ; ImmutableOopMap {[40]=Oop [48]=Oop [56]=Oop [80]=Oop [128]=Oop }
                      ;*invokestatic arraycopy {reexecute=0 rethrow=0 return_oop=0}
                      ; - java.lang.String::getBytes@22 (line 4459)
                      ; - java.lang.StringConcatHelper::prepend@21 (line 354)
                      ; - java.lang.StringConcatHelper::simpleConcat@81 (line 425)
                      ; - java.lang.String::concat@11 (line 2774)
                      ; - java.net.URLClassLoader$1::run@13 (line 423)
                      ; - java.net.URLClassLoader$1::run@1 (line 421)
                      ; - java.security.AccessController::executePrivileged@29 (line 814)
                      ; - java.security.AccessController::doPrivileged@13 (line 712)
                      ; - java.net.URLClassLoader::findClass@13 (line 420)
                      ; - org.gradle.internal.classloader.VisitableURLClassLoader$InstrumentingVisitableURLClassLoader::findClass@10 (line 189)
  0x000002772ec79360: 9cd5 41ff | 41b8 ffff | ffff e9ce | eaff ffba | e4ff ffff | 4c8b 4c24 | 584c 894c | 2428 8b4c 
  0x000002772ec79380: 2450 894c | 2434 4889 | 5c24 4044 | 895c 243c | 4489 7424 | 5044 8944 | 2458 4489 | 5424 5c89 
  0x000002772ec793a0: 7c24 6090 

  0x000002772ec793a4: ;   {runtime_call UncommonTrapBlob}
  0x000002772ec793a4: c5f8 77e8 

  0x000002772ec793a8: ; ImmutableOopMap {[40]=Oop [52]=NarrowOop [56]=NarrowOop [64]=Oop [92]=NarrowOop [128]=Oop }
                      ;*aaload {reexecute=0 rethrow=0 return_oop=0}
                      ; - java.lang.ThreadLocal$ThreadLocalMap::cleanSomeSlots@23 (line 670)
                      ; - java.lang.ThreadLocal$ThreadLocalMap::set@113 (line 500)
                      ; - java.lang.ThreadLocal::setInitialValue@22 (line 199)
                      ; - java.lang.ThreadLocal::get@34 (line 172)
                      ; - org.gradle.internal.classloader.TransformErrorHandler::getLastErrorAndClear@4 (line 126)
                      ; - org.gradle.internal.classloader.TransformErrorHandler::enterClassLoadingScope@1 (line 68)
                      ; - org.gradle.internal.classloader.VisitableURLClassLoader$InstrumentingVisitableURLClassLoader::findClass@5 (line 186)
  0x000002772ec793a8: 54d5 41ff | bae4 ffff | ff48 8bac | 2480 0000 | 004c 8b5c | 2458 4c89 | 5c24 2844 | 8b4c 2450 
  0x000002772ec793c8: 4489 4c24 | 3448 895c | 2448 4489 | 5424 5044 | 8944 2458 | 897c 245c 

  0x000002772ec793e0: ;   {runtime_call UncommonTrapBlob}
  0x000002772ec793e0: c5f8 77e8 

  0x000002772ec793e4: ; ImmutableOopMap {rbp=Oop [40]=Oop [52]=NarrowOop [56]=NarrowOop [72]=Oop [88]=NarrowOop }
                      ;*aaload {reexecute=0 rethrow=0 return_oop=0}
                      ; - java.lang.ThreadLocal$ThreadLocalMap::set@76 (line 486)
                      ; - java.lang.ThreadLocal::setInitialValue@22 (line 199)
                      ; - java.lang.ThreadLocal::get@34 (line 172)
                      ; - org.gradle.internal.classloader.TransformErrorHandler::getLastErrorAndClear@4 (line 126)
                      ; - org.gradle.internal.classloader.TransformErrorHandler::enterClassLoadingScope@1 (line 68)
                      ; - org.gradle.internal.classloader.VisitableURLClassLoader$InstrumentingVisitableURLClassLoader::findClass@5 (line 186)
  0x000002772ec793e4: 18d5 41ff | bade ffff | ff66 6690 

  0x000002772ec793f0: ;   {runtime_call UncommonTrapBlob}
  0x000002772ec793f0: c5f8 77e8 

  0x000002772ec793f4: ; ImmutableOopMap {rbp=NarrowOop [88]=Oop [128]=Oop }
                      ;*checkcast {reexecute=0 rethrow=0 return_oop=0}
                      ; - org.gradle.internal.classloader.TransformErrorHandler::getLastErrorAndClear@7 (line 126)
                      ; - org.gradle.internal.classloader.TransformErrorHandler::enterClassLoadingScope@1 (line 68)
                      ; - org.gradle.internal.classloader.VisitableURLClassLoader$InstrumentingVisitableURLClassLoader::findClass@5 (line 186)
  0x000002772ec793f4: 08d5 41ff | ba76 ffff | ff48 895c | 2430 4c89 | 7424 384c | 894c 2448 | 8944 2450 | 4c89 7424 
  0x000002772ec79414: 5844 896c | 2454 6690 

  0x000002772ec7941c: ;   {runtime_call UncommonTrapBlob}
  0x000002772ec7941c: c5f8 77e8 

  0x000002772ec79420: ; ImmutableOopMap {[48]=Oop [56]=Oop [72]=Oop [84]=NarrowOop [88]=Oop [128]=Oop }
                      ;*if_icmpge {reexecute=1 rethrow=0 return_oop=0}
                      ; - (reexecute) java.lang.StringLatin1::replace@82 (line 317)
                      ; - java.lang.String::replace@18 (line 2808)
                      ; - java.net.URLClassLoader$1::run@8 (line 423)
                      ; - java.net.URLClassLoader$1::run@1 (line 421)
                      ; - java.security.AccessController::executePrivileged@29 (line 814)
                      ; - java.security.AccessController::doPrivileged@13 (line 712)
                      ; - java.net.URLClassLoader::findClass@13 (line 420)
                      ; - org.gradle.internal.classloader.VisitableURLClassLoader$InstrumentingVisitableURLClassLoader::findClass@10 (line 189)
  0x000002772ec79420: dcd4 41ff | baf6 ffff | ff66 6690 

  0x000002772ec7942c: ;   {runtime_call UncommonTrapBlob}
  0x000002772ec7942c: c5f8 77e8 

  0x000002772ec79430: ; ImmutableOopMap {rbp=Oop }
                      ;*invokevirtual exitClassLoadingScopeWithException {reexecute=0 rethrow=0 return_oop=0}
                      ; - org.gradle.internal.classloader.VisitableURLClassLoader$InstrumentingVisitableURLClassLoader::findClass@23 (line 191)
  0x000002772ec79430: ccd4 41ff | baf6 ffff | ff66 6690 

  0x000002772ec7943c: ;   {runtime_call UncommonTrapBlob}
  0x000002772ec7943c: c5f8 77e8 

  0x000002772ec79440: ; ImmutableOopMap {}
                      ;*athrow {reexecute=1 rethrow=0 return_oop=0}
                      ; - (reexecute) org.gradle.internal.classloader.VisitableURLClassLoader$InstrumentingVisitableURLClassLoader::findClass@26 (line 191)
  0x000002772ec79440: bcd4 41ff | 4585 db40 | 0f95 c540 | 0fb6 ed83 | f501 ba45 | ffff ff48 | 895c 2430 | 4c89 7424 
  0x000002772ec79460: 384c 8974 | 2440 6690 

  0x000002772ec79468: ;   {runtime_call UncommonTrapBlob}
  0x000002772ec79468: c5f8 77e8 

  0x000002772ec7946c: ; ImmutableOopMap {[48]=Oop [56]=Oop [64]=Oop [128]=Oop }
                      ;*ifeq {reexecute=1 rethrow=0 return_oop=0}
                      ; - (reexecute) java.lang.String::replace@9 (line 2808)
                      ; - java.net.URLClassLoader$1::run@8 (line 423)
                      ; - java.net.URLClassLoader$1::run@1 (line 421)
                      ; - java.security.AccessController::executePrivileged@29 (line 814)
                      ; - java.security.AccessController::doPrivileged@13 (line 712)
                      ; - java.net.URLClassLoader::findClass@13 (line 420)
                      ; - org.gradle.internal.classloader.VisitableURLClassLoader$InstrumentingVisitableURLClassLoader::findClass@10 (line 189)
  0x000002772ec7946c: 90d4 41ff | 498b d7c5 | f877 49ba | a08b 8890 | fd7f 0000 | 41ff d2e9 | 0dd3 ffff | 498b d7c5 
  0x000002772ec7948c: f877 49ba | a08b 8890 | fd7f 0000 | 41ff d2e9 | add2 ffff | ba45 ffff | ff48 8b5c | 2458 4889 
  0x000002772ec794ac: 5c24 304c | 895c 2438 | 4c89 4c24 | 4089 4c24 | 4844 8954 | 244c 897c | 2454 4489 | 4424 5890 
  0x000002772ec794cc: ;   {runtime_call UncommonTrapBlob}
  0x000002772ec794cc: c5f8 77e8 

  0x000002772ec794d0: ; ImmutableOopMap {rbp=NarrowOop [48]=Oop [56]=Oop [64]=Oop [80]=NarrowOop [84]=NarrowOop [88]=NarrowOop [128]=Oop }
                      ;*ifnull {reexecute=1 rethrow=0 return_oop=0}
                      ; - (reexecute) java.lang.ThreadLocal$ThreadLocalMap::remove@26 (line 512)
                      ; - java.lang.ThreadLocal::remove@14 (line 242)
                      ; - org.gradle.internal.classloader.TransformErrorHandler::getLastErrorAndClear@15 (line 127)
                      ; - org.gradle.internal.classloader.TransformErrorHandler::enterClassLoadingScope@1 (line 68)
                      ; - org.gradle.internal.classloader.VisitableURLClassLoader$InstrumentingVisitableURLClassLoader::findClass@5 (line 186)
  0x000002772ec794d0: 2cd4 41ff | ba45 ffff | ff4c 8b54 | 2458 4c89 | 5424 3044 | 8944 2440 

  0x000002772ec794e8: ;   {runtime_call UncommonTrapBlob}
  0x000002772ec794e8: c5f8 77e8 

  0x000002772ec794ec: ; ImmutableOopMap {rbp=NarrowOop [48]=Oop [64]=NarrowOop [88]=Oop [128]=Oop }
                      ;*ifnull {reexecute=1 rethrow=0 return_oop=0}
                      ; - (reexecute) java.security.AccessController::checkContext@3 (line 725)
                      ; - java.security.AccessController::doPrivileged@6 (line 710)
                      ; - java.net.URLClassLoader::findClass@13 (line 420)
                      ; - org.gradle.internal.classloader.VisitableURLClassLoader$InstrumentingVisitableURLClassLoader::findClass@10 (line 189)
  0x000002772ec794ec: 10d4 41ff | baf6 ffff | ff66 6690 

  0x000002772ec794f8: ;   {runtime_call UncommonTrapBlob}
  0x000002772ec794f8: c5f8 77e8 

  0x000002772ec794fc: ; ImmutableOopMap {rbp=Oop }
                      ;*invokevirtual exitClassLoadingScope {reexecute=0 rethrow=0 return_oop=0}
                      ; - org.gradle.internal.classloader.VisitableURLClassLoader$InstrumentingVisitableURLClassLoader::findClass@31 (line 193)
  0x000002772ec794fc: 00d4 41ff | ba76 ffff | ff48 895c | 2430 4c89 | 7424 3889 | 4424 404c | 894c 2448 | 4c89 7424 
  0x000002772ec7951c: 5044 896c | 2460 6690 

  0x000002772ec79524: ;   {runtime_call UncommonTrapBlob}
  0x000002772ec79524: c5f8 77e8 

  0x000002772ec79528: ; ImmutableOopMap {[48]=Oop [56]=Oop [72]=Oop [80]=Oop [96]=NarrowOop [128]=Oop }
                      ;*if_icmpge {reexecute=1 rethrow=0 return_oop=0}
                      ; - (reexecute) java.lang.StringLatin1::replace@61 (line 314)
                      ; - java.lang.String::replace@18 (line 2808)
                      ; - java.net.URLClassLoader$1::run@8 (line 423)
                      ; - java.net.URLClassLoader$1::run@1 (line 421)
                      ; - java.security.AccessController::executePrivileged@29 (line 814)
                      ; - java.security.AccessController::doPrivileged@13 (line 712)
                      ; - java.net.URLClassLoader::findClass@13 (line 420)
                      ; - org.gradle.internal.classloader.VisitableURLClassLoader$InstrumentingVisitableURLClassLoader::findClass@10 (line 189)
  0x000002772ec79528: d4d3 41ff | be01 0000 | 00e9 5dca | ffff bade | ffff ff48 | 8bac 2480 | 0000 004c | 8b44 2430 
  0x000002772ec79548: 4c89 4424 | 284c 896c | 2430 4889 | 7424 404c | 8b44 2460 | 4c89 4424 | 4848 8974 | 2450 4889 
  0x000002772ec79568: 7c24 7844 | 8994 2480 | 0000 0044 | 899c 2484 | 0000 0090 

  0x000002772ec7957c: ;   {runtime_call UncommonTrapBlob}
  0x000002772ec7957c: c5f8 77e8 

  0x000002772ec79580: ; ImmutableOopMap {rbp=Oop [40]=Oop [48]=Oop [64]=Oop [80]=Oop [120]=Oop [128]=NarrowOop [132]=NarrowOop [272]=Oop [280]=Oop }
                      ;*invokeinterface ensureInitialization {reexecute=0 rethrow=0 return_oop=0}
                      ; - jdk.internal.loader.URLClassPath$JarLoader$2::getManifest@10 (line 885)
                      ; - java.net.URLClassLoader::defineClass@34 (line 491)
                      ; - java.net.URLClassLoader$1::run@43 (line 427)
                      ; - java.net.URLClassLoader$1::run@1 (line 421)
                      ; - java.security.AccessController::executePrivileged@29 (line 814)
                      ; - java.security.AccessController::doPrivileged@13 (line 712)
                      ; - java.net.URLClassLoader::findClass@13 (line 420)
                      ; - org.gradle.internal.classloader.VisitableURLClassLoader$InstrumentingVisitableURLClassLoader::findClass@10 (line 189)
  0x000002772ec79580: 7cd3 41ff | 4c89 4424 | 5044 895c | 243c 4889 | 7c24 4844 | 8b54 2420 | 4489 5424 | 384c 896c 
  0x000002772ec795a0: 2428 4889 | 7424 2049 | 8bd0 4c8d | 8424 3001 | 0000 6690 

  0x000002772ec795b4: ;   {runtime_call _complete_monitor_locking_Java}
  0x000002772ec795b4: c5f8 77e8 

  0x000002772ec795b8: ; ImmutableOopMap {[32]=Oop [40]=Oop [48]=Oop [60]=NarrowOop [72]=Oop [80]=Oop [128]=Oop [272]=Oop [280]=Oop }
                      ;*synchronization entry
                      ; - java.util.jar.JarFile::ensureInitialization@-1 (line 1031)
                      ; - java.util.jar.JavaUtilJarAccessImpl::ensureInitialization@1 (line 72)
                      ; - jdk.internal.loader.URLClassPath$JarLoader$2::getManifest@10 (line 885)
                      ; - java.net.URLClassLoader::defineClass@34 (line 491)
                      ; - java.net.URLClassLoader$1::run@43 (line 427)
                      ; - java.net.URLClassLoader$1::run@1 (line 421)
                      ; - java.security.AccessController::executePrivileged@29 (line 814)
                      ; - java.security.AccessController::doPrivileged@13 (line 712)
                      ; - java.net.URLClassLoader::findClass@13 (line 420)
                      ; - org.gradle.internal.classloader.VisitableURLClassLoader$InstrumentingVisitableURLClassLoader::findClass@10 (line 189)
  0x000002772ec795b8: 4490 4cff | 488b 7424 | 204c 8b6c | 2428 448b | 5c24 3844 | 895c 2420 | 488b 7c24 | 4844 8b5c 
  0x000002772ec795d8: 243c 4c8b | 4424 50e9 | f6c3 ffff | 498b c848 | 8d94 2430 | 0100 004d | 8bc7 c5f8 | 7749 ba90 
  0x000002772ec795f8: d8c9 90fd | 7f00 0041 | ffd2 e992 | c4ff ffba | deff ffff | 4c89 6c24 | 3848 8974 | 2448 4c8b 
  0x000002772ec79618: 5424 604c | 8954 2450 | 4889 7424 | 5848 897c | 2468 6690 

  0x000002772ec7962c: ;   {runtime_call UncommonTrapBlob}
  0x000002772ec7962c: c5f8 77e8 

  0x000002772ec79630: ; ImmutableOopMap {rbp=NarrowOop [48]=Oop [56]=Oop [72]=Oop [88]=Oop [104]=Oop [128]=Oop [272]=Oop [280]=Oop }
                      ;*invokevirtual getManifest {reexecute=0 rethrow=0 return_oop=0}
                      ; - jdk.internal.loader.URLClassPath$JarLoader$2::getManifest@22 (line 886)
                      ; - java.net.URLClassLoader::defineClass@34 (line 491)
                      ; - java.net.URLClassLoader$1::run@43 (line 427)
                      ; - java.net.URLClassLoader$1::run@1 (line 421)
                      ; - java.security.AccessController::executePrivileged@29 (line 814)
                      ; - java.security.AccessController::doPrivileged@13 (line 712)
                      ; - java.net.URLClassLoader::findClass@13 (line 420)
                      ; - org.gradle.internal.classloader.VisitableURLClassLoader$InstrumentingVisitableURLClassLoader::findClass@10 (line 189)
  0x000002772ec79630: ccd2 41ff | ba45 ffff | ff48 895c | 2428 4c89 | 7424 304c | 895c 2440 | 4889 4424 | 4844 8954 
  0x000002772ec79650: 2450 6690 

  0x000002772ec79654: ;   {runtime_call UncommonTrapBlob}
  0x000002772ec79654: c5f8 77e8 

  0x000002772ec79658: ; ImmutableOopMap {[40]=Oop [48]=Oop [64]=Oop [128]=Oop }
                      ;*iflt {reexecute=1 rethrow=0 return_oop=0}
                      ; - (reexecute) java.lang.StringConcatHelper::checkOverflow@2 (line 54)
                      ; - java.lang.StringConcatHelper::mix@23 (line 138)
                      ; - java.lang.StringConcatHelper::simpleConcat@46 (line 419)
                      ; - java.lang.String::concat@11 (line 2774)
                      ; - java.net.URLClassLoader$1::run@13 (line 423)
                      ; - java.net.URLClassLoader$1::run@1 (line 421)
                      ; - java.security.AccessController::executePrivileged@29 (line 814)
                      ; - java.security.AccessController::doPrivileged@13 (line 712)
                      ; - java.net.URLClassLoader::findClass@13 (line 420)
                      ; - org.gradle.internal.classloader.VisitableURLClassLoader$InstrumentingVisitableURLClassLoader::findClass@10 (line 189)
  0x000002772ec79658: a4d2 41ff | ba45 ffff | ff48 895c | 2430 4c89 | 7424 384c | 895c 2448 | 4489 4424 | 5066 6690 
  0x000002772ec79678: ;   {runtime_call UncommonTrapBlob}
  0x000002772ec79678: c5f8 77e8 

  0x000002772ec7967c: ; ImmutableOopMap {[48]=Oop [56]=Oop [72]=Oop [128]=Oop }
                      ;*iflt {reexecute=1 rethrow=0 return_oop=0}
                      ; - (reexecute) java.lang.StringConcatHelper::checkOverflow@2 (line 54)
                      ; - java.lang.StringConcatHelper::mix@23 (line 138)
                      ; - java.lang.StringConcatHelper::simpleConcat@54 (line 420)
                      ; - java.lang.String::concat@11 (line 2774)
                      ; - java.net.URLClassLoader$1::run@13 (line 423)
                      ; - java.net.URLClassLoader$1::run@1 (line 421)
                      ; - java.security.AccessController::executePrivileged@29 (line 814)
                      ; - java.security.AccessController::doPrivileged@13 (line 712)
                      ; - java.net.URLClassLoader::findClass@13 (line 420)
                      ; - org.gradle.internal.classloader.VisitableURLClassLoader$InstrumentingVisitableURLClassLoader::findClass@10 (line 189)
  0x000002772ec7967c: 80d2 41ff | ba45 ffff | ff48 895c | 2428 4c89 | 7424 304c | 895c 2448 | 4889 7c24 | 5044 896c 
  0x000002772ec7969c: 2458 6690 

  0x000002772ec796a0: ;   {runtime_call UncommonTrapBlob}
  0x000002772ec796a0: c5f8 77e8 

  0x000002772ec796a4: ; ImmutableOopMap {[40]=Oop [48]=Oop [72]=Oop [80]=Oop [128]=Oop }
                      ;*if_icmpne {reexecute=1 rethrow=0 return_oop=0}
                      ; - (reexecute) java.lang.String::getBytes@5 (line 4458)
                      ; - java.lang.StringConcatHelper::prepend@21 (line 354)
                      ; - java.lang.StringConcatHelper::simpleConcat@81 (line 425)
                      ; - java.lang.String::concat@11 (line 2774)
                      ; - java.net.URLClassLoader$1::run@13 (line 423)
                      ; - java.net.URLClassLoader$1::run@1 (line 421)
                      ; - java.security.AccessController::executePrivileged@29 (line 814)
                      ; - java.security.AccessController::doPrivileged@13 (line 712)
                      ; - java.net.URLClassLoader::findClass@13 (line 420)
                      ; - org.gradle.internal.classloader.VisitableURLClassLoader$InstrumentingVisitableURLClassLoader::findClass@10 (line 189)
  0x000002772ec796a4: 58d2 41ff | ba45 ffff | ff48 895c | 2428 4c89 | 7424 304c | 895c 2440 | 4889 4424 | 4844 896c 
  0x000002772ec796c4: 2450 6690 

  0x000002772ec796c8: ;   {runtime_call UncommonTrapBlob}
  0x000002772ec796c8: c5f8 77e8 

  0x000002772ec796cc: ; ImmutableOopMap {[40]=Oop [48]=Oop [64]=Oop [128]=Oop }
                      ;*if_icmpne {reexecute=1 rethrow=0 return_oop=0}
                      ; - (reexecute) java.lang.StringConcatHelper::mix@13 (line 135)
                      ; - java.lang.StringConcatHelper::simpleConcat@46 (line 419)
                      ; - java.lang.String::concat@11 (line 2774)
                      ; - java.net.URLClassLoader$1::run@13 (line 423)
                      ; - java.net.URLClassLoader$1::run@1 (line 421)
                      ; - java.security.AccessController::executePrivileged@29 (line 814)
                      ; - java.security.AccessController::doPrivileged@13 (line 712)
                      ; - java.net.URLClassLoader::findClass@13 (line 420)
                      ; - org.gradle.internal.classloader.VisitableURLClassLoader$InstrumentingVisitableURLClassLoader::findClass@10 (line 189)
  0x000002772ec796cc: 30d2 41ff | ba45 ffff | ff48 895c | 2430 4c89 | 7424 384c | 895c 2448 | 4489 4424 | 5466 6690 
  0x000002772ec796ec: ;   {runtime_call UncommonTrapBlob}
  0x000002772ec796ec: c5f8 77e8 

  0x000002772ec796f0: ; ImmutableOopMap {[48]=Oop [56]=Oop [72]=Oop [128]=Oop }
                      ;*ifge {reexecute=1 rethrow=0 return_oop=0}
                      ; - (reexecute) java.lang.StringConcatHelper::newArray@13 (line 494)
                      ; - java.lang.StringConcatHelper::simpleConcat@61 (line 421)
                      ; - java.lang.String::concat@11 (line 2774)
                      ; - java.net.URLClassLoader$1::run@13 (line 423)
                      ; - java.net.URLClassLoader$1::run@1 (line 421)
                      ; - java.security.AccessController::executePrivileged@29 (line 814)
                      ; - java.security.AccessController::doPrivileged@13 (line 712)
                      ; - java.net.URLClassLoader::findClass@13 (line 420)
                      ; - org.gradle.internal.classloader.VisitableURLClassLoader$InstrumentingVisitableURLClassLoader::findClass@10 (line 189)
  0x000002772ec796f0: 0cd2 41ff | 4889 8424 | f000 0000 | e992 e7ff | ff4d 63ca | e9fc c0ff | ff49 83c1 | fe49 8bc9 
  0x000002772ec79710: 498b f848 | 33c0 4883 | f908 7f10 | 48ff c978 | 4f48 8904 | cf48 ffc9 | 7df7 eb44 | c5fd efc0 
  0x000002772ec79730: e90d 0000 | 00c5 fe7f | 07c5 fe7f | 4720 4883 | c740 4883 | e908 7ded | 4883 c104 | 7c0c c5fe 
  0x000002772ec79750: 7f07 4883 | c720 4883 | e904 4883 | c104 7e10 | 48ff c9c5 | f9d6 0748 | 83c7 0848 | ffc9 7df3 
  0x000002772ec79770: e975 c1ff | ffba ccff | ffff 488b | ac24 8000 | 0000 4c8b | 4424 304c | 8944 2428 | 4889 7424 
  0x000002772ec79790: 404c 896c | 2448 4c8b | 4424 604c | 8944 2450 | 4489 5424 | 5c48 8974 | 2460 4889 | 9c24 8000 
  0x000002772ec797b0: 0000 4489 | 9c24 8800 | 0000 6690 

  0x000002772ec797bc: ;   {runtime_call UncommonTrapBlob}
  0x000002772ec797bc: c5f8 77e8 

  0x000002772ec797c0: ; ImmutableOopMap {rbp=Oop [40]=Oop [64]=Oop [72]=Oop [96]=Oop [128]=Oop [136]=NarrowOop [272]=Oop }
                      ;*newarray {reexecute=1 rethrow=0 return_oop=0}
                      ; - (reexecute) java.util.Arrays::copyOfRange@41 (line 3822)
                      ; - java.lang.StringLatin1::newString@16 (line 769)
                      ; - java.lang.String::substring@41 (line 2714)
                      ; - java.net.URLClassLoader::defineClass@28 (line 489)
                      ; - java.net.URLClassLoader$1::run@43 (line 427)
                      ; - java.net.URLClassLoader$1::run@1 (line 421)
                      ; - java.security.AccessController::executePrivileged@29 (line 814)
                      ; - java.security.AccessController::doPrivileged@13 (line 712)
                      ; - java.net.URLClassLoader::findClass@13 (line 420)
                      ; - org.gradle.internal.classloader.VisitableURLClassLoader$InstrumentingVisitableURLClassLoader::findClass@10 (line 189)
  0x000002772ec797c0: 3cd1 41ff | 4c8b d949 | c1e3 034d | 85db 400f | 95c5 400f | b6ed 83f5 | 01ba 45ff | ffff 4c8b 
  0x000002772ec797e0: 5c24 584c | 895c 2430 | 448b 4c24 | 5045 8bd9 | 4489 5c24 | 4048 895c | 2450 4489 | 4424 4444 
  0x000002772ec79800: 8954 2458 | 897c 245c 

  0x000002772ec79808: ;   {runtime_call UncommonTrapBlob}
  0x000002772ec79808: c5f8 77e8 

  0x000002772ec7980c: ; ImmutableOopMap {[48]=Oop [56]=NarrowOop [64]=NarrowOop [68]=NarrowOop [80]=Oop [128]=Oop }
                      ;*ifeq {reexecute=1 rethrow=0 return_oop=0}
                      ; - (reexecute) java.lang.ThreadLocal$ThreadLocalMap::set@53 (line 492)
                      ; - java.lang.ThreadLocal::setInitialValue@22 (line 199)
                      ; - java.lang.ThreadLocal::get@34 (line 172)
                      ; - org.gradle.internal.classloader.TransformErrorHandler::getLastErrorAndClear@4 (line 126)
                      ; - org.gradle.internal.classloader.TransformErrorHandler::enterClassLoadingScope@1 (line 68)
                      ; - org.gradle.internal.classloader.VisitableURLClassLoader$InstrumentingVisitableURLClassLoader::findClass@5 (line 186)
  0x000002772ec7980c: f0d0 41ff | bae4 ffff | ff48 8bac | 2480 0000 | 004c 8b5c | 2458 4c89 | 5c24 2844 | 8b5c 2450 
  0x000002772ec7982c: 4489 5c24 | 3448 895c | 2448 4489 | 5424 5044 | 8944 2458 | 897c 245c 

  0x000002772ec79844: ;   {runtime_call UncommonTrapBlob}
  0x000002772ec79844: c5f8 77e8 

  0x000002772ec79848: ; ImmutableOopMap {rbp=Oop [40]=Oop [52]=NarrowOop [56]=NarrowOop [72]=Oop [88]=NarrowOop }
                      ;*aaload {reexecute=0 rethrow=0 return_oop=0}
                      ; - java.lang.ThreadLocal$ThreadLocalMap::set@23 (line 484)
                      ; - java.lang.ThreadLocal::setInitialValue@22 (line 199)
                      ; - java.lang.ThreadLocal::get@34 (line 172)
                      ; - org.gradle.internal.classloader.TransformErrorHandler::getLastErrorAndClear@4 (line 126)
                      ; - org.gradle.internal.classloader.TransformErrorHandler::enterClassLoadingScope@1 (line 68)
                      ; - org.gradle.internal.classloader.VisitableURLClassLoader$InstrumentingVisitableURLClassLoader::findClass@5 (line 186)
  0x000002772ec79848: b4d0 41ff 

  0x000002772ec7984c: ;   {metadata('java/util/zip/ZipFile$ZipFileInputStream')}
  0x000002772ec7984c: 4181 fb98 | dd26 000f | 854b 2800 | 004c 8b9c | 24f8 0000 | 0045 0fb6 | 4b0c 4585 | c90f 8538 
  0x000002772ec7986c: e4ff ff41 | c643 0c01 | f083 4424 | c000 458b | 4330 4d89 | 6320 478b | 4cc4 1843 | 8b4c cc0c 
  0x000002772ec7988c: 85c9 0f84 | 6828 0000 | 498d 3ccc | 488d 9c24 | 3801 0000 | 488b 0748 | f7c0 0200 | 0000 7524 
  0x000002772ec798ac: 4883 c801 | 4889 03f0 | 480f b11f | 0f84 3e00 | 0000 482b | c448 81e0 | 07f0 ffff | 4889 03e9 
  0x000002772ec798cc: 2c00 0000 | 4c8b c048 | 33c0 f04d | 0fb1 783e | 48c7 0303 | 0000 000f | 8413 0000 | 004c 3bf8 
  0x000002772ec798ec: 0f85 0a00 | 0000 49ff | 8086 0000 | 0048 33c0 | 0f85 5a28 | 0000 458b | 4b30 478b | 44cc 1843 
  0x000002772ec7990c: 8b6c c40c 

  0x000002772ec79910: ; implicit exception: dispatches to 0x000002772ec7cfdc
  0x000002772ec79910: 458b 4cec 

  0x000002772ec79914: ;   {metadata('java/util/Collections$SetFromMap')}
  0x000002772ec79914: 0841 81f9 | d853 1d00 | 0f85 7428 | 0000 4889 | 7c24 504c | 8954 2438 | 498d 14ec | 4d8b c390 
  0x000002772ec79934: ;   {optimized virtual_call}
  0x000002772ec79934: c5f8 77e8 

  0x000002772ec79938: ; ImmutableOopMap {[40]=Oop [48]=Oop [56]=Oop [72]=Oop [80]=Oop [88]=Oop [104]=Oop [112]=NarrowOop [128]=Oop [144]=Oop [272]=Oop [280]=Oop }
                      ;*invokeinterface remove {reexecute=0 rethrow=0 return_oop=0}
                      ; - java.util.zip.ZipFile$ZipFileInputStream::close@42 (line 1011)
                      ; - java.util.jar.JarFile::getManifestFromReference@152 (line 434)
                      ; - java.util.jar.JarFile::getManifest@1 (line 406)
                      ; - java.util.jar.JarFile::maybeInstantiateVerifier@31 (line 725)
                      ; - java.util.jar.JarFile::ensureInitialization@1 (line 1031)
                      ; - java.util.jar.JavaUtilJarAccessImpl::ensureInitialization@1 (line 72)
                      ; - jdk.internal.loader.URLClassPath$JarLoader$2::getManifest@10 (line 885)
                      ; - java.net.URLClassLoader::defineClass@34 (line 491)
                      ; - java.net.URLClassLoader$1::run@43 (line 427)
                      ; - java.net.URLClassLoader$1::run@1 (line 421)
                      ; - java.security.AccessController::executePrivileged@29 (line 814)
                      ; - java.security.AccessController::doPrivileged@13 (line 712)
                      ; - java.net.URLClassLoader::findClass@13 (line 420)
                      ; - org.gradle.internal.classloader.VisitableURLClassLoader$InstrumentingVisitableURLClassLoader::findClass@10 (line 189)
  0x000002772ec79938: 447a 41ff | 4c8b 5c24 | 5048 8d84 | 2438 0100 | 0048 8138 | 0000 0000 | 0f84 8300 | 0000 4d8b 
  0x000002772ec79958: 1349 f7c2 | 0200 0000 | 746f 4981 | ba86 0000 | 0000 0000 | 0074 0949 | ff8a 8600 | 0000 eb51 
  0x000002772ec79978: 498b 8296 | 0000 0049 | 0b82 8e00 | 0000 750a | 49c7 423e | 0000 0000 | eb47 4981 | ba9e 0000 
  0x000002772ec79998: 0000 0000 | 0074 2548 | 33c0 49c7 | 423e 0000 | 0000 f083 | 0424 0049 | 81ba 9e00 | 0000 0000 
  0x000002772ec799b8: 0000 750d | f04d 0fb1 | 7a3e 7505 | 83c8 01eb | 10f7 c000 | 0000 00eb | 084c 8b10 | f04d 0fb1 
  0x000002772ec799d8: 130f 8515 | 2800 004c | 8b54 2438 | e9be e2ff | ff49 8bea | 4c8b 8424 | 9800 0000 

  0x000002772ec799f4: ;   {oop(a 'java/lang/Boolean'{0x00000007005d0be8} = true)}
  0x000002772ec799f4: 49b9 e80b | 5d00 0700 | 0000 4c8b | 5424 584c | 8954 2450 | 6690 c5f8 | 7748 b8ff | ffff ffff 
  0x000002772ec79a14: ;   {virtual_call}
  0x000002772ec79a14: ffff ffe8 

  0x000002772ec79a18: ; ImmutableOopMap {rbp=Oop [40]=Oop [48]=Oop [72]=Oop [80]=Oop [88]=Oop [104]=Oop [112]=NarrowOop [120]=Oop [128]=Oop [152]=Oop [272]=Oop [280]=Oop }
                      ;*invokeinterface put {reexecute=0 rethrow=0 return_oop=1}
                      ; - java.util.Collections$SetFromMap::add@8 (line 5685)
                      ; - java.util.zip.ZipFile::getInputStream@231 (line 396)
                      ; - java.util.jar.JarFile::getManifestFromReference@130 (line 432)
                      ; - java.util.jar.JarFile::getManifest@1 (line 406)
                      ; - java.util.jar.JarFile::maybeInstantiateVerifier@31 (line 725)
                      ; - java.util.jar.JarFile::ensureInitialization@1 (line 1031)
                      ; - java.util.jar.JavaUtilJarAccessImpl::ensureInitialization@1 (line 72)
                      ; - jdk.internal.loader.URLClassPath$JarLoader$2::getManifest@10 (line 885)
                      ; - java.net.URLClassLoader::defineClass@34 (line 491)
                      ; - java.net.URLClassLoader$1::run@43 (line 427)
                      ; - java.net.URLClassLoader$1::run@1 (line 421)
                      ; - java.security.AccessController::executePrivileged@29 (line 814)
                      ; - java.security.AccessController::doPrivileged@13 (line 712)
                      ; - java.net.URLClassLoader::findClass@13 (line 420)
                      ; - org.gradle.internal.classloader.VisitableURLClassLoader$InstrumentingVisitableURLClassLoader::findClass@10 (line 189)
  0x000002772ec79a18: 647c 41ff | e90f dfff | ff85 c940 | 0f95 c540 | 0fb6 ed83 | f501 ba45 | ffff ff48 | 8974 2448 
  0x000002772ec79a38: 4c89 6c24 | 5048 8944 | 2458 4889 | 7424 6089 | 5c24 7890 

  0x000002772ec79a4c: ;   {runtime_call UncommonTrapBlob}
  0x000002772ec79a4c: c5f8 77e8 

  0x000002772ec79a50: ; ImmutableOopMap {[48]=Oop [72]=Oop [80]=Oop [96]=Oop [128]=Oop }
                      ;*ifeq {reexecute=1 rethrow=0 return_oop=0}
                      ; - (reexecute) java.lang.String::lastIndexOf@4 (line 2489)
                      ; - java.lang.String::lastIndexOf@8 (line 2451)
                      ; - java.net.URLClassLoader::defineClass@7 (line 486)
                      ; - java.net.URLClassLoader$1::run@43 (line 427)
                      ; - java.net.URLClassLoader$1::run@1 (line 421)
                      ; - java.security.AccessController::executePrivileged@29 (line 814)
                      ; - java.security.AccessController::doPrivileged@13 (line 712)
                      ; - java.net.URLClassLoader::findClass@13 (line 420)
                      ; - org.gradle.internal.classloader.VisitableURLClassLoader$InstrumentingVisitableURLClassLoader::findClass@10 (line 189)
  0x000002772ec79a50: acce 41ff | ba45 ffff | ff48 8974 | 2448 4c89 | 6c24 504c | 8b5c 2460 | 4c89 5c24 | 5848 8974 
  0x000002772ec79a70: 2460 4489 | 5424 6c44 | 8954 2470 

  0x000002772ec79a7c: ;   {runtime_call UncommonTrapBlob}
  0x000002772ec79a7c: c5f8 77e8 

  0x000002772ec79a80: ; ImmutableOopMap {[48]=Oop [72]=Oop [80]=Oop [96]=Oop [128]=Oop [272]=Oop }
                      ;*if_icmpgt {reexecute=1 rethrow=0 return_oop=0}
                      ; - (reexecute) java.lang.String::checkBoundsBeginEnd@6 (line 4605)
                      ; - java.lang.String::substring@8 (line 2709)
                      ; - java.net.URLClassLoader::defineClass@28 (line 489)
                      ; - java.net.URLClassLoader$1::run@43 (line 427)
                      ; - java.net.URLClassLoader$1::run@1 (line 421)
                      ; - java.security.AccessController::executePrivileged@29 (line 814)
                      ; - java.security.AccessController::doPrivileged@13 (line 712)
                      ; - java.net.URLClassLoader::findClass@13 (line 420)
                      ; - org.gradle.internal.classloader.VisitableURLClassLoader$InstrumentingVisitableURLClassLoader::findClass@10 (line 189)
  0x000002772ec79a80: 7cce 41ff | ba45 ffff | ff4c 8b54 | 2428 4c89 | 5424 204c | 8b54 2430 | 4c89 5424 | 284c 8b54 
  0x000002772ec79aa0: 2460 4c89 | 5424 5048 | 8944 2478 

  0x000002772ec79aac: ;   {runtime_call UncommonTrapBlob}
  0x000002772ec79aac: c5f8 77e8 

  0x000002772ec79ab0: ; ImmutableOopMap {[32]=Oop [40]=Oop [72]=Oop [120]=Oop [128]=Oop [272]=Oop }
                      ;*ifnull {reexecute=1 rethrow=0 return_oop=0}
                      ; - (reexecute) java.net.URLClassLoader::defineClass@139 (line 512)
                      ; - java.net.URLClassLoader$1::run@43 (line 427)
                      ; - java.net.URLClassLoader$1::run@1 (line 421)
                      ; - java.security.AccessController::executePrivileged@29 (line 814)
                      ; - java.security.AccessController::doPrivileged@13 (line 712)
                      ; - java.net.URLClassLoader::findClass@13 (line 420)
                      ; - org.gradle.internal.classloader.VisitableURLClassLoader$InstrumentingVisitableURLClassLoader::findClass@10 (line 189)
  0x000002772ec79ab0: 4cce 41ff | ba45 ffff | ff48 8974 | 2448 4c89 | 6c24 504c | 8b5c 2460 | 4c89 5c24 | 5848 8974 
  0x000002772ec79ad0: 2460 4489 | 5424 6c44 | 8954 2470 

  0x000002772ec79adc: ;   {runtime_call UncommonTrapBlob}
  0x000002772ec79adc: c5f8 77e8 

  0x000002772ec79ae0: ; ImmutableOopMap {[48]=Oop [72]=Oop [80]=Oop [96]=Oop [128]=Oop [272]=Oop }
                      ;*if_icmple {reexecute=1 rethrow=0 return_oop=0}
                      ; - (reexecute) java.lang.String::checkBoundsBeginEnd@11 (line 4605)
                      ; - java.lang.String::substring@8 (line 2709)
                      ; - java.net.URLClassLoader::defineClass@28 (line 489)
                      ; - java.net.URLClassLoader$1::run@43 (line 427)
                      ; - java.net.URLClassLoader$1::run@1 (line 421)
                      ; - java.security.AccessController::executePrivileged@29 (line 814)
                      ; - java.security.AccessController::doPrivileged@13 (line 712)
                      ; - java.net.URLClassLoader::findClass@13 (line 420)
                      ; - org.gradle.internal.classloader.VisitableURLClassLoader$InstrumentingVisitableURLClassLoader::findClass@10 (line 189)
  0x000002772ec79ae0: 1cce 41ff | bae4 ffff | ff4c 8b54 | 2458 4c89 | 5424 3044 | 8b5c 2450 | 4489 5c24 | 4048 895c 
  0x000002772ec79b00: 2448 4489 | 4424 5089 | 7c24 5490 

  0x000002772ec79b0c: ;   {runtime_call UncommonTrapBlob}
  0x000002772ec79b0c: c5f8 77e8 

  0x000002772ec79b10: ; ImmutableOopMap {rbp=Oop [48]=Oop [56]=NarrowOop [64]=NarrowOop [72]=Oop [80]=NarrowOop [88]=Oop [128]=Oop }
                      ;*aastore {reexecute=1 rethrow=0 return_oop=0}
                      ; - (reexecute) java.lang.ThreadLocal$ThreadLocalMap::set@94 (line 498)
                      ; - java.lang.ThreadLocal::setInitialValue@22 (line 199)
                      ; - java.lang.ThreadLocal::get@34 (line 172)
                      ; - org.gradle.internal.classloader.TransformErrorHandler::getLastErrorAndClear@4 (line 126)
                      ; - org.gradle.internal.classloader.TransformErrorHandler::enterClassLoadingScope@1 (line 68)
                      ; - org.gradle.internal.classloader.VisitableURLClassLoader$InstrumentingVisitableURLClassLoader::findClass@5 (line 186)
  0x000002772ec79b10: eccd 41ff | 85ed 0f84 | 52d0 ffff | 4d8b 5720 | 488b cd48 | c1e1 034d | 85d2 0f84 | 741a 0000 
  0x000002772ec79b30: 4d8b 5f30 | 4b89 4c13 | f849 83c2 | f84d 8957 | 20e9 28d0 | ffff 4c8b | 4424 78e9 | b1d5 ffff 
  0x000002772ec79b50: 470f b65c | ec11 4585 | db0f 85f5 | 1900 0048 | 8b54 2438 

  0x000002772ec79b64: ;   {optimized virtual_call}
  0x000002772ec79b64: c5f8 77e8 

  0x000002772ec79b68: ; ImmutableOopMap {[40]=Oop [48]=Oop [56]=Oop [72]=Oop [80]=Oop [88]=Oop [104]=Oop [112]=NarrowOop [116]=NarrowOop [120]=Oop [128]=Oop [136]=NarrowOop [140]=NarrowOop [272]=Oop [280]=Oop }
                      ;*invokevirtual isLatin1 {reexecute=0 rethrow=0 return_oop=0}
                      ; - java.lang.String::hashCode@17 (line 2344)
                      ; - java.util.zip.ZipCoder::hash@1 (line 128)
                      ; - java.util.zip.ZipFile$Source::getEntryPos@10 (line 1781)
                      ; - java.util.zip.ZipFile::getInputStream@63 (line 372)
                      ; - java.util.jar.JarFile::getManifestFromReference@130 (line 432)
                      ; - java.util.jar.JarFile::getManifest@1 (line 406)
                      ; - java.util.jar.JarFile::maybeInstantiateVerifier@31 (line 725)
                      ; - java.util.jar.JarFile::ensureInitialization@1 (line 1031)
                      ; - java.util.jar.JavaUtilJarAccessImpl::ensureInitialization@1 (line 72)
                      ; - jdk.internal.loader.URLClassPath$JarLoader$2::getManifest@10 (line 885)
                      ; - java.net.URLClassLoader::defineClass@34 (line 491)
                      ; - java.net.URLClassLoader$1::run@43 (line 427)
                      ; - java.net.URLClassLoader$1::run@1 (line 421)
                      ; - java.security.AccessController::executePrivileged@29 (line 814)
                      ; - java.security.AccessController::doPrivileged@13 (line 712)
                      ; - java.net.URLClassLoader::findClass@13 (line 420)
                      ; - org.gradle.internal.classloader.VisitableURLClassLoader$InstrumentingVisitableURLClassLoader::findClass@10 (line 189)
  0x000002772ec79b68: 1478 41ff | 85c0 0f84 | a326 0000 | 448b 9c24 | 8c00 0000 | 478b 54dc | 1449 8bd2 | 48c1 e203 
  0x000002772ec79b88: ;   {static_call}
  0x000002772ec79b88: c5f8 77e8 

  0x000002772ec79b8c: ; ImmutableOopMap {[40]=Oop [48]=Oop [56]=Oop [72]=Oop [80]=Oop [88]=Oop [104]=Oop [112]=NarrowOop [116]=NarrowOop [120]=Oop [128]=Oop [136]=NarrowOop [140]=NarrowOop [272]=Oop [280]=Oop }
                      ;*invokestatic hashCode {reexecute=0 rethrow=0 return_oop=0}
                      ; - java.lang.String::hashCode@27 (line 2344)
                      ; - java.util.zip.ZipCoder::hash@1 (line 128)
                      ; - java.util.zip.ZipFile$Source::getEntryPos@10 (line 1781)
                      ; - java.util.zip.ZipFile::getInputStream@63 (line 372)
                      ; - java.util.jar.JarFile::getManifestFromReference@130 (line 432)
                      ; - java.util.jar.JarFile::getManifest@1 (line 406)
                      ; - java.util.jar.JarFile::maybeInstantiateVerifier@31 (line 725)
                      ; - java.util.jar.JarFile::ensureInitialization@1 (line 1031)
                      ; - java.util.jar.JavaUtilJarAccessImpl::ensureInitialization@1 (line 72)
                      ; - jdk.internal.loader.URLClassPath$JarLoader$2::getManifest@10 (line 885)
                      ; - java.net.URLClassLoader::defineClass@34 (line 491)
                      ; - java.net.URLClassLoader$1::run@43 (line 427)
                      ; - java.net.URLClassLoader$1::run@1 (line 421)
                      ; - java.security.AccessController::executePrivileged@29 (line 814)
                      ; - java.security.AccessController::doPrivileged@13 (line 712)
                      ; - java.net.URLClassLoader::findClass@13 (line 420)
                      ; - org.gradle.internal.classloader.VisitableURLClassLoader$InstrumentingVisitableURLClassLoader::findClass@10 (line 189)
  0x000002772ec79b8c: f07d 41ff | 85c0 0f84 | 301a 0000 | 448b 9c24 | 8c00 0000 | 4389 44dc | 0c89 8424 | 9000 0000 
  0x000002772ec79bac: e92e d7ff | ffba e4ff | ffff 4c8b | 5424 584c | 8954 2428 | 4c8b 5424 | 384c 8954 | 2430 4489 
  0x000002772ec79bcc: 5c24 3c44 | 8b54 2450 | 4489 5424 | 4048 8944 | 24f8 8b44 | 244c 8944 | 2444 488b | 4424 f844 
  0x000002772ec79bec: 8974 2450 

  0x000002772ec79bf0: ;   {runtime_call UncommonTrapBlob}
  0x000002772ec79bf0: c5f8 77e8 

  0x000002772ec79bf4: ; ImmutableOopMap {[40]=Oop [48]=Oop [64]=NarrowOop [68]=NarrowOop [80]=NarrowOop [88]=Oop [128]=Oop }
                      ;*aaload {reexecute=0 rethrow=0 return_oop=0}
                      ; - java.lang.ThreadLocal$ThreadLocalMap::expungeStaleEntry@39 (line 617)
                      ; - java.lang.ThreadLocal$ThreadLocalMap::remove@46 (line 516)
                      ; - java.lang.ThreadLocal::remove@14 (line 242)
                      ; - org.gradle.internal.classloader.TransformErrorHandler::getLastErrorAndClear@15 (line 127)
                      ; - org.gradle.internal.classloader.TransformErrorHandler::enterClassLoadingScope@1 (line 68)
                      ; - org.gradle.internal.classloader.VisitableURLClassLoader$InstrumentingVisitableURLClassLoader::findClass@5 (line 186)
  0x000002772ec79bf4: 08cd 41ff | bade ffff | ff66 6690 

  0x000002772ec79c00: ;   {runtime_call UncommonTrapBlob}
  0x000002772ec79c00: c5f8 77e8 

  0x000002772ec79c04: ; ImmutableOopMap {rbp=NarrowOop [88]=Oop [128]=Oop }
                      ;*checkcast {reexecute=0 rethrow=0 return_oop=0}
                      ; - java.lang.ThreadLocal$ThreadLocalMap::expungeStaleEntry@51 (line 619)
                      ; - java.lang.ThreadLocal$ThreadLocalMap::remove@46 (line 516)
                      ; - java.lang.ThreadLocal::remove@14 (line 242)
                      ; - org.gradle.internal.classloader.TransformErrorHandler::getLastErrorAndClear@15 (line 127)
                      ; - org.gradle.internal.classloader.TransformErrorHandler::enterClassLoadingScope@1 (line 68)
                      ; - org.gradle.internal.classloader.VisitableURLClassLoader$InstrumentingVisitableURLClassLoader::findClass@5 (line 186)
  0x000002772ec79c04: f8cc 41ff | 4889 6c24 | 704c 894c | 2468 4c89 | 6c24 6089 | 7c24 4c44 | 8954 2448 | 4489 4424 
  0x000002772ec79c24: 3c48 8974 | 2428 4c8b | 5424 404c | 8954 2420 | 4c8b eb49 | 8bd7 c5f8 | 7749 baa0 | 8b88 90fd 
  0x000002772ec79c44: 7f00 0041 | ffd2 498b | dd4c 8b54 | 2420 4c89 | 5424 4048 | 8b74 2428 | 448b 4424 | 3c44 8b54 
  0x000002772ec79c64: 2448 8b7c | 244c 4c8b | 6c24 604c | 8b4c 2468 | 488b 6c24 | 70e9 9bc5 | ffff 4889 | 6c24 704c 
  0x000002772ec79c84: 894c 2468 | 4c89 6c24 | 6089 7c24 | 4c44 8954 | 2448 4489 | 4424 3c48 | 8974 2428 | 4c8b 5424 
  0x000002772ec79ca4: 404c 8954 | 2420 4c8b | eb49 8bd7 | c5f8 7749 | baa0 8b88 | 90fd 7f00 | 0041 ffd2 | 498b dd4c 
  0x000002772ec79cc4: 8b54 2420 | 4c89 5424 | 4048 8b74 | 2428 448b | 4424 3c44 | 8b54 2448 | 8b7c 244c | 4c8b 6c24 
  0x000002772ec79ce4: 604c 8b4c | 2468 488b | 6c24 70e9 | dac4 ffff | 498b d7c5 | f877 49ba | a08b 8890 | fd7f 0000 
  0x000002772ec79d04: 41ff d2e9 | 2ac5 ffff | 498b d7c5 | f877 49ba | a08b 8890 | fd7f 0000 | 41ff d2e9 | 89c6 ffff 
  0x000002772ec79d24: 498b d7c5 | f877 49ba | a08b 8890 | fd7f 0000 | 41ff d2e9 | 4bb4 ffff | 8bac 2494 | 0000 0083 
  0x000002772ec79d44: c502 3beb | 0f83 0e25 | 0000 4c8b | 9c24 9800 | 0000 478b | 549a 1844 | 8994 24a0 | 0000 0044 
  0x000002772ec79d64: 8b54 2474 | 478b 5cd4 | 3045 8bc3 

  0x000002772ec79d70: ; implicit exception: dispatches to 0x000002772ec7d040
  0x000002772ec79d70: 478b 5cdc 

  0x000002772ec79d74: ;   {metadata('java/util/zip/ZipCoder$UTF8ZipCoder')}
  0x000002772ec79d74: 0841 81fb | c872 1b00 | 0f85 f225 | 0000 478b | 54d4 3841 | 8bca 448b | 9c24 a000 | 0000 4183 
  0x000002772ec79d94: c32e 418b | db8b ac24 | a000 0000 | 83c5 1c47 | 8b4c d40c | 413b e90f | 83fb 2400 | 004c 639c 
  0x000002772ec79db4: 24a0 0000 | 004b 8d14 | d446 0fb6 | 541a 2c41 | 8bfa 8bac | 24a0 0000 | 0083 c51d | 413b e90f 
  0x000002772ec79dd4: 8337 2500 | 0046 0fb6 | 4c1a 2d41 | c1e1 0845 | 0bca 448b | c366 6690 

  0x000002772ec79dec: ;   {static_call}
  0x000002772ec79dec: c5f8 77e8 

  0x000002772ec79df0: ; ImmutableOopMap {[40]=Oop [48]=Oop [56]=Oop [72]=Oop [80]=Oop [88]=Oop [104]=Oop [112]=NarrowOop [116]=NarrowOop [120]=Oop [128]=Oop [136]=NarrowOop [140]=NarrowOop [272]=Oop [280]=Oop }
                      ;*invokestatic newStringUTF8NoRepl {reexecute=0 rethrow=0 return_oop=1}
                      ; - java.lang.System$2::newStringUTF8NoRepl@3 (line 2415)
                      ; - java.util.zip.ZipCoder$UTF8ZipCoder::toString@6 (line 199)
                      ; - java.util.zip.ZipFile$Source::getEntryPos@82 (line 1793)
                      ; - java.util.zip.ZipFile::getInputStream@63 (line 372)
                      ; - java.util.jar.JarFile::getManifestFromReference@130 (line 432)
                      ; - java.util.jar.JarFile::getManifest@1 (line 406)
                      ; - java.util.jar.JarFile::maybeInstantiateVerifier@31 (line 725)
                      ; - java.util.jar.JarFile::ensureInitialization@1 (line 1031)
                      ; - java.util.jar.JavaUtilJarAccessImpl::ensureInitialization@1 (line 72)
                      ; - jdk.internal.loader.URLClassPath$JarLoader$2::getManifest@10 (line 885)
                      ; - java.net.URLClassLoader::defineClass@34 (line 491)
                      ; - java.net.URLClassLoader$1::run@43 (line 427)
                      ; - java.net.URLClassLoader$1::run@1 (line 421)
                      ; - java.security.AccessController::executePrivileged@29 (line 814)
                      ; - java.security.AccessController::doPrivileged@13 (line 712)
                      ; - java.net.URLClassLoader::findClass@13 (line 420)
                      ; - org.gradle.internal.classloader.VisitableURLClassLoader$InstrumentingVisitableURLClassLoader::findClass@10 (line 189)
  0x000002772ec79df0: 8c7b 41ff | 4c8b c044 | 8b50 1447 | 8b5c d40c | 0fbe 4810 | 8bd9 448b | 8c24 8c00 | 0000 438b 
  0x000002772ec79e10: 74cc 1441 | 8bfb d3ff | 448b cf41 | 8b44 f40c | 8bbc 248c | 0000 0041 | 0fbe 4cfc | 108b f98b 
  0x000002772ec79e30: d08b cfd3 | fa44 8bea | 443b ca0f | 85df 2500 | 0048 8b4c | 2438 4c3b | c10f 84ee | 0000 008b 
  0x000002772ec79e50: cb3b cf0f | 85db 2600 | 0044 3bd8 | 0f85 5a25 | 0000 4b8d | 0cd4 4b8d | 7cd4 104d | 8d14 f449 
  0x000002772ec79e70: 8d74 f410 | 418b cb85 | c90f 84a5 | 0000 008b | c183 e01f | 83e1 e00f | 844b 0000 | 0048 8d3c 
  0x000002772ec79e90: 0f48 8d34 | 0e48 f7d9 | c5fe 6f04 | 0fc5 fe6f | 0c0e c5fd | efc1 c4e2 | 7d17 c00f | 857a 0000 
  0x000002772ec79eb0: 0048 83c1 | 2075 e185 | c00f 8465 | 0000 00c5 | fe6f 4407 | e0c5 fe6f | 4c06 e0c5 | fdef c1c4 
  0x000002772ec79ed0: e27d 17c0 | 7555 eb4c | 8bc8 83e1 | fc74 1948 | 8d3c 0f48 | 8d34 0e48 | f7d9 8b1c | 0f3b 1c0e 
  0x000002772ec79ef0: 7539 4883 | c104 75f2 | f7c0 0200 | 0000 7412 | 0fb7 1f0f | b70e 3bd9 | 7521 488d | 7f02 488d 
  0x000002772ec79f10: 7602 f7c0 | 0100 0000 | 740a 0fb6 | 1f0f b60e | 3bd9 7507 | b801 0000 | 00eb 0233 | c0c5 fdef 
  0x000002772ec79f30: c0c5 f5ef | c985 c00f | 8483 2400 | 0044 8b9c | 24a0 0000 | 00e9 4fd5 | ffff bae4 | ffff ff4c 
  0x000002772ec79f50: 8b54 2458 | 4c89 5424 | 3044 8b5c | 2448 4489 | 5c24 4044 | 8b5c 2450 | 4489 5c24 | 4448 8944 
  0x000002772ec79f70: 24f8 8b44 | 244c 8944 | 2448 488b | 4424 f844 | 8b5c 2454 | 4489 5c24 | 5048 895c | 2458 4489 
  0x000002772ec79f90: 7424 5490 

  0x000002772ec79f94: ;   {runtime_call UncommonTrapBlob}
  0x000002772ec79f94: c5f8 77e8 

  0x000002772ec79f98: ; ImmutableOopMap {[48]=Oop [56]=Oop [68]=NarrowOop [72]=NarrowOop [84]=NarrowOop [88]=Oop [128]=Oop }
                      ;*aaload {reexecute=0 rethrow=0 return_oop=0}
                      ; - java.lang.ThreadLocal$ThreadLocalMap::expungeStaleEntry@111 (line 631)
                      ; - java.lang.ThreadLocal$ThreadLocalMap::remove@46 (line 516)
                      ; - java.lang.ThreadLocal::remove@14 (line 242)
                      ; - org.gradle.internal.classloader.TransformErrorHandler::getLastErrorAndClear@15 (line 127)
                      ; - org.gradle.internal.classloader.TransformErrorHandler::enterClassLoadingScope@1 (line 68)
                      ; - org.gradle.internal.classloader.VisitableURLClassLoader$InstrumentingVisitableURLClassLoader::findClass@5 (line 186)
  0x000002772ec79f98: 64c9 41ff | 4585 d20f | 85d3 2400 | 0044 8b94 | 2488 0000 | 0043 8b6c | d408 4489 | 5424 7449 
  0x000002772ec79fb8: c1e2 034c | 8954 2438 | 4c8b 4424 | 3848 8d9c | 2440 0100 | 0049 8b00 | 48f7 c002 | 0000 0075 
  0x000002772ec79fd8: 2448 83c8 | 0148 8903 | f049 0fb1 | 180f 843e | 0000 0048 | 2bc4 4881 | e007 f0ff | ff48 8903 
  0x000002772ec79ff8: e92c 0000 | 004c 8bd0 | 4833 c0f0 | 4d0f b17a | 3e48 c703 | 0300 0000 | 0f84 1300 | 0000 4c3b 
  0x000002772ec7a018: f80f 850a | 0000 0049 | ff82 8600 | 0000 4833 | c00f 85c9 

  0x000002772ec7a02c: ;   {metadata('java/util/Collections$SetFromMap')}
  0x000002772ec7a02c: 2400 0081 | fdd8 531d | 000f 857d | 2400 004c | 8b5c 2438 | 458b 430c 

  0x000002772ec7a044: ; implicit exception: dispatches to 0x000002772ec7d1f0
  0x000002772ec7a044: 478b 54c4 | 084b 8d14 

  0x000002772ec7a04c: ;   {metadata('java/util/WeakHashMap')}
  0x000002772ec7a04c: c441 81fa | 881d 1200 | 0f85 5f11 | 0000 498b | eb4c 8b84 | 2490 0000 

  0x000002772ec7a064: ;   {oop(a 'java/lang/Boolean'{0x00000007005d0be8} = true)}
  0x000002772ec7a064: 0049 b9e8 | 0b5d 0007 | 0000 004c | 8b54 2458 | 4c89 5424 | 5066 6690 

  0x000002772ec7a07c: ;   {optimized virtual_call}
  0x000002772ec7a07c: c5f8 77e8 

  0x000002772ec7a080: ; ImmutableOopMap {rbp=Oop [40]=Oop [48]=Oop [72]=Oop [80]=Oop [88]=Oop [104]=Oop [112]=NarrowOop [120]=Oop [128]=Oop [144]=Oop [272]=Oop [280]=Oop }
                      ;*invokeinterface put {reexecute=0 rethrow=0 return_oop=1}
                      ; - java.util.Collections$SetFromMap::add@8 (line 5685)
                      ; - java.util.zip.ZipFile::getInputStream@137 (line 381)
                      ; - java.util.jar.JarFile::getManifestFromReference@130 (line 432)
                      ; - java.util.jar.JarFile::getManifest@1 (line 406)
                      ; - java.util.jar.JarFile::maybeInstantiateVerifier@31 (line 725)
                      ; - java.util.jar.JarFile::ensureInitialization@1 (line 1031)
                      ; - java.util.jar.JavaUtilJarAccessImpl::ensureInitialization@1 (line 72)
                      ; - jdk.internal.loader.URLClassPath$JarLoader$2::getManifest@10 (line 885)
                      ; - java.net.URLClassLoader::defineClass@34 (line 491)
                      ; - java.net.URLClassLoader$1::run@43 (line 427)
                      ; - java.net.URLClassLoader$1::run@1 (line 421)
                      ; - java.security.AccessController::executePrivileged@29 (line 814)
                      ; - java.security.AccessController::doPrivileged@13 (line 712)
                      ; - java.net.URLClassLoader::findClass@13 (line 420)
                      ; - org.gradle.internal.classloader.VisitableURLClassLoader$InstrumentingVisitableURLClassLoader::findClass@10 (line 189)
  0x000002772ec7a080: fc72 41ff | 488d 8424 | 4001 0000 | 4881 3800 | 0000 000f | 8485 0000 | 004c 8b55 | 0049 f7c2 
  0x000002772ec7a0a0: 0200 0000 | 746f 4981 | ba86 0000 | 0000 0000 | 0074 0949 | ff8a 8600 | 0000 eb51 | 498b 8296 
  0x000002772ec7a0c0: 0000 0049 | 0b82 8e00 | 0000 750a | 49c7 423e | 0000 0000 | eb48 4981 | ba9e 0000 | 0000 0000 
  0x000002772ec7a0e0: 0074 2548 | 33c0 49c7 | 423e 0000 | 0000 f083 | 0424 0049 | 81ba 9e00 | 0000 0000 | 0000 750d 
  0x000002772ec7a100: f04d 0fb1 | 7a3e 7505 | 83c8 01eb | 11f7 c000 | 0000 00eb | 094c 8b10 | f04c 0fb1 | 5500 0f85 
  0x000002772ec7a120: ed23 0000 | 4c8b 9424 | 9000 0000 | 4c89 9424 | f800 0000 | e9a7 d8ff | ffbd 0020 | 0000 e97b 
  0x000002772ec7a140: d6ff ffba | e4ff ffff | 4c8b 5424 | 584c 8954 | 2430 448b | 5424 4844 | 8954 2444 | 448b 5424 
  0x000002772ec7a160: 5044 8954 | 2448 4889 | 5c24 5844 | 8974 2460 

  0x000002772ec7a170: ;   {runtime_call UncommonTrapBlob}
  0x000002772ec7a170: c5f8 77e8 

  0x000002772ec7a174: ; ImmutableOopMap {[48]=Oop [56]=Oop [72]=NarrowOop [76]=NarrowOop [88]=Oop [96]=NarrowOop [128]=Oop }
                      ;*aastore {reexecute=1 rethrow=0 return_oop=0}
                      ; - (reexecute) java.lang.ThreadLocal$ThreadLocalMap::expungeStaleEntry@107 (line 627)
                      ; - java.lang.ThreadLocal$ThreadLocalMap::remove@46 (line 516)
                      ; - java.lang.ThreadLocal::remove@14 (line 242)
                      ; - org.gradle.internal.classloader.TransformErrorHandler::getLastErrorAndClear@15 (line 127)
                      ; - org.gradle.internal.classloader.TransformErrorHandler::enterClassLoadingScope@1 (line 68)
                      ; - org.gradle.internal.classloader.VisitableURLClassLoader$InstrumentingVisitableURLClassLoader::findClass@5 (line 186)
  0x000002772ec7a174: 88c7 41ff | bae4 ffff | ff4c 8b54 | 2458 4c89 | 5424 3044 | 8b54 2448 | 4489 5424 | 4044 8b54 
  0x000002772ec7a194: 2450 4489 | 5424 4448 | 8944 24f8 | 8b44 244c | 8944 2448 | 488b 4424 | f844 8b54 | 2454 4489 
  0x000002772ec7a1b4: 5424 5044 | 8974 2454 | 4889 5c24 | 5866 6690 

  0x000002772ec7a1c4: ;   {runtime_call UncommonTrapBlob}
  0x000002772ec7a1c4: c5f8 77e8 

  0x000002772ec7a1c8: ; ImmutableOopMap {[48]=Oop [56]=Oop [68]=NarrowOop [72]=NarrowOop [84]=NarrowOop [88]=Oop [128]=Oop }
                      ;*aastore {reexecute=1 rethrow=0 return_oop=0}
                      ; - (reexecute) java.lang.ThreadLocal$ThreadLocalMap::expungeStaleEntry@131 (line 633)
                      ; - java.lang.ThreadLocal$ThreadLocalMap::remove@46 (line 516)
                      ; - java.lang.ThreadLocal::remove@14 (line 242)
                      ; - org.gradle.internal.classloader.TransformErrorHandler::getLastErrorAndClear@15 (line 127)
                      ; - org.gradle.internal.classloader.TransformErrorHandler::enterClassLoadingScope@1 (line 68)
                      ; - org.gradle.internal.classloader.VisitableURLClassLoader$InstrumentingVisitableURLClassLoader::findClass@5 (line 186)
  0x000002772ec7a1c8: 34c7 41ff | bae4 ffff | ff4c 8b54 | 2458 4c89 | 5424 3044 | 8b5c 2448 | 4489 5c24 | 4044 8b5c 
  0x000002772ec7a1e8: 2450 4489 | 5c24 4448 | 8944 24f8 | 8b44 244c | 8944 2448 | 488b 4424 | f844 8b5c | 2454 4489 
  0x000002772ec7a208: 5c24 5048 | 895c 2458 | 4489 7424 | 5466 6690 

  0x000002772ec7a218: ;   {runtime_call UncommonTrapBlob}
  0x000002772ec7a218: c5f8 77e8 

  0x000002772ec7a21c: ; ImmutableOopMap {[48]=Oop [56]=Oop [68]=NarrowOop [72]=NarrowOop [84]=NarrowOop [88]=Oop [128]=Oop }
                      ;*aaload {reexecute=0 rethrow=0 return_oop=0}
                      ; - java.lang.ThreadLocal$ThreadLocalMap::expungeStaleEntry@111 (line 631)
                      ; - java.lang.ThreadLocal$ThreadLocalMap::remove@46 (line 516)
                      ; - java.lang.ThreadLocal::remove@14 (line 242)
                      ; - org.gradle.internal.classloader.TransformErrorHandler::getLastErrorAndClear@15 (line 127)
                      ; - org.gradle.internal.classloader.TransformErrorHandler::enterClassLoadingScope@1 (line 68)
                      ; - org.gradle.internal.classloader.VisitableURLClassLoader$InstrumentingVisitableURLClassLoader::findClass@5 (line 186)
  0x000002772ec7a21c: e0c6 41ff | 4c8b 8424 | 9000 0000 | 458b 5828 | 4585 db0f | 84a6 ecff | ff4d 8b57 | 2049 8bcb 
  0x000002772ec7a23c: 48c1 e103 | 4d85 d20f | 848b 1400 | 004d 8b5f | 304b 894c | 13f8 4983 | c2f8 4d89 | 5720 e97c 
  0x000002772ec7a25c: ecff ff4c | 8b54 2438 | 458b 5a50 | 4585 db0f | 8457 dfff | ff4d 8b57 | 2049 8bcb | 48c1 e103 
  0x000002772ec7a27c: 4d85 d20f | 8443 1600 | 004d 8b5f | 304b 894c | 13f8 4983 | c2f8 4d89 | 5720 e92d | dfff ff4c 
  0x000002772ec7a29c: 8b54 2438 | 458b 5a30 | 4585 db0f | 8462 dfff | ff4d 8b57 | 2049 8bcb | 48c1 e103 | 4d85 d20f 
  0x000002772ec7a2bc: 84ef 1500 | 004d 8b5f | 304b 894c | 13f8 4983 | c2f8 4d89 | 5720 e938 | dfff ff4c | 8b54 2438 
  0x000002772ec7a2dc: 458b 5a44 | 4585 db0f | 8440 deff | ff4d 8b57 | 2049 8bcb | 48c1 e103 | 4d85 d20f | 84e3 1500 
  0x000002772ec7a2fc: 004d 8b5f | 304b 894c | 13f8 4983 | c2f8 4d89 | 5720 e916 | deff ff4c | 8b54 2438 | 458b 5a40 
  0x000002772ec7a31c: 4585 db0f | 8469 ddff | ff4d 8b57 | 2049 8bcb | 48c1 e103 | 4d85 d20f | 84da 1500 | 004d 8b5f 
  0x000002772ec7a33c: 304b 894c | 13f8 4983 | c2f8 4d89 | 5720 e93f | ddff ff4c | 8b44 2438 | 458b 502c | 4585 d20f 
  0x000002772ec7a35c: 84ff deff | ff4d 8b5f | 2049 8bca | 48c1 e103 | 4d85 db0f | 8483 1500 | 0049 8bd8 | 4d8b 5730 
  0x000002772ec7a37c: 4b89 4c1a | f849 83c3 | f84d 895f | 204c 8bc3 | e9cf deff | ff45 8b58 | 1c45 85db | 7431 498b 
  0x000002772ec7a39c: f949 8bd8 | 4d8b 5720 | 498b cb48 | c1e1 034d | 85d2 0f84 | 8f15 0000 | 4d8b 5f30 | 4b89 4c13 
  0x000002772ec7a3bc: f849 83c2 | f84d 8957 | 204c 8bc3 | 4c8b cf49 | 8bf0 e9d1 | dfff ff4c | 8bc5 448b | 5514 4585 
  0x000002772ec7a3dc: d20f 840d | e0ff ff4d | 8b5f 2049 | 8bca 48c1 | e103 4d85 | db0f 8434 | 1500 004d | 8b57 304b 
  0x000002772ec7a3fc: 894c 1af8 | 4983 c3f8 | 4d89 5f20 | 4c8b c5e9 | e0df ffff | 4c8b c544 | 8b55 1045 | 85d2 0f84 
  0x000002772ec7a41c: 48e1 ffff | 4d8b 5f20 | 498b ca48 | c1e1 034d | 85db 0f84 | 2715 0000 | 4d8b 5730 | 4b89 4c1a 
  0x000002772ec7a43c: f849 83c3 | f84d 895f | 204c 8bc5 | e91b e1ff | ff45 8b53 | 1c45 85d2 | 7431 498b | f849 8bdb 
  0x000002772ec7a45c: 4d8b 5f20 | 498b ca48 | c1e1 034d | 85db 0f84 | 0315 0000 | 4d8b 5730 | 4b89 4c1a | f849 83c3 
  0x000002772ec7a47c: f84d 895f | 204c 8bdb | 4c8b c749 | 8bf3 e98d | e0ff ff4c | 8bc5 448b | 5518 4585 | d20f 8441 
  0x000002772ec7a49c: e2ff ff4d | 8b5f 2049 | 8bca 48c1 | e103 4d85 | db0f 84d8 | 1400 004d | 8b57 304b | 894c 1af8 
  0x000002772ec7a4bc: 4983 c3f8 | 4d89 5f20 | 4c8b c5e9 | 14e2 ffff | 458b 581c | 4585 db74 | 3149 8bf9 | 498b d84d 
  0x000002772ec7a4dc: 8b57 2049 | 8bcb 48c1 | e103 4d85 | d20f 84b4 | 1400 004d | 8b5f 304b | 894c 13f8 | 4983 c2f8 
  0x000002772ec7a4fc: 4d89 5720 | 4c8b c34c | 8bcf 498b | f0e9 86e1 | ffff 4c8b | 5424 5045 | 8b5a 1c45 | 85db 0f84 
  0x000002772ec7a51c: b2e2 ffff | 4d8b 5720 | 498b cb48 | c1e1 034d | 85d2 0f84 | 8714 0000 | 4d8b 5f30 | 4b89 4c13 
  0x000002772ec7a53c: f849 83c2 | f84d 8957 | 20e9 88e2 | ffff 4c8b | c545 8b50 | 1445 85d2 | 0f84 24e2 | ffff 4d8b 
  0x000002772ec7a55c: 5f20 498b | ca48 c1e1 | 034d 85db | 0f84 6514 | 0000 498b | d84d 8b57 | 304b 894c | 1af8 4983 
  0x000002772ec7a57c: c3f8 4d89 | 5f20 4c8b | c3e9 f4e1 | ffff 498b | da4c 8bd5 | 458b 5a10 | 4585 db74 | 254d 8b57 
  0x000002772ec7a59c: 2049 8bcb | 48c1 e103 | 4d85 d20f | 8459 1400 | 004d 8b5f | 304b 894c | 13f8 4983 | c2f8 4d89 
  0x000002772ec7a5bc: 5720 4c8b | d3e9 06e3 | ffff 4c8b | 5424 5045 | 8b52 2445 | 85d2 0f84 | 3ae3 ffff | 4d8b 5f20 
  0x000002772ec7a5dc: 498b ca48 | c1e1 034d | 85db 0f84 | 0214 0000 | 4d8b 5730 | 4b89 4c1a | f849 83c3 | f84d 895f 
  0x000002772ec7a5fc: 20e9 10e3 | ffff 4c8b | 5424 5045 | 8b52 3845 | 85d2 0f84 | 04e4 ffff | 4d8b 5f20 

  0x000002772ec7a618: ;   {no_reloc}
  0x000002772ec7a618: 498b ca48 | c1e1 034d | 85db 0f84 | 0e14 0000 | 4d8b 5730 | 4b89 4c1a | f849 83c3 | f84d 895f 
  0x000002772ec7a638: 20e9 dae3 | ffff 4c8b | 5424 7845 | 8b52 3045 | 85d2 0f84 | a0e4 ffff | 4d8b 5f20 | 498b ca48 
  0x000002772ec7a658: c1e1 034d | 85db 0f84 | ba13 0000 | 4d8b 5730 | 4b89 4c1a | f849 83c3 | f84d 895f | 20e9 76e4 
  0x000002772ec7a678: ffff 4c8b | dd45 8b53 | 1445 85d2 | 0f84 20e3 | ffff 4d8b | 5f20 498b | ca48 c1e1 | 034d 85db 
  0x000002772ec7a698: 0f84 b013 | 0000 4d8b | 5730 4b89 | 4c1a f849 | 83c3 f84d | 895f 204c | 8bdd e9f3 | e2ff ff4c 
  0x000002772ec7a6b8: 8b54 2450 | 458b 523c | 4585 d20f | 84e0 e3ff | ff4d 8b5f | 2049 8bca | 48c1 e103 | 4d85 db0f 
  0x000002772ec7a6d8: 8489 1300 | 004d 8b57 | 304b 894c | 1af8 4983 | c3f8 4d89 | 5f20 e9b6 | e3ff ff45 | 8b58 1045 
  0x000002772ec7a6f8: 85db 0f84 | aae6 ffff | 4d8b 5720 | 498b cb48 | c1e1 034d | 85d2 0f84 | 9d13 0000 | 498b f949 
  0x000002772ec7a718: 8bd8 4d8b | 5f30 4b89 | 4c13 f849 | 83c2 f84d | 8957 204c | 8bc3 4c8b | cfe9 74e6 | ffff 448b 
  0x000002772ec7a738: 5d0c 4585 | db0f 847c | e5ff ff4d | 8b57 2049 | 8bcb 48c1 | e103 4d85 | d20f 8427 | 1300 0049 
  0x000002772ec7a758: 8bd8 4d8b | 5f30 4b89 | 4c13 f849 | 83c2 f84d | 8957 204c | 8bc3 e94c | e5ff ff4c | 8b54 2450 
  0x000002772ec7a778: 458b 5a0c | 4585 db0f | 8494 e5ff | ff4d 8b57 | 2049 8bcb | 48c1 e103 | 4d85 d20f | 8400 1300 
  0x000002772ec7a798: 004d 8b5f | 304b 894c | 13f8 4983 | c2f8 4d89 | 5720 e96a | e5ff ff4c | 8bc5 458b | 5814 4585 
  0x000002772ec7a7b8: db0f 8457 | e6ff ff4d | 8b57 2049 | 8bcb 48c1 | e103 4d85 | d20f 84fc | 1200 004d | 8b5f 304b 
  0x000002772ec7a7d8: 894c 13f8 | 4983 c2f8 | 4d89 5720 | e92d e6ff | ff49 8bf8 | 4d8b 5740 | 4d8b 5f50 | f083 4424 
  0x000002772ec7a7f8: c000 8039 | 0074 2a44 | 8821 4d85 | d274 0f4b | 894c 13f8 | 4983 c2f8 | 4d89 5740 | eb13 498b 
  0x000002772ec7a818: d7c5 f877 | 49ba 808b | 8890 fd7f | 0000 41ff | d24c 8bc7 | 448b 4c24 | 50e9 67da | ffff 4d8b 
  0x000002772ec7a838: 5750 4d8b | 5f40 f083 | 4424 c000 | 8039 000f | 8418 d9ff | ff44 8821 | 4d85 db75 | 1849 8bd7 
  0x000002772ec7a858: c5f8 7749 | ba80 8b88 | 90fd 7f00 | 0041 ffd2 | e9f8 d8ff | ff4b 894c | 1af8 4983 | c3f8 4d89 
  0x000002772ec7a878: 5f40 e9e6 | d8ff ff4d | 8b57 504d | 8b5f 40f0 | 8344 24c0 | 0080 3900 | 0f84 6ed9 | ffff 4488 
  0x000002772ec7a898: 214d 85db | 7518 498b | d7c5 f877 | 49ba 808b | 8890 fd7f | 0000 41ff | d2e9 4ed9 | ffff 4b89 
  0x000002772ec7a8b8: 4c1a f849 | 83c3 f84d | 895f 40e9 | 3cd9 ffff | 4d8b 5750 | 4d8b 5f40 | f083 4424 | c000 8039 
  0x000002772ec7a8d8: 000f 84eb | d7ff ff44 | 8821 4d85 | db75 1849 | 8bd7 c5f8 | 7749 ba80 | 8b88 90fd | 7f00 0041 
  0x000002772ec7a8f8: ffd2 e9cb | d7ff ff4b | 894c 1af8 | 4983 c3f8 | 4d89 5f40 | e9b9 d7ff | ff4d 8b57 | 504d 8b5f 
  0x000002772ec7a918: 40f0 8344 | 24c0 0080 | 3900 0f84 | 07d7 ffff | 4488 214d | 85db 7518 | 498b d7c5 | f877 49ba 
  0x000002772ec7a938: 808b 8890 | fd7f 0000 | 41ff d2e9 | e7d6 ffff | 4b89 4c1a | f849 83c3 | f84d 895f | 40e9 d5d6 
  0x000002772ec7a958: ffff 4d8b | 5750 4d8b | 5f40 f083 | 4424 c000 | 8039 000f | 8471 daff | ff44 8821 | 4d85 db75 
  0x000002772ec7a978: 1849 8bd7 | c5f8 7749 | ba80 8b88 | 90fd 7f00 | 0041 ffd2 | e951 daff | ff4b 894c | 1af8 4983 
  0x000002772ec7a998: c3f8 4d89 | 5f40 e93f | daff ff49 | 8bd8 4d8b | 5740 4d8b | 5f50 f083 | 4424 c000 | 8039 0074 
  0x000002772ec7a9b8: 2a44 8821 | 4d85 d274 | 0f4b 894c | 13f8 4983 | c2f8 4d89 | 5740 eb13 | 498b d7c5 | f877 49ba 
  0x000002772ec7a9d8: 808b 8890 | fd7f 0000 | 41ff d24c | 8bc3 e93c | daff ff4d | 8b57 504d | 8b5f 40f0 | 8344 24c0 
  0x000002772ec7a9f8: 0080 3900 | 0f84 58db | ffff 4488 | 214d 85db | 7518 498b | d7c5 f877 | 49ba 808b | 8890 fd7f 
  0x000002772ec7aa18: ;   {no_reloc}
  0x000002772ec7aa18: 0000 41ff | d2e9 38db | ffff 4b89 | 4c1a f849 | 83c3 f84d | 895f 40e9 | 26db ffff | 498b d84d 
  0x000002772ec7aa38: 8b57 404d | 8b5f 50f0 | 8344 24c0 | 0080 3900 | 742a 4488 | 214d 85d2 | 740f 4b89 | 4c13 f849 
  0x000002772ec7aa58: 83c2 f84d | 8957 40eb | 1349 8bd7 | c5f8 7749 | ba80 8b88 | 90fd 7f00 | 0041 ffd2 | 4c8b c3e9 
  0x000002772ec7aa78: 23db ffff | 4d8b 5750 | 4d8b 5f40 | f083 4424 | c000 8039 | 000f 843f | dcff ff44 | 8821 4d85 
  0x000002772ec7aa98: db75 1849 | 8bd7 c5f8 | 7749 ba80 | 8b88 90fd | 7f00 0041 | ffd2 e91f | dcff ff4b | 894c 1af8 
  0x000002772ec7aab8: 4983 c3f8 | 4d89 5f40 | e90d dcff | ff49 8bd8 | 4d8b 5740 | 4d8b 5f50 | f083 4424 | c000 8039 
  0x000002772ec7aad8: 0074 2a44 | 8821 4d85 | d274 0f4b | 894c 13f8 | 4983 c2f8 | 4d89 5740 | eb13 498b | d7c5 f877 
  0x000002772ec7aaf8: 49ba 808b | 8890 fd7f | 0000 41ff | d24c 8bc3 | e90a dcff | ff4d 8b57 | 504d 8b5f | 40f0 8344 
  0x000002772ec7ab18: 24c0 0080 | 3900 0f84 | a3dc ffff | 4488 214d | 85db 7518 | 498b d7c5 | f877 49ba | 808b 8890 
  0x000002772ec7ab38: fd7f 0000 | 41ff d2e9 | 83dc ffff | 4b89 4c1a | f849 83c3 | f84d 895f | 40e9 71dc | ffff 4d8b 
  0x000002772ec7ab58: 5750 4d8b | 5f40 f083 | 4424 c000 | 8039 000f | 8497 dcff | ff44 8821 | 4d85 db75 | 1849 8bd7 
  0x000002772ec7ab78: c5f8 7749 | ba80 8b88 | 90fd 7f00 | 0041 ffd2 | e977 dcff | ff4b 894c | 1af8 4983 | c3f8 4d89 
  0x000002772ec7ab98: 5f40 e965 | dcff ff4d | 8b57 404d | 8b5f 50f0 | 8344 24c0 | 0080 3900 | 0f84 93dd | ffff 4488 
  0x000002772ec7abb8: 214d 85d2 | 7518 498b | d7c5 f877 | 49ba 808b | 8890 fd7f | 0000 41ff | d2e9 73dd | ffff 4b89 
  0x000002772ec7abd8: 4c13 f849 | 83c2 f84d | 8957 40e9 | 61dd ffff | 4d8b 5750 | 4d8b 5f40 | f083 4424 | c000 8039 
  0x000002772ec7abf8: 000f 8408 | ddff ff44 | 8821 4d85 | db75 1849 | 8bd7 c5f8 | 7749 ba80 | 8b88 90fd | 7f00 0041 
  0x000002772ec7ac18: ffd2 e9e8 | dcff ff4b | 894c 1af8 | 4983 c3f8 | 4d89 5f40 | e9d6 dcff | ff4d 8b57 | 504d 8b5f 
  0x000002772ec7ac38: 40f0 8344 | 24c0 0080 | 3900 0f84 | c5dd ffff | 4488 214d | 85db 7518 | 498b d7c5 | f877 49ba 
  0x000002772ec7ac58: 808b 8890 | fd7f 0000 | 41ff d2e9 | a5dd ffff | 4b89 4c1a | f849 83c3 | f84d 895f | 40e9 93dd 
  0x000002772ec7ac78: ffff 498b | d84d 8b57 | 404d 8b5f | 50f0 8344 | 24c0 0080 | 3900 742a | 4488 214d | 85d2 740f 
  0x000002772ec7ac98: 4b89 4c13 | f849 83c2 | f84d 8957 | 40eb 1349 | 8bd7 c5f8 | 7749 ba80 | 8b88 90fd | 7f00 0041 
  0x000002772ec7acb8: ffd2 4c8b | c3e9 65de | ffff 4d8b | 5750 4d8b | 5f40 f083 | 4424 c000 | 8039 000f | 8471 ddff 
  0x000002772ec7acd8: ff44 8821 | 4d85 db75 | 1849 8bd7 | c5f8 7749 | ba80 8b88 | 90fd 7f00 | 0041 ffd2 | e951 ddff 
  0x000002772ec7acf8: ff4b 894c | 1af8 4983 | c3f8 4d89 | 5f40 e93f | ddff ff4d | 8b57 504d | 8b5f 40f0 | 8344 24c0 
  0x000002772ec7ad18: 0080 3900 | 0f84 c3dd | ffff 4488 | 214d 85db | 7518 498b | d7c5 f877 | 49ba 808b | 8890 fd7f 
  0x000002772ec7ad38: 0000 41ff | d2e9 a3dd | ffff 4b89 | 4c1a f849 | 83c3 f84d | 895f 40e9 | 91dd ffff | 4d8b 5740 
  0x000002772ec7ad58: 4d8b 5f50 | f083 4424 | c000 8039 | 000f 8476 | e0ff ff44 | 8821 4d85 | d275 1e49 | 8bd8 498b 
  0x000002772ec7ad78: d7c5 f877 | 49ba 808b | 8890 fd7f | 0000 41ff | d24c 8bc3 | e950 e0ff | ff4b 894c | 13f8 4983 
  0x000002772ec7ad98: c2f8 4d89 | 5740 e93e | e0ff ff4d | 8b57 504d | 8b5f 40f0 | 8344 24c0 | 0080 3900 | 0f84 54df 
  0x000002772ec7adb8: ffff 4488 | 214d 85db | 7518 498b | d7c5 f877 | 49ba 808b | 8890 fd7f | 0000 41ff | d2e9 34df 
  0x000002772ec7add8: ffff 4b89 | 4c1a f849 | 83c3 f84d | 895f 40e9 | 22df ffff | 498b d84d | 8b57 404d | 8b5f 50f0 
  0x000002772ec7adf8: 8344 24c0 | 0080 3900 | 742a 4488 | 214d 85d2 | 740f 4b89 | 4c13 f849 | 83c2 f84d | 8957 40eb 
  0x000002772ec7ae18: ;   {no_reloc}
  0x000002772ec7ae18: 1349 8bd7 | c5f8 7749 | ba80 8b88 | 90fd 7f00 | 0041 ffd2 | 4c8b c3e9 | 1adf ffff | 4d8b 5740 
  0x000002772ec7ae38: 4d8b 5f50 | f083 4424 | c000 8039 | 000f 8405 | d4ff ff44 | 8821 4d85 | d275 1849 | 8bd7 c5f8 
  0x000002772ec7ae58: 7749 ba80 | 8b88 90fd | 7f00 0041 | ffd2 e9e5 | d3ff ff4b | 894c 13f8 | 4983 c2f8 | 4d89 5740 
  0x000002772ec7ae78: e9d3 d3ff | ff4d 8b57 | 404d 8b5f | 50f0 8344 | 24c0 0080 | 3900 0f84 | bfdf ffff | 4488 214d 
  0x000002772ec7ae98: 85d2 751e | 498b d849 | 8bd7 c5f8 | 7749 ba80 | 8b88 90fd | 7f00 0041 | ffd2 4c8b | c3e9 99df 
  0x000002772ec7aeb8: ffff 4b89 | 4c13 f849 | 83c2 f84d | 8957 40e9 | 87df ffff | 498b d7c5 | f877 49ba | a08b 8890 
  0x000002772ec7aed8: fd7f 0000 | 41ff d2e9 | deb5 ffff | 498b d7c5 | f877 49ba | a08b 8890 | fd7f 0000 | 41ff d2e9 
  0x000002772ec7aef8: 26b6 ffff | 4c8b 4c24 | 3845 8b51 | 0c45 85d2 | 0f84 46cc | ffff 4d8b | 5f20 498b | ca48 c1e1 
  0x000002772ec7af18: 034d 85db | 0f84 ee0b | 0000 4d8b | 5730 4b89 | 4c1a f849 | 83c3 f84d | 895f 20e9 | 1ccc ffff 
  0x000002772ec7af38: 4c8b 4424 | 5045 8b58 | 0c45 85db | 0f84 bacb | ffff 4d8b | 5720 498b | cb48 c1e1 | 034d 85d2 
  0x000002772ec7af58: 0f84 940b | 0000 4d8b | 5f30 4b89 | 4c13 f849 | 83c2 f84d | 8957 20e9 | 90cb ffff | 4c8b 4424 
  0x000002772ec7af78: 3845 8b50 | 1045 85d2 | 0f84 7fcc | ffff 4d8b | 5f20 498b | ca48 c1e1 | 034d 85db | 0f84 990b 
  0x000002772ec7af98: 0000 4d8b | 5730 4b89 | 4c1a f849 | 83c3 f84d | 895f 20e9 | 55cc ffff | 4c8b d545 | 8b42 1445 
  0x000002772ec7afb8: 85c0 0f84 | b2cc ffff | 4d8b 5f20 | 498b c848 | c1e1 034d | 85db 0f84 | 820b 0000 | 4d8b 4730 
  0x000002772ec7afd8: 4b89 4c18 | f849 83c3 | f84d 895f | 20e9 88cc | ffff 4d8b | 5740 4d8b | 5f50 f083 | 4424 c000 
  0x000002772ec7aff8: 8039 000f | 84a1 c5ff | ff44 8821 | 4d85 d275 | 1849 8bd7 | c5f8 7749 | ba80 8b88 | 90fd 7f00 
  0x000002772ec7b018: 0041 ffd2 | e981 c5ff | ff4b 894c | 13f8 4983 | c2f8 4d89 | 5740 e96f | c5ff ff4d | 8b57 404d 
  0x000002772ec7b038: 8b5f 50f0 | 8344 24c0 | 0080 3900 | 0f84 faca | ffff 4488 | 214d 85d2 | 751e 498b | d849 8bd7 
  0x000002772ec7b058: c5f8 7749 | ba80 8b88 | 90fd 7f00 | 0041 ffd2 | 4c8b c3e9 | d4ca ffff | 4b89 4c13 | f849 83c2 
  0x000002772ec7b078: f84d 8957 | 40e9 c2ca | ffff 4d8b | 5740 4d8b | 5f50 f083 | 4424 c000 | 8039 000f | 84eb caff 
  0x000002772ec7b098: ff44 8821 | 4d85 d275 | 1e49 8bd9 | 498b d7c5 | f877 49ba | 808b 8890 | fd7f 0000 | 41ff d24c 
  0x000002772ec7b0b8: 8bcb e9c5 | caff ff4b | 894c 13f8 | 4983 c2f8 | 4d89 5740 | e9b3 caff | ff4d 8b57 | 504d 8b5f 
  0x000002772ec7b0d8: 40f0 8344 | 24c0 0080 | 3900 0f84 | 5bcb ffff | 4488 214d | 85db 7524 | 498b f949 | 8bd8 498b 
  0x000002772ec7b0f8: d7c5 f877 | 49ba 808b | 8890 fd7f | 0000 41ff | d24c 8bc3 | 4c8b cfe9 | 2fcb ffff | 4b89 4c1a 
  0x000002772ec7b118: f849 83c3 | f84d 895f | 40e9 1dcb | ffff bac6 | ffff ff4c | 8b54 2430 | 4c89 5424 | 2848 8974 
  0x000002772ec7b138: 2440 4c89 | 6c24 484c | 8b54 2460 | 4c89 5424 | 504c 896c | 2458 4889 | 7424 6090 

  0x000002772ec7b154: ;   {runtime_call UncommonTrapBlob}
  0x000002772ec7b154: c5f8 77e8 

  0x000002772ec7b158: ; ImmutableOopMap {[40]=Oop [64]=Oop [72]=Oop [88]=Oop [96]=Oop [128]=Oop [272]=Oop [280]=Oop }
                      ;*invokevirtual getManifest {reexecute=0 rethrow=0 return_oop=0}
                      ; - java.net.URLClassLoader::defineClass@34 (line 491)
                      ; - java.net.URLClassLoader$1::run@43 (line 427)
                      ; - java.net.URLClassLoader$1::run@1 (line 421)
                      ; - java.security.AccessController::executePrivileged@29 (line 814)
                      ; - java.security.AccessController::doPrivileged@13 (line 712)
                      ; - java.net.URLClassLoader::findClass@13 (line 420)
                      ; - org.gradle.internal.classloader.VisitableURLClassLoader$InstrumentingVisitableURLClassLoader::findClass@10 (line 189)
  0x000002772ec7b158: a4b7 41ff 

  0x000002772ec7b15c: ;   {metadata('java/lang/ref/SoftReference')}
  0x000002772ec7b15c: 48ba c063 | 0443 7702 | 0000 4c8b | 5424 584c | 8954 2438 

  0x000002772ec7b170: ;   {runtime_call _new_instance_Java}
  0x000002772ec7b170: c5f8 77e8 

  0x000002772ec7b174: ; ImmutableOopMap {[40]=Oop [48]=Oop [56]=Oop [72]=Oop [88]=Oop [104]=Oop [112]=NarrowOop [128]=Oop [144]=Oop [176]=Oop [272]=Oop [280]=Oop }
                      ;*new {reexecute=0 rethrow=0 return_oop=1}
                      ; - java.util.jar.JarFile::getManifestFromReference@184 (line 436)
                      ; - java.util.jar.JarFile::getManifest@1 (line 406)
                      ; - java.util.jar.JarFile::maybeInstantiateVerifier@31 (line 725)
                      ; - java.util.jar.JarFile::ensureInitialization@1 (line 1031)
                      ; - java.util.jar.JavaUtilJarAccessImpl::ensureInitialization@1 (line 72)
                      ; - jdk.internal.loader.URLClassPath$JarLoader$2::getManifest@10 (line 885)
                      ; - java.net.URLClassLoader::defineClass@34 (line 491)
                      ; - java.net.URLClassLoader$1::run@43 (line 427)
                      ; - java.net.URLClassLoader$1::run@1 (line 421)
                      ; - java.security.AccessController::executePrivileged@29 (line 814)
                      ; - java.security.AccessController::doPrivileged@13 (line 712)
                      ; - java.net.URLClassLoader::findClass@13 (line 420)
                      ; - org.gradle.internal.classloader.VisitableURLClassLoader$InstrumentingVisitableURLClassLoader::findClass@10 (line 189)
  0x000002772ec7b174: 884f 4cff | e926 ddff | ff4c 8b44 | 2478 458b | 582c 4585 | db0f 8434 | dfff ff4d | 8b4f 2049 
  0x000002772ec7b194: 8bcb 48c1 | e103 4d85 | c90f 8491 | 0d00 004d | 8b5f 304b | 894c 0bf8 | 4983 c1f8 | 4d89 4f20 
  0x000002772ec7b1b4: e90a dfff | ff49 8beb | 4c8b 8424 | 9000 0000 

  0x000002772ec7b1c4: ;   {oop(a 'java/lang/Boolean'{0x00000007005d0be8} = true)}
  0x000002772ec7b1c4: 49b9 e80b | 5d00 0700 | 0000 4c8b | 5424 584c | 8954 2450 | 6690 c5f8 | 7748 b8ff | ffff ffff 
  0x000002772ec7b1e4: ;   {virtual_call}
  0x000002772ec7b1e4: ffff ffe8 

  0x000002772ec7b1e8: ; ImmutableOopMap {rbp=Oop [40]=Oop [48]=Oop [72]=Oop [80]=Oop [88]=Oop [104]=Oop [112]=NarrowOop [120]=Oop [128]=Oop [144]=Oop [272]=Oop [280]=Oop }
                      ;*invokeinterface put {reexecute=0 rethrow=0 return_oop=1}
                      ; - java.util.Collections$SetFromMap::add@8 (line 5685)
                      ; - java.util.zip.ZipFile::getInputStream@137 (line 381)
                      ; - java.util.jar.JarFile::getManifestFromReference@130 (line 432)
                      ; - java.util.jar.JarFile::getManifest@1 (line 406)
                      ; - java.util.jar.JarFile::maybeInstantiateVerifier@31 (line 725)
                      ; - java.util.jar.JarFile::ensureInitialization@1 (line 1031)
                      ; - java.util.jar.JavaUtilJarAccessImpl::ensureInitialization@1 (line 72)
                      ; - jdk.internal.loader.URLClassPath$JarLoader$2::getManifest@10 (line 885)
                      ; - java.net.URLClassLoader::defineClass@34 (line 491)
                      ; - java.net.URLClassLoader$1::run@43 (line 427)
                      ; - java.net.URLClassLoader$1::run@1 (line 421)
                      ; - java.security.AccessController::executePrivileged@29 (line 814)
                      ; - java.security.AccessController::doPrivileged@13 (line 712)
                      ; - java.net.URLClassLoader::findClass@13 (line 420)
                      ; - org.gradle.internal.classloader.VisitableURLClassLoader$InstrumentingVisitableURLClassLoader::findClass@10 (line 189)
  0x000002772ec7b1e8: 9464 41ff | e993 eeff 

  0x000002772ec7b1f0: ;   {metadata('java/util/jar/JarVerifier')}
  0x000002772ec7b1f0: ff48 ba30 | 7118 4377 | 0200 0090 

  0x000002772ec7b1fc: ;   {runtime_call _new_instance_Java}
  0x000002772ec7b1fc: c5f8 77e8 

  0x000002772ec7b200: ; ImmutableOopMap {[40]=Oop [48]=Oop [56]=Oop [72]=Oop [80]=Oop [88]=Oop [104]=Oop [112]=NarrowOop [116]=NarrowOop [120]=Oop [128]=Oop [240]=Oop [272]=Oop [280]=Oop }
                      ;*new {reexecute=0 rethrow=0 return_oop=1}
                      ; - java.util.jar.JarFile::getManifestFromReference@69 (line 422)
                      ; - java.util.jar.JarFile::getManifest@1 (line 406)
                      ; - java.util.jar.JarFile::maybeInstantiateVerifier@31 (line 725)
                      ; - java.util.jar.JarFile::ensureInitialization@1 (line 1031)
                      ; - java.util.jar.JavaUtilJarAccessImpl::ensureInitialization@1 (line 72)
                      ; - jdk.internal.loader.URLClassPath$JarLoader$2::getManifest@10 (line 885)
                      ; - java.net.URLClassLoader::defineClass@34 (line 491)
                      ; - java.net.URLClassLoader$1::run@43 (line 427)
                      ; - java.net.URLClassLoader$1::run@1 (line 421)
                      ; - java.security.AccessController::executePrivileged@29 (line 814)
                      ; - java.security.AccessController::doPrivileged@13 (line 712)
                      ; - java.net.URLClassLoader::findClass@13 (line 420)
                      ; - org.gradle.internal.classloader.VisitableURLClassLoader$InstrumentingVisitableURLClassLoader::findClass@10 (line 189)
  0x000002772ec7b200: fc4e 4cff | 4c8b d8e9 | 62cd ffff 

  0x000002772ec7b20c: ;   {metadata('java/security/CodeSigner'[])}
  0x000002772ec7b20c: 48ba 183a | 0444 7702 | 0000 4533 | c066 6690 

  0x000002772ec7b21c: ;   {runtime_call _new_array_Java}
  0x000002772ec7b21c: c5f8 77e8 

  0x000002772ec7b220: ; ImmutableOopMap {rbp=Oop [36]=NarrowOop [40]=Oop [48]=Oop [56]=Oop [72]=Oop [80]=NarrowOop [88]=Oop [104]=Oop [112]=NarrowOop [120]=Oop [128]=Oop [240]=Oop [272]=Oop [280]=Oop }
                      ;*anewarray {reexecute=0 rethrow=0 return_oop=1}
                      ; - java.util.jar.JarVerifier::<init>@59 (line 562)
                      ; - java.util.jar.JarFile::getManifestFromReference@78 (line 422)
                      ; - java.util.jar.JarFile::getManifest@1 (line 406)
                      ; - java.util.jar.JarFile::maybeInstantiateVerifier@31 (line 725)
                      ; - java.util.jar.JarFile::ensureInitialization@1 (line 1031)
                      ; - java.util.jar.JavaUtilJarAccessImpl::ensureInitialization@1 (line 72)
                      ; - jdk.internal.loader.URLClassPath$JarLoader$2::getManifest@10 (line 885)
                      ; - java.net.URLClassLoader::defineClass@34 (line 491)
                      ; - java.net.URLClassLoader$1::run@43 (line 427)
                      ; - java.net.URLClassLoader$1::run@1 (line 421)
                      ; - java.security.AccessController::executePrivileged@29 (line 814)
                      ; - java.security.AccessController::doPrivileged@13 (line 712)
                      ; - java.net.URLClassLoader::findClass@13 (line 420)
                      ; - org.gradle.internal.classloader.VisitableURLClassLoader$InstrumentingVisitableURLClassLoader::findClass@10 (line 189)
  0x000002772ec7b220: dc51 4cff | 4c8b d0e9 | 8ecf ffff 

  0x000002772ec7b22c: ;   {metadata('java/util/HashMap')}
  0x000002772ec7b22c: 48ba b835 | 0b43 7702 | 0000 6690 

  0x000002772ec7b238: ;   {runtime_call _new_instance_Java}
  0x000002772ec7b238: c5f8 77e8 

  0x000002772ec7b23c: ; ImmutableOopMap {rbp=Oop [36]=NarrowOop [40]=Oop [48]=Oop [56]=Oop [72]=Oop [80]=NarrowOop [88]=Oop [104]=Oop [112]=NarrowOop [120]=Oop [128]=Oop [240]=Oop [272]=Oop [280]=Oop }
                      ;*new {reexecute=0 rethrow=0 return_oop=1}
                      ; - java.util.jar.JarVerifier::<init>@36 (line 520)
                      ; - java.util.jar.JarFile::getManifestFromReference@78 (line 422)
                      ; - java.util.jar.JarFile::getManifest@1 (line 406)
                      ; - java.util.jar.JarFile::maybeInstantiateVerifier@31 (line 725)
                      ; - java.util.jar.JarFile::ensureInitialization@1 (line 1031)
                      ; - java.util.jar.JavaUtilJarAccessImpl::ensureInitialization@1 (line 72)
                      ; - jdk.internal.loader.URLClassPath$JarLoader$2::getManifest@10 (line 885)
                      ; - java.net.URLClassLoader::defineClass@34 (line 491)
                      ; - java.net.URLClassLoader$1::run@43 (line 427)
                      ; - java.net.URLClassLoader$1::run@1 (line 421)
                      ; - java.security.AccessController::executePrivileged@29 (line 814)
                      ; - java.security.AccessController::doPrivileged@13 (line 712)
                      ; - java.net.URLClassLoader::findClass@13 (line 420)
                      ; - org.gradle.internal.classloader.VisitableURLClassLoader$InstrumentingVisitableURLClassLoader::findClass@10 (line 189)
  0x000002772ec7b23c: c04e 4cff | 4c8b d0e9 | 30ce ffff | 4489 4c24 | 2449 8be8 | 48ff b424 | f000 0000 | 488f 4424 
  0x000002772ec7b25c: ;   {metadata('java/util/Hashtable')}
  0x000002772ec7b25c: 3848 ba90 | 6f01 4377 | 0200 0090 

  0x000002772ec7b268: ;   {runtime_call _new_instance_Java}
  0x000002772ec7b268: c5f8 77e8 

  0x000002772ec7b26c: ; ImmutableOopMap {rbp=Oop [36]=NarrowOop [40]=Oop [48]=Oop [56]=Oop [72]=Oop [88]=Oop [104]=Oop [112]=NarrowOop [120]=Oop [128]=Oop [240]=Oop [272]=Oop [280]=Oop }
                      ;*new {reexecute=0 rethrow=0 return_oop=1}
                      ; - java.util.jar.JarVerifier::<init>@76 (line 109)
                      ; - java.util.jar.JarFile::getManifestFromReference@78 (line 422)
                      ; - java.util.jar.JarFile::getManifest@1 (line 406)
                      ; - java.util.jar.JarFile::maybeInstantiateVerifier@31 (line 725)
                      ; - java.util.jar.JarFile::ensureInitialization@1 (line 1031)
                      ; - java.util.jar.JavaUtilJarAccessImpl::ensureInitialization@1 (line 72)
                      ; - jdk.internal.loader.URLClassPath$JarLoader$2::getManifest@10 (line 885)
                      ; - java.net.URLClassLoader::defineClass@34 (line 491)
                      ; - java.net.URLClassLoader$1::run@43 (line 427)
                      ; - java.net.URLClassLoader$1::run@1 (line 421)
                      ; - java.security.AccessController::executePrivileged@29 (line 814)
                      ; - java.security.AccessController::doPrivileged@13 (line 712)
                      ; - java.net.URLClassLoader::findClass@13 (line 420)
                      ; - org.gradle.internal.classloader.VisitableURLClassLoader$InstrumentingVisitableURLClassLoader::findClass@10 (line 189)
  0x000002772ec7b26c: 904e 4cff | e989 d0ff 

  0x000002772ec7b274: ;   {metadata('java/util/HashMap')}
  0x000002772ec7b274: ff48 bab8 | 350b 4377 | 0200 0090 

  0x000002772ec7b280: ;   {runtime_call _new_instance_Java}
  0x000002772ec7b280: c5f8 77e8 

  0x000002772ec7b284: ; ImmutableOopMap {rbp=Oop [36]=NarrowOop [40]=Oop [48]=Oop [56]=Oop [72]=Oop [80]=NarrowOop [88]=Oop [104]=Oop [112]=NarrowOop [120]=Oop [128]=Oop [240]=Oop [272]=Oop [280]=Oop }
                      ;*new {reexecute=0 rethrow=0 return_oop=1}
                      ; - java.util.jar.JarVerifier::<init>@47 (line 521)
                      ; - java.util.jar.JarFile::getManifestFromReference@78 (line 422)
                      ; - java.util.jar.JarFile::getManifest@1 (line 406)
                      ; - java.util.jar.JarFile::maybeInstantiateVerifier@31 (line 725)
                      ; - java.util.jar.JarFile::ensureInitialization@1 (line 1031)
                      ; - java.util.jar.JavaUtilJarAccessImpl::ensureInitialization@1 (line 72)
                      ; - jdk.internal.loader.URLClassPath$JarLoader$2::getManifest@10 (line 885)
                      ; - java.net.URLClassLoader::defineClass@34 (line 491)
                      ; - java.net.URLClassLoader$1::run@43 (line 427)
                      ; - java.net.URLClassLoader$1::run@1 (line 421)
                      ; - java.security.AccessController::executePrivileged@29 (line 814)
                      ; - java.security.AccessController::doPrivileged@13 (line 712)
                      ; - java.net.URLClassLoader::findClass@13 (line 420)
                      ; - org.gradle.internal.classloader.VisitableURLClassLoader$InstrumentingVisitableURLClassLoader::findClass@10 (line 189)
  0x000002772ec7b284: 784e 4cff | 4c8b d0e9 | 83ce ffff 

  0x000002772ec7b290: ;   {metadata('java/lang/Object')}
  0x000002772ec7b290: 48ba 580d | 0043 7702 | 0000 6690 

  0x000002772ec7b29c: ;   {runtime_call _new_instance_Java}
  0x000002772ec7b29c: c5f8 77e8 

  0x000002772ec7b2a0: ; ImmutableOopMap {rbp=Oop [36]=NarrowOop [40]=Oop [48]=Oop [56]=Oop [72]=Oop [88]=Oop [104]=Oop [112]=NarrowOop [120]=Oop [128]=Oop [240]=Oop [272]=Oop [280]=Oop }
                      ;*new {reexecute=0 rethrow=0 return_oop=1}
                      ; - java.util.jar.JarVerifier::<init>@25 (line 97)
                      ; - java.util.jar.JarFile::getManifestFromReference@78 (line 422)
                      ; - java.util.jar.JarFile::getManifest@1 (line 406)
                      ; - java.util.jar.JarFile::maybeInstantiateVerifier@31 (line 725)
                      ; - java.util.jar.JarFile::ensureInitialization@1 (line 1031)
                      ; - java.util.jar.JavaUtilJarAccessImpl::ensureInitialization@1 (line 72)
                      ; - jdk.internal.loader.URLClassPath$JarLoader$2::getManifest@10 (line 885)
                      ; - java.net.URLClassLoader::defineClass@34 (line 491)
                      ; - java.net.URLClassLoader$1::run@43 (line 427)
                      ; - java.net.URLClassLoader$1::run@1 (line 421)
                      ; - java.security.AccessController::executePrivileged@29 (line 814)
                      ; - java.security.AccessController::doPrivileged@13 (line 712)
                      ; - java.net.URLClassLoader::findClass@13 (line 420)
                      ; - org.gradle.internal.classloader.VisitableURLClassLoader$InstrumentingVisitableURLClassLoader::findClass@10 (line 189)
  0x000002772ec7b2a0: 5c4e 4cff | e93c cdff | ff49 8be8 

  0x000002772ec7b2ac: ;   {metadata('java/util/Hashtable')}
  0x000002772ec7b2ac: 48ba 906f | 0143 7702 | 0000 6690 

  0x000002772ec7b2b8: ;   {runtime_call _new_instance_Java}
  0x000002772ec7b2b8: c5f8 77e8 

  0x000002772ec7b2bc: ; ImmutableOopMap {rbp=Oop [36]=NarrowOop [40]=Oop [48]=Oop [56]=Oop [72]=Oop [88]=Oop [104]=Oop [112]=NarrowOop [120]=Oop [128]=Oop [272]=Oop [280]=Oop }
                      ;*new {reexecute=0 rethrow=0 return_oop=1}
                      ; - java.util.jar.JarVerifier::<init>@87 (line 110)
                      ; - java.util.jar.JarFile::getManifestFromReference@78 (line 422)
                      ; - java.util.jar.JarFile::getManifest@1 (line 406)
                      ; - java.util.jar.JarFile::maybeInstantiateVerifier@31 (line 725)
                      ; - java.util.jar.JarFile::ensureInitialization@1 (line 1031)
                      ; - java.util.jar.JavaUtilJarAccessImpl::ensureInitialization@1 (line 72)
                      ; - jdk.internal.loader.URLClassPath$JarLoader$2::getManifest@10 (line 885)
                      ; - java.net.URLClassLoader::defineClass@34 (line 491)
                      ; - java.net.URLClassLoader$1::run@43 (line 427)
                      ; - java.net.URLClassLoader$1::run@1 (line 421)
                      ; - java.security.AccessController::executePrivileged@29 (line 814)
                      ; - java.security.AccessController::doPrivileged@13 (line 712)
                      ; - java.net.URLClassLoader::findClass@13 (line 420)
                      ; - org.gradle.internal.classloader.VisitableURLClassLoader$InstrumentingVisitableURLClassLoader::findClass@10 (line 189)
  0x000002772ec7b2bc: 404e 4cff | e9b1 d1ff 

  0x000002772ec7b2c4: ;   {metadata('java/util/Hashtable$Entry'[])}
  0x000002772ec7b2c4: ff48 ba28 | 9a15 4377 | 0200 0041 | b80b 0000 | 0066 6690 

  0x000002772ec7b2d8: ;   {runtime_call _new_array_Java}
  0x000002772ec7b2d8: c5f8 77e8 

  0x000002772ec7b2dc: ; ImmutableOopMap {rbp=Oop [36]=NarrowOop [40]=Oop [48]=Oop [56]=Oop [72]=Oop [80]=Oop [88]=Oop [104]=Oop [112]=NarrowOop [120]=Oop [128]=Oop [272]=Oop [280]=Oop }
                      ;*anewarray {reexecute=0 rethrow=0 return_oop=1}
                      ; - java.util.Hashtable::<init>@93 (line 196)
                      ; - java.util.Hashtable::<init>@5 (line 217)
                      ; - java.util.jar.JarVerifier::<init>@80 (line 109)
                      ; - java.util.jar.JarFile::getManifestFromReference@78 (line 422)
                      ; - java.util.jar.JarFile::getManifest@1 (line 406)
                      ; - java.util.jar.JarFile::maybeInstantiateVerifier@31 (line 725)
                      ; - java.util.jar.JarFile::ensureInitialization@1 (line 1031)
                      ; - java.util.jar.JavaUtilJarAccessImpl::ensureInitialization@1 (line 72)
                      ; - jdk.internal.loader.URLClassPath$JarLoader$2::getManifest@10 (line 885)
                      ; - java.net.URLClassLoader::defineClass@34 (line 491)
                      ; - java.net.URLClassLoader$1::run@43 (line 427)
                      ; - java.net.URLClassLoader$1::run@1 (line 421)
                      ; - java.security.AccessController::executePrivileged@29 (line 814)
                      ; - java.security.AccessController::doPrivileged@13 (line 712)
                      ; - java.net.URLClassLoader::findClass@13 (line 420)
                      ; - org.gradle.internal.classloader.VisitableURLClassLoader$InstrumentingVisitableURLClassLoader::findClass@10 (line 189)
  0x000002772ec7b2dc: 2051 4cff | 4c8b 4424 | 504c 8bc8 | e9a9 d0ff | ff49 8be8 

  0x000002772ec7b2f0: ;   {metadata('java/util/Hashtable')}
  0x000002772ec7b2f0: 48ba 906f | 0143 7702 | 0000 6690 

  0x000002772ec7b2fc: ;   {runtime_call _new_instance_Java}
  0x000002772ec7b2fc: c5f8 77e8 

  0x000002772ec7b300: ; ImmutableOopMap {rbp=Oop [36]=NarrowOop [40]=Oop [48]=Oop [56]=Oop [72]=Oop [88]=Oop [104]=Oop [112]=NarrowOop [120]=Oop [128]=Oop [272]=Oop [280]=Oop }
                      ;*new {reexecute=0 rethrow=0 return_oop=1}
                      ; - java.util.jar.JarVerifier::<init>@98 (line 111)
                      ; - java.util.jar.JarFile::getManifestFromReference@78 (line 422)
                      ; - java.util.jar.JarFile::getManifest@1 (line 406)
                      ; - java.util.jar.JarFile::maybeInstantiateVerifier@31 (line 725)
                      ; - java.util.jar.JarFile::ensureInitialization@1 (line 1031)
                      ; - java.util.jar.JavaUtilJarAccessImpl::ensureInitialization@1 (line 72)
                      ; - jdk.internal.loader.URLClassPath$JarLoader$2::getManifest@10 (line 885)
                      ; - java.net.URLClassLoader::defineClass@34 (line 491)
                      ; - java.net.URLClassLoader$1::run@43 (line 427)
                      ; - java.net.URLClassLoader$1::run@1 (line 421)
                      ; - java.security.AccessController::executePrivileged@29 (line 814)
                      ; - java.security.AccessController::doPrivileged@13 (line 712)
                      ; - java.net.URLClassLoader::findClass@13 (line 420)
                      ; - org.gradle.internal.classloader.VisitableURLClassLoader$InstrumentingVisitableURLClassLoader::findClass@10 (line 189)
  0x000002772ec7b300: fc4d 4cff | e9e5 d2ff 

  0x000002772ec7b308: ;   {metadata('java/util/Hashtable$Entry'[])}
  0x000002772ec7b308: ff48 ba28 | 9a15 4377 | 0200 0041 | b80b 0000 | 0066 6690 

  0x000002772ec7b31c: ;   {runtime_call _new_array_Java}
  0x000002772ec7b31c: c5f8 77e8 

  0x000002772ec7b320: ; ImmutableOopMap {rbp=Oop [36]=NarrowOop [40]=Oop [48]=Oop [56]=Oop [72]=Oop [80]=Oop [88]=Oop [104]=Oop [112]=NarrowOop [120]=Oop [128]=Oop [272]=Oop [280]=Oop }
                      ;*anewarray {reexecute=0 rethrow=0 return_oop=1}
                      ; - java.util.Hashtable::<init>@93 (line 196)
                      ; - java.util.Hashtable::<init>@5 (line 217)
                      ; - java.util.jar.JarVerifier::<init>@91 (line 110)
                      ; - java.util.jar.JarFile::getManifestFromReference@78 (line 422)
                      ; - java.util.jar.JarFile::getManifest@1 (line 406)
                      ; - java.util.jar.JarFile::maybeInstantiateVerifier@31 (line 725)
                      ; - java.util.jar.JarFile::ensureInitialization@1 (line 1031)
                      ; - java.util.jar.JavaUtilJarAccessImpl::ensureInitialization@1 (line 72)
                      ; - jdk.internal.loader.URLClassPath$JarLoader$2::getManifest@10 (line 885)
                      ; - java.net.URLClassLoader::defineClass@34 (line 491)
                      ; - java.net.URLClassLoader$1::run@43 (line 427)
                      ; - java.net.URLClassLoader$1::run@1 (line 421)
                      ; - java.security.AccessController::executePrivileged@29 (line 814)
                      ; - java.security.AccessController::doPrivileged@13 (line 712)
                      ; - java.net.URLClassLoader::findClass@13 (line 420)
                      ; - org.gradle.internal.classloader.VisitableURLClassLoader$InstrumentingVisitableURLClassLoader::findClass@10 (line 189)
  0x000002772ec7b320: dc50 4cff | 4c8b 5c24 | 504c 8bc0 | e9dd d1ff | ff4c 8944 

  0x000002772ec7b334: ;   {metadata('java/util/ArrayList')}
  0x000002772ec7b334: 2450 48ba | 20df 0043 | 7702 0000 

  0x000002772ec7b340: ;   {runtime_call _new_instance_Java}
  0x000002772ec7b340: c5f8 77e8 

  0x000002772ec7b344: ; ImmutableOopMap {[36]=NarrowOop [40]=Oop [48]=Oop [56]=Oop [72]=Oop [80]=Oop [88]=Oop [104]=Oop [112]=NarrowOop [120]=Oop [128]=Oop [272]=Oop [280]=Oop }
                      ;*new {reexecute=0 rethrow=0 return_oop=1}
                      ; - java.util.jar.JarVerifier::<init>@111 (line 112)
                      ; - java.util.jar.JarFile::getManifestFromReference@78 (line 422)
                      ; - java.util.jar.JarFile::getManifest@1 (line 406)
                      ; - java.util.jar.JarFile::maybeInstantiateVerifier@31 (line 725)
                      ; - java.util.jar.JarFile::ensureInitialization@1 (line 1031)
                      ; - java.util.jar.JavaUtilJarAccessImpl::ensureInitialization@1 (line 72)
                      ; - jdk.internal.loader.URLClassPath$JarLoader$2::getManifest@10 (line 885)
                      ; - java.net.URLClassLoader::defineClass@34 (line 491)
                      ; - java.net.URLClassLoader$1::run@43 (line 427)
                      ; - java.net.URLClassLoader$1::run@1 (line 421)
                      ; - java.security.AccessController::executePrivileged@29 (line 814)
                      ; - java.security.AccessController::doPrivileged@13 (line 712)
                      ; - java.net.URLClassLoader::findClass@13 (line 420)
                      ; - org.gradle.internal.classloader.VisitableURLClassLoader$InstrumentingVisitableURLClassLoader::findClass@10 (line 189)
  0x000002772ec7b344: b84d 4cff | e90f d4ff 

  0x000002772ec7b34c: ;   {metadata('java/util/Hashtable$Entry'[])}
  0x000002772ec7b34c: ff48 ba28 | 9a15 4377 | 0200 0041 | b80b 0000 | 0066 6690 

  0x000002772ec7b360: ;   {runtime_call _new_array_Java}
  0x000002772ec7b360: c5f8 77e8 

  0x000002772ec7b364: ; ImmutableOopMap {rbp=Oop [36]=NarrowOop [40]=Oop [48]=Oop [56]=Oop [72]=Oop [80]=Oop [88]=Oop [104]=Oop [112]=NarrowOop [120]=Oop [128]=Oop [272]=Oop [280]=Oop }
                      ;*anewarray {reexecute=0 rethrow=0 return_oop=1}
                      ; - java.util.Hashtable::<init>@93 (line 196)
                      ; - java.util.Hashtable::<init>@4 (line 209)
                      ; - java.util.jar.JarVerifier::<init>@104 (line 111)
                      ; - java.util.jar.JarFile::getManifestFromReference@78 (line 422)
                      ; - java.util.jar.JarFile::getManifest@1 (line 406)
                      ; - java.util.jar.JarFile::maybeInstantiateVerifier@31 (line 725)
                      ; - java.util.jar.JarFile::ensureInitialization@1 (line 1031)
                      ; - java.util.jar.JavaUtilJarAccessImpl::ensureInitialization@1 (line 72)
                      ; - jdk.internal.loader.URLClassPath$JarLoader$2::getManifest@10 (line 885)
                      ; - java.net.URLClassLoader::defineClass@34 (line 491)
                      ; - java.net.URLClassLoader$1::run@43 (line 427)
                      ; - java.net.URLClassLoader$1::run@1 (line 421)
                      ; - java.security.AccessController::executePrivileged@29 (line 814)
                      ; - java.security.AccessController::doPrivileged@13 (line 712)
                      ; - java.net.URLClassLoader::findClass@13 (line 420)
                      ; - org.gradle.internal.classloader.VisitableURLClassLoader$InstrumentingVisitableURLClassLoader::findClass@10 (line 189)
  0x000002772ec7b364: 9850 4cff | 4c8b 4424 | 504c 8bc8 | e911 d3ff 

  0x000002772ec7b374: ;   {metadata('java/io/ByteArrayOutputStream')}
  0x000002772ec7b374: ff48 baa0 | fd18 4377 | 0200 0090 

  0x000002772ec7b380: ;   {runtime_call _new_instance_Java}
  0x000002772ec7b380: c5f8 77e8 

  0x000002772ec7b384: ; ImmutableOopMap {[36]=NarrowOop [40]=Oop [48]=Oop [56]=Oop [72]=Oop [80]=Oop [88]=Oop [104]=Oop [112]=NarrowOop [120]=Oop [128]=Oop [272]=Oop [280]=Oop }
                      ;*new {reexecute=0 rethrow=0 return_oop=1}
                      ; - java.util.jar.JarVerifier::<init>@122 (line 113)
                      ; - java.util.jar.JarFile::getManifestFromReference@78 (line 422)
                      ; - java.util.jar.JarFile::getManifest@1 (line 406)
                      ; - java.util.jar.JarFile::maybeInstantiateVerifier@31 (line 725)
                      ; - java.util.jar.JarFile::ensureInitialization@1 (line 1031)
                      ; - java.util.jar.JavaUtilJarAccessImpl::ensureInitialization@1 (line 72)
                      ; - jdk.internal.loader.URLClassPath$JarLoader$2::getManifest@10 (line 885)
                      ; - java.net.URLClassLoader::defineClass@34 (line 491)
                      ; - java.net.URLClassLoader$1::run@43 (line 427)
                      ; - java.net.URLClassLoader$1::run@1 (line 421)
                      ; - java.security.AccessController::executePrivileged@29 (line 814)
                      ; - java.security.AccessController::doPrivileged@13 (line 712)
                      ; - java.net.URLClassLoader::findClass@13 (line 420)
                      ; - org.gradle.internal.classloader.VisitableURLClassLoader$InstrumentingVisitableURLClassLoader::findClass@10 (line 189)
  0x000002772ec7b384: 784d 4cff | e9b7 d4ff 

  0x000002772ec7b38c: ;   {metadata('java/util/ArrayList')}
  0x000002772ec7b38c: ff48 ba20 | df00 4377 | 0200 0090 

  0x000002772ec7b398: ;   {runtime_call _new_instance_Java}
  0x000002772ec7b398: c5f8 77e8 

  0x000002772ec7b39c: ; ImmutableOopMap {[36]=NarrowOop [40]=Oop [48]=Oop [56]=Oop [72]=Oop [80]=Oop [88]=Oop [104]=Oop [112]=NarrowOop [120]=Oop [128]=Oop [272]=Oop [280]=Oop }
                      ;*new {reexecute=0 rethrow=0 return_oop=1}
                      ; - java.util.jar.JarVerifier::<init>@133 (line 114)
                      ; - java.util.jar.JarFile::getManifestFromReference@78 (line 422)
                      ; - java.util.jar.JarFile::getManifest@1 (line 406)
                      ; - java.util.jar.JarFile::maybeInstantiateVerifier@31 (line 725)
                      ; - java.util.jar.JarFile::ensureInitialization@1 (line 1031)
                      ; - java.util.jar.JavaUtilJarAccessImpl::ensureInitialization@1 (line 72)
                      ; - jdk.internal.loader.URLClassPath$JarLoader$2::getManifest@10 (line 885)
                      ; - java.net.URLClassLoader::defineClass@34 (line 491)
                      ; - java.net.URLClassLoader$1::run@43 (line 427)
                      ; - java.net.URLClassLoader$1::run@1 (line 421)
                      ; - java.security.AccessController::executePrivileged@29 (line 814)
                      ; - java.security.AccessController::doPrivileged@13 (line 712)
                      ; - java.net.URLClassLoader::findClass@13 (line 420)
                      ; - org.gradle.internal.classloader.VisitableURLClassLoader$InstrumentingVisitableURLClassLoader::findClass@10 (line 189)
  0x000002772ec7b39c: 604d 4cff | e9e4 d5ff 

  0x000002772ec7b3a4: ;   {metadata({type array byte})}
  0x000002772ec7b3a4: ff48 ba38 | 6700 4377 | 0200 0041 | b820 0000 | 0066 6690 

  0x000002772ec7b3b8: ;   {runtime_call _new_array_Java}
  0x000002772ec7b3b8: c5f8 77e8 

  0x000002772ec7b3bc: ; ImmutableOopMap {rbp=Oop [36]=NarrowOop [40]=Oop [48]=Oop [56]=Oop [72]=Oop [80]=Oop [88]=Oop [104]=Oop [112]=NarrowOop [120]=Oop [128]=Oop [272]=Oop [280]=Oop }
                      ;*newarray {reexecute=0 rethrow=0 return_oop=1}
                      ; - java.io.ByteArrayOutputStream::<init>@37 (line 81)
                      ; - java.io.ByteArrayOutputStream::<init>@3 (line 66)
                      ; - java.util.jar.JarVerifier::<init>@126 (line 113)
                      ; - java.util.jar.JarFile::getManifestFromReference@78 (line 422)
                      ; - java.util.jar.JarFile::getManifest@1 (line 406)
                      ; - java.util.jar.JarFile::maybeInstantiateVerifier@31 (line 725)
                      ; - java.util.jar.JarFile::ensureInitialization@1 (line 1031)
                      ; - java.util.jar.JavaUtilJarAccessImpl::ensureInitialization@1 (line 72)
                      ; - jdk.internal.loader.URLClassPath$JarLoader$2::getManifest@10 (line 885)
                      ; - java.net.URLClassLoader::defineClass@34 (line 491)
                      ; - java.net.URLClassLoader$1::run@43 (line 427)
                      ; - java.net.URLClassLoader$1::run@1 (line 421)
                      ; - java.security.AccessController::executePrivileged@29 (line 814)
                      ; - java.security.AccessController::doPrivileged@13 (line 712)
                      ; - java.net.URLClassLoader::findClass@13 (line 420)
                      ; - org.gradle.internal.classloader.VisitableURLClassLoader$InstrumentingVisitableURLClassLoader::findClass@10 (line 189)
  0x000002772ec7b3bc: 4050 4cff | 4c8b d0e9 | f9d4 ffff | 4489 5c24 | 244c 8944 | 2438 4889 | ac24 9000 

  0x000002772ec7b3d8: ;   {metadata('java/util/jar/Attributes')}
  0x000002772ec7b3d8: 0000 48ba | b048 1843 | 7702 0000 

  0x000002772ec7b3e4: ;   {runtime_call _new_instance_Java}
  0x000002772ec7b3e4: c5f8 77e8 

  0x000002772ec7b3e8: ; ImmutableOopMap {[36]=NarrowOop [40]=Oop [48]=Oop [56]=Oop [72]=Oop [80]=Oop [88]=Oop [104]=Oop [112]=NarrowOop [120]=NarrowOop [128]=Oop [136]=Oop [144]=Oop [272]=Oop [280]=Oop }
                      ;*new {reexecute=0 rethrow=0 return_oop=1}
                      ; - java.util.jar.Manifest::<init>@5 (line 54)
                      ; - java.util.jar.JarFile::getManifestFromReference@121 (line 430)
                      ; - java.util.jar.JarFile::getManifest@1 (line 406)
                      ; - java.util.jar.JarFile::maybeInstantiateVerifier@31 (line 725)
                      ; - java.util.jar.JarFile::ensureInitialization@1 (line 1031)
                      ; - java.util.jar.JavaUtilJarAccessImpl::ensureInitialization@1 (line 72)
                      ; - jdk.internal.loader.URLClassPath$JarLoader$2::getManifest@10 (line 885)
                      ; - java.net.URLClassLoader::defineClass@34 (line 491)
                      ; - java.net.URLClassLoader$1::run@43 (line 427)
                      ; - java.net.URLClassLoader$1::run@1 (line 421)
                      ; - java.security.AccessController::executePrivileged@29 (line 814)
                      ; - java.security.AccessController::doPrivileged@13 (line 712)
                      ; - java.net.URLClassLoader::findClass@13 (line 420)
                      ; - org.gradle.internal.classloader.VisitableURLClassLoader$InstrumentingVisitableURLClassLoader::findClass@10 (line 189)
  0x000002772ec7b3e8: 144d 4cff | e946 d8ff 

  0x000002772ec7b3f0: ;   {metadata('java/io/ByteArrayInputStream')}
  0x000002772ec7b3f0: ff48 bad0 | a201 4377 | 0200 0090 

  0x000002772ec7b3fc: ;   {runtime_call _new_instance_Java}
  0x000002772ec7b3fc: c5f8 77e8 

  0x000002772ec7b400: ; ImmutableOopMap {rbp=Oop [36]=NarrowOop [40]=Oop [48]=Oop [56]=Oop [72]=Oop [80]=Oop [88]=Oop [104]=Oop [112]=NarrowOop [120]=NarrowOop [128]=Oop [136]=Oop [272]=Oop [280]=Oop }
                      ;*new {reexecute=0 rethrow=0 return_oop=1}
                      ; - java.util.jar.JarFile::getManifestFromReference@109 (line 430)
                      ; - java.util.jar.JarFile::getManifest@1 (line 406)
                      ; - java.util.jar.JarFile::maybeInstantiateVerifier@31 (line 725)
                      ; - java.util.jar.JarFile::ensureInitialization@1 (line 1031)
                      ; - java.util.jar.JavaUtilJarAccessImpl::ensureInitialization@1 (line 72)
                      ; - jdk.internal.loader.URLClassPath$JarLoader$2::getManifest@10 (line 885)
                      ; - java.net.URLClassLoader::defineClass@34 (line 491)
                      ; - java.net.URLClassLoader$1::run@43 (line 427)
                      ; - java.net.URLClassLoader$1::run@1 (line 421)
                      ; - java.security.AccessController::executePrivileged@29 (line 814)
                      ; - java.security.AccessController::doPrivileged@13 (line 712)
                      ; - java.net.URLClassLoader::findClass@13 (line 420)
                      ; - org.gradle.internal.classloader.VisitableURLClassLoader$InstrumentingVisitableURLClassLoader::findClass@10 (line 189)
  0x000002772ec7b400: fc4c 4cff | e9c7 d7ff | ff49 8be8 

  0x000002772ec7b40c: ;   {metadata('java/util/jar/Manifest')}
  0x000002772ec7b40c: 48ba 109c | 0643 7702 | 0000 6690 

  0x000002772ec7b418: ;   {runtime_call _new_instance_Java}
  0x000002772ec7b418: c5f8 77e8 

  0x000002772ec7b41c: ; ImmutableOopMap {rbp=Oop [36]=NarrowOop [40]=Oop [48]=Oop [56]=Oop [72]=Oop [88]=Oop [104]=Oop [112]=NarrowOop [128]=Oop [272]=Oop [280]=Oop }
                      ;*new {reexecute=0 rethrow=0 return_oop=1}
                      ; - java.util.jar.JarFile::getManifestFromReference@101 (line 430)
                      ; - java.util.jar.JarFile::getManifest@1 (line 406)
                      ; - java.util.jar.JarFile::maybeInstantiateVerifier@31 (line 725)
                      ; - java.util.jar.JarFile::ensureInitialization@1 (line 1031)
                      ; - java.util.jar.JavaUtilJarAccessImpl::ensureInitialization@1 (line 72)
                      ; - jdk.internal.loader.URLClassPath$JarLoader$2::getManifest@10 (line 885)
                      ; - java.net.URLClassLoader::defineClass@34 (line 491)
                      ; - java.net.URLClassLoader$1::run@43 (line 427)
                      ; - java.net.URLClassLoader$1::run@1 (line 421)
                      ; - java.security.AccessController::executePrivileged@29 (line 814)
                      ; - java.security.AccessController::doPrivileged@13 (line 712)
                      ; - java.net.URLClassLoader::findClass@13 (line 420)
                      ; - org.gradle.internal.classloader.VisitableURLClassLoader$InstrumentingVisitableURLClassLoader::findClass@10 (line 189)
  0x000002772ec7b41c: e04c 4cff | e945 d7ff 

  0x000002772ec7b424: ;   {metadata('java/util/HashMap')}
  0x000002772ec7b424: ff48 bab8 | 350b 4377 | 0200 0090 

  0x000002772ec7b430: ;   {runtime_call _new_instance_Java}
  0x000002772ec7b430: c5f8 77e8 

  0x000002772ec7b434: ; ImmutableOopMap {rbp=NarrowOop [36]=NarrowOop [40]=Oop [48]=Oop [56]=Oop [72]=Oop [80]=Oop [88]=Oop [104]=Oop [112]=NarrowOop [120]=Oop [128]=Oop [272]=Oop [280]=Oop }
                      ;*new {reexecute=0 rethrow=0 return_oop=1}
                      ; - java.util.jar.JarVerifier::<init>@144 (line 115)
                      ; - java.util.jar.JarFile::getManifestFromReference@78 (line 422)
                      ; - java.util.jar.JarFile::getManifest@1 (line 406)
                      ; - java.util.jar.JarFile::maybeInstantiateVerifier@31 (line 725)
                      ; - java.util.jar.JarFile::ensureInitialization@1 (line 1031)
                      ; - java.util.jar.JavaUtilJarAccessImpl::ensureInitialization@1 (line 72)
                      ; - jdk.internal.loader.URLClassPath$JarLoader$2::getManifest@10 (line 885)
                      ; - java.net.URLClassLoader::defineClass@34 (line 491)
                      ; - java.net.URLClassLoader$1::run@43 (line 427)
                      ; - java.net.URLClassLoader$1::run@1 (line 421)
                      ; - java.security.AccessController::executePrivileged@29 (line 814)
                      ; - java.security.AccessController::doPrivileged@13 (line 712)
                      ; - java.net.URLClassLoader::findClass@13 (line 420)
                      ; - org.gradle.internal.classloader.VisitableURLClassLoader$InstrumentingVisitableURLClassLoader::findClass@10 (line 189)
  0x000002772ec7b434: c84c 4cff | 4c8b d0e9 | 53d6 ffff 

  0x000002772ec7b440: ;   {metadata('java/util/LinkedHashMap')}
  0x000002772ec7b440: 48ba b839 | 0b43 7702 | 0000 6690 

  0x000002772ec7b44c: ;   {runtime_call _new_instance_Java}
  0x000002772ec7b44c: c5f8 77e8 

  0x000002772ec7b450: ; ImmutableOopMap {rbp=Oop [36]=NarrowOop [40]=Oop [48]=Oop [56]=Oop [72]=Oop [80]=Oop [88]=Oop [104]=Oop [112]=NarrowOop [120]=NarrowOop [128]=Oop [136]=Oop [144]=Oop [272]=Oop [280]=Oop }
                      ;*new {reexecute=0 rethrow=0 return_oop=1}
                      ; - java.util.jar.Attributes::<init>@5 (line 82)
                      ; - java.util.jar.Attributes::<init>@3 (line 72)
                      ; - java.util.jar.Manifest::<init>@9 (line 54)
                      ; - java.util.jar.JarFile::getManifestFromReference@121 (line 430)
                      ; - java.util.jar.JarFile::getManifest@1 (line 406)
                      ; - java.util.jar.JarFile::maybeInstantiateVerifier@31 (line 725)
                      ; - java.util.jar.JarFile::ensureInitialization@1 (line 1031)
                      ; - java.util.jar.JavaUtilJarAccessImpl::ensureInitialization@1 (line 72)
                      ; - jdk.internal.loader.URLClassPath$JarLoader$2::getManifest@10 (line 885)
                      ; - java.net.URLClassLoader::defineClass@34 (line 491)
                      ; - java.net.URLClassLoader$1::run@43 (line 427)
                      ; - java.net.URLClassLoader$1::run@1 (line 421)
                      ; - java.security.AccessController::executePrivileged@29 (line 814)
                      ; - java.security.AccessController::doPrivileged@13 (line 712)
                      ; - java.net.URLClassLoader::findClass@13 (line 420)
                      ; - org.gradle.internal.classloader.VisitableURLClassLoader$InstrumentingVisitableURLClassLoader::findClass@10 (line 189)
  0x000002772ec7b450: ac4c 4cff | e931 d8ff | ff49 8be8 

  0x000002772ec7b45c: ;   {metadata('java/util/HashMap')}
  0x000002772ec7b45c: 48ba b835 | 0b43 7702 | 0000 6690 

  0x000002772ec7b468: ;   {runtime_call _new_instance_Java}
  0x000002772ec7b468: c5f8 77e8 

  0x000002772ec7b46c: ; ImmutableOopMap {rbp=Oop [36]=NarrowOop [40]=Oop [48]=Oop [56]=Oop [72]=Oop [88]=Oop [104]=Oop [112]=NarrowOop [120]=NarrowOop [128]=Oop [136]=Oop [144]=Oop [152]=Oop [272]=Oop [280]=Oop }
                      ;*new {reexecute=0 rethrow=0 return_oop=1}
                      ; - java.util.jar.Manifest::<init>@16 (line 57)
                      ; - java.util.jar.JarFile::getManifestFromReference@121 (line 430)
                      ; - java.util.jar.JarFile::getManifest@1 (line 406)
                      ; - java.util.jar.JarFile::maybeInstantiateVerifier@31 (line 725)
                      ; - java.util.jar.JarFile::ensureInitialization@1 (line 1031)
                      ; - java.util.jar.JavaUtilJarAccessImpl::ensureInitialization@1 (line 72)
                      ; - jdk.internal.loader.URLClassPath$JarLoader$2::getManifest@10 (line 885)
                      ; - java.net.URLClassLoader::defineClass@34 (line 491)
                      ; - java.net.URLClassLoader$1::run@43 (line 427)
                      ; - java.net.URLClassLoader$1::run@1 (line 421)
                      ; - java.security.AccessController::executePrivileged@29 (line 814)
                      ; - java.security.AccessController::doPrivileged@13 (line 712)
                      ; - java.net.URLClassLoader::findClass@13 (line 420)
                      ; - org.gradle.internal.classloader.VisitableURLClassLoader$InstrumentingVisitableURLClassLoader::findClass@10 (line 189)
  0x000002772ec7b46c: 904c 4cff | 4c8b c54c | 8bc8 e91c 

  0x000002772ec7b478: ;   {metadata('java/util/zip/ZipFile$ZipFileInputStream')}
  0x000002772ec7b478: d9ff ff48 | ba98 dd26 | 4377 0200 | 004c 8b54 | 2458 4c89 | 5424 3890 

  0x000002772ec7b490: ;   {runtime_call _new_instance_Java}
  0x000002772ec7b490: c5f8 77e8 

  0x000002772ec7b494: ; ImmutableOopMap {[40]=Oop [48]=Oop [56]=Oop [72]=Oop [88]=Oop [104]=Oop [112]=NarrowOop [116]=NarrowOop [120]=Oop [128]=Oop [136]=NarrowOop [272]=Oop [280]=Oop }
                      ;*new {reexecute=0 rethrow=0 return_oop=1}
                      ; - java.util.zip.ZipFile::getInputStream@77 (line 377)
                      ; - java.util.jar.JarFile::getManifestFromReference@130 (line 432)
                      ; - java.util.jar.JarFile::getManifest@1 (line 406)
                      ; - java.util.jar.JarFile::maybeInstantiateVerifier@31 (line 725)
                      ; - java.util.jar.JarFile::ensureInitialization@1 (line 1031)
                      ; - java.util.jar.JavaUtilJarAccessImpl::ensureInitialization@1 (line 72)
                      ; - jdk.internal.loader.URLClassPath$JarLoader$2::getManifest@10 (line 885)
                      ; - java.net.URLClassLoader::defineClass@34 (line 491)
                      ; - java.net.URLClassLoader$1::run@43 (line 427)
                      ; - java.net.URLClassLoader$1::run@1 (line 421)
                      ; - java.security.AccessController::executePrivileged@29 (line 814)
                      ; - java.security.AccessController::doPrivileged@13 (line 712)
                      ; - java.net.URLClassLoader::findClass@13 (line 420)
                      ; - org.gradle.internal.classloader.VisitableURLClassLoader$InstrumentingVisitableURLClassLoader::findClass@10 (line 189)
  0x000002772ec7b494: 684c 4cff | e973 c0ff 

  0x000002772ec7b49c: ;   {metadata('java/util/jar/Manifest')}
  0x000002772ec7b49c: ff48 ba10 | 9c06 4377 | 0200 004c | 8b54 2458 | 4c89 5424 | 3866 6690 

  0x000002772ec7b4b4: ;   {runtime_call _new_instance_Java}
  0x000002772ec7b4b4: c5f8 77e8 

  0x000002772ec7b4b8: ; ImmutableOopMap {[40]=Oop [48]=Oop [56]=Oop [72]=Oop [88]=Oop [104]=Oop [112]=NarrowOop [120]=Oop [128]=Oop [248]=Oop [272]=Oop [280]=Oop }
                      ;*new {reexecute=0 rethrow=0 return_oop=1}
                      ; - java.util.jar.JarFile::getManifestFromReference@134 (line 433)
                      ; - java.util.jar.JarFile::getManifest@1 (line 406)
                      ; - java.util.jar.JarFile::maybeInstantiateVerifier@31 (line 725)
                      ; - java.util.jar.JarFile::ensureInitialization@1 (line 1031)
                      ; - java.util.jar.JavaUtilJarAccessImpl::ensureInitialization@1 (line 72)
                      ; - jdk.internal.loader.URLClassPath$JarLoader$2::getManifest@10 (line 885)
                      ; - java.net.URLClassLoader::defineClass@34 (line 491)
                      ; - java.net.URLClassLoader$1::run@43 (line 427)
                      ; - java.net.URLClassLoader$1::run@1 (line 421)
                      ; - java.security.AccessController::executePrivileged@29 (line 814)
                      ; - java.security.AccessController::doPrivileged@13 (line 712)
                      ; - java.net.URLClassLoader::findClass@13 (line 420)
                      ; - org.gradle.internal.classloader.VisitableURLClassLoader$InstrumentingVisitableURLClassLoader::findClass@10 (line 189)
  0x000002772ec7b4b8: 444c 4cff | e95f c5ff | ff4c 895c | 2438 4c89 | 8424 9000 

  0x000002772ec7b4cc: ;   {metadata('java/util/jar/Attributes')}
  0x000002772ec7b4cc: 0000 48ba | b048 1843 | 7702 0000 

  0x000002772ec7b4d8: ;   {runtime_call _new_instance_Java}
  0x000002772ec7b4d8: c5f8 77e8 

  0x000002772ec7b4dc: ; ImmutableOopMap {rbp=NarrowOop [40]=Oop [48]=Oop [56]=Oop [72]=Oop [88]=Oop [104]=Oop [112]=NarrowOop [128]=Oop [144]=Oop [248]=Oop [272]=Oop [280]=Oop }
                      ;*new {reexecute=0 rethrow=0 return_oop=1}
                      ; - java.util.jar.Manifest::<init>@5 (line 54)
                      ; - java.util.jar.Manifest::<init>@4 (line 87)
                      ; - java.util.jar.JarFile::getManifestFromReference@143 (line 433)
                      ; - java.util.jar.JarFile::getManifest@1 (line 406)
                      ; - java.util.jar.JarFile::maybeInstantiateVerifier@31 (line 725)
                      ; - java.util.jar.JarFile::ensureInitialization@1 (line 1031)
                      ; - java.util.jar.JavaUtilJarAccessImpl::ensureInitialization@1 (line 72)
                      ; - jdk.internal.loader.URLClassPath$JarLoader$2::getManifest@10 (line 885)
                      ; - java.net.URLClassLoader::defineClass@34 (line 491)
                      ; - java.net.URLClassLoader$1::run@43 (line 427)
                      ; - java.net.URLClassLoader$1::run@1 (line 421)
                      ; - java.security.AccessController::executePrivileged@29 (line 814)
                      ; - java.security.AccessController::doPrivileged@13 (line 712)
                      ; - java.net.URLClassLoader::findClass@13 (line 420)
                      ; - org.gradle.internal.classloader.VisitableURLClassLoader$InstrumentingVisitableURLClassLoader::findClass@10 (line 189)
  0x000002772ec7b4dc: 204c 4cff | e990 c5ff 

  0x000002772ec7b4e4: ;   {metadata('java/util/LinkedHashMap')}
  0x000002772ec7b4e4: ff48 bab8 | 390b 4377 | 0200 0090 

  0x000002772ec7b4f0: ;   {runtime_call _new_instance_Java}
  0x000002772ec7b4f0: c5f8 77e8 

  0x000002772ec7b4f4: ; ImmutableOopMap {rbp=NarrowOop [40]=Oop [48]=Oop [56]=Oop [72]=Oop [80]=Oop [88]=Oop [104]=Oop [112]=NarrowOop [128]=Oop [144]=Oop [248]=Oop [272]=Oop [280]=Oop }
                      ;*new {reexecute=0 rethrow=0 return_oop=1}
                      ; - java.util.jar.Attributes::<init>@5 (line 82)
                      ; - java.util.jar.Attributes::<init>@3 (line 72)
                      ; - java.util.jar.Manifest::<init>@9 (line 54)
                      ; - java.util.jar.Manifest::<init>@4 (line 87)
                      ; - java.util.jar.JarFile::getManifestFromReference@143 (line 433)
                      ; - java.util.jar.JarFile::getManifest@1 (line 406)
                      ; - java.util.jar.JarFile::maybeInstantiateVerifier@31 (line 725)
                      ; - java.util.jar.JarFile::ensureInitialization@1 (line 1031)
                      ; - java.util.jar.JavaUtilJarAccessImpl::ensureInitialization@1 (line 72)
                      ; - jdk.internal.loader.URLClassPath$JarLoader$2::getManifest@10 (line 885)
                      ; - java.net.URLClassLoader::defineClass@34 (line 491)
                      ; - java.net.URLClassLoader$1::run@43 (line 427)
                      ; - java.net.URLClassLoader$1::run@1 (line 421)
                      ; - java.security.AccessController::executePrivileged@29 (line 814)
                      ; - java.security.AccessController::doPrivileged@13 (line 712)
                      ; - java.net.URLClassLoader::findClass@13 (line 420)
                      ; - org.gradle.internal.classloader.VisitableURLClassLoader$InstrumentingVisitableURLClassLoader::findClass@10 (line 189)
  0x000002772ec7b4f4: 084c 4cff | e9db c5ff | ff4c 894c 

  0x000002772ec7b500: ;   {metadata('java/util/HashMap')}
  0x000002772ec7b500: 2438 48ba | b835 0b43 | 7702 0000 

  0x000002772ec7b50c: ;   {runtime_call _new_instance_Java}
  0x000002772ec7b50c: c5f8 77e8 

  0x000002772ec7b510: ; ImmutableOopMap {rbp=NarrowOop [40]=Oop [48]=Oop [56]=Oop [72]=Oop [88]=Oop [104]=Oop [112]=NarrowOop [128]=Oop [144]=Oop [248]=Oop [272]=Oop [280]=Oop }
                      ;*new {reexecute=0 rethrow=0 return_oop=1}
                      ; - java.util.jar.Manifest::<init>@16 (line 57)
                      ; - java.util.jar.Manifest::<init>@4 (line 87)
                      ; - java.util.jar.JarFile::getManifestFromReference@143 (line 433)
                      ; - java.util.jar.JarFile::getManifest@1 (line 406)
                      ; - java.util.jar.JarFile::maybeInstantiateVerifier@31 (line 725)
                      ; - java.util.jar.JarFile::ensureInitialization@1 (line 1031)
                      ; - java.util.jar.JavaUtilJarAccessImpl::ensureInitialization@1 (line 72)
                      ; - jdk.internal.loader.URLClassPath$JarLoader$2::getManifest@10 (line 885)
                      ; - java.net.URLClassLoader::defineClass@34 (line 491)
                      ; - java.net.URLClassLoader$1::run@43 (line 427)
                      ; - java.net.URLClassLoader$1::run@1 (line 421)
                      ; - java.security.AccessController::executePrivileged@29 (line 814)
                      ; - java.security.AccessController::doPrivileged@13 (line 712)
                      ; - java.net.URLClassLoader::findClass@13 (line 420)
                      ; - org.gradle.internal.classloader.VisitableURLClassLoader$InstrumentingVisitableURLClassLoader::findClass@10 (line 189)
  0x000002772ec7b510: ec4b 4cff | e9bc c6ff 

  0x000002772ec7b518: ;   {metadata('java/util/zip/ZipFile$ZipFileInflaterInputStream')}
  0x000002772ec7b518: ff48 baa0 | 8d1b 4377 | 0200 0090 

  0x000002772ec7b524: ;   {runtime_call _new_instance_Java}
  0x000002772ec7b524: c5f8 77e8 

  0x000002772ec7b528: ; ImmutableOopMap {[40]=Oop [48]=Oop [72]=Oop [80]=Oop [88]=Oop [104]=Oop [112]=NarrowOop [120]=Oop [128]=Oop [136]=NarrowOop [144]=Oop [272]=Oop [280]=Oop }
                      ;*new {reexecute=0 rethrow=0 return_oop=1}
                      ; - java.util.zip.ZipFile::getInputStream@203 (line 394)
                      ; - java.util.jar.JarFile::getManifestFromReference@130 (line 432)
                      ; - java.util.jar.JarFile::getManifest@1 (line 406)
                      ; - java.util.jar.JarFile::maybeInstantiateVerifier@31 (line 725)
                      ; - java.util.jar.JarFile::ensureInitialization@1 (line 1031)
                      ; - java.util.jar.JavaUtilJarAccessImpl::ensureInitialization@1 (line 72)
                      ; - jdk.internal.loader.URLClassPath$JarLoader$2::getManifest@10 (line 885)
                      ; - java.net.URLClassLoader::defineClass@34 (line 491)
                      ; - java.net.URLClassLoader$1::run@43 (line 427)
                      ; - java.net.URLClassLoader$1::run@1 (line 421)
                      ; - java.security.AccessController::executePrivileged@29 (line 814)
                      ; - java.security.AccessController::doPrivileged@13 (line 712)
                      ; - java.net.URLClassLoader::findClass@13 (line 420)
                      ; - org.gradle.internal.classloader.VisitableURLClassLoader$InstrumentingVisitableURLClassLoader::findClass@10 (line 189)
  0x000002772ec7b528: d44b 4cff | e9dd c2ff | ff41 8be8 | 4489 5424 

  0x000002772ec7b538: ;   {metadata({type array byte})}
  0x000002772ec7b538: 7448 ba38 | 6700 4377 | 0200 0090 

  0x000002772ec7b544: ;   {runtime_call _new_array_Java}
  0x000002772ec7b544: c5f8 77e8 

  0x000002772ec7b548: ; ImmutableOopMap {[40]=Oop [48]=Oop [56]=Oop [72]=Oop [88]=Oop [104]=Oop [112]=NarrowOop [116]=NarrowOop [120]=Oop [128]=Oop [136]=Oop [272]=Oop [280]=Oop }
                      ;*newarray {reexecute=0 rethrow=0 return_oop=1}
                      ; - java.util.jar.JarFile::getBytes@99 (line 816)
                      ; - java.util.jar.JarFile::getManifestFromReference@44 (line 419)
                      ; - java.util.jar.JarFile::getManifest@1 (line 406)
                      ; - java.util.jar.JarFile::maybeInstantiateVerifier@31 (line 725)
                      ; - java.util.jar.JarFile::ensureInitialization@1 (line 1031)
                      ; - java.util.jar.JavaUtilJarAccessImpl::ensureInitialization@1 (line 72)
                      ; - jdk.internal.loader.URLClassPath$JarLoader$2::getManifest@10 (line 885)
                      ; - java.net.URLClassLoader::defineClass@34 (line 491)
                      ; - java.net.URLClassLoader$1::run@43 (line 427)
                      ; - java.net.URLClassLoader$1::run@1 (line 421)
                      ; - java.security.AccessController::executePrivileged@29 (line 814)
                      ; - java.security.AccessController::doPrivileged@13 (line 712)
                      ; - java.net.URLClassLoader::findClass@13 (line 420)
                      ; - org.gradle.internal.classloader.VisitableURLClassLoader$InstrumentingVisitableURLClassLoader::findClass@10 (line 189)
  0x000002772ec7b548: b44e 4cff | 488b d8e9 | a6c8 ffff | 4533 d244 | 8994 2490 | 0000 00e9 | 7bbd ffff | ba66 ffff 
  0x000002772ec7b568: ff48 8bac | 2480 0000 | 004c 8b54 | 2458 4c89 | 5424 204c | 8b54 2430 | 4c89 5424 | 284c 8b54 
  0x000002772ec7b588: 2448 4c89 | 5424 304c | 8b54 2460 | 4c89 5424 | 4866 6690 

  0x000002772ec7b59c: ;   {runtime_call UncommonTrapBlob}
  0x000002772ec7b59c: c5f8 77e8 

  0x000002772ec7b5a0: ; ImmutableOopMap {rbp=Oop [32]=Oop [40]=Oop [48]=Oop [104]=Oop [112]=NarrowOop [272]=Oop [280]=Oop }
                      ;*invokevirtual getManifest {reexecute=0 rethrow=0 return_oop=0}
                      ; - java.util.jar.JarFile::maybeInstantiateVerifier@31 (line 725)
                      ; - java.util.jar.JarFile::ensureInitialization@1 (line 1031)
                      ; - java.util.jar.JavaUtilJarAccessImpl::ensureInitialization@1 (line 72)
                      ; - jdk.internal.loader.URLClassPath$JarLoader$2::getManifest@10 (line 885)
                      ; - java.net.URLClassLoader::defineClass@34 (line 491)
                      ; - java.net.URLClassLoader$1::run@43 (line 427)
                      ; - java.net.URLClassLoader$1::run@1 (line 421)
                      ; - java.security.AccessController::executePrivileged@29 (line 814)
                      ; - java.security.AccessController::doPrivileged@13 (line 712)
                      ; - java.net.URLClassLoader::findClass@13 (line 420)
                      ; - org.gradle.internal.classloader.VisitableURLClassLoader$InstrumentingVisitableURLClassLoader::findClass@10 (line 189)
  0x000002772ec7b5a0: 5cb3 41ff | 418b f149 | 8bd8 498b | d7c5 f877 | 49ba a08b | 8890 fd7f | 0000 41ff | d24c 8bc3 
  0x000002772ec7b5c0: 448b cee9 | a6b5 ffff | 448b 9424 | 8c00 0000 | 43c6 44d4 | 1101 4533 | d244 8994 | 2490 0000 
  0x000002772ec7b5e0: 00e9 f9bc | ffff ba4f | 0000 004c | 8b5c 2458 | 4c89 5c24 | 284c 8b5c | 2448 4c89 | 5c24 384c 
  0x000002772ec7b600: 8b9c 2480 | 0000 004c | 895c 2440 | 4c8b 5c24 | 604c 895c | 2450 4c8b | 9c24 8000 | 0000 4c89 
  0x000002772ec7b620: 5c24 6044 | 8994 24a4 | 0000 0090 

  0x000002772ec7b62c: ;   {runtime_call UncommonTrapBlob}
  0x000002772ec7b62c: c5f8 77e8 

  0x000002772ec7b630: ; ImmutableOopMap {[40]=Oop [48]=Oop [56]=Oop [64]=Oop [96]=Oop [104]=Oop [112]=NarrowOop [120]=Oop [136]=Oop [164]=NarrowOop [272]=Oop [280]=Oop }
                      ;*new {reexecute=0 rethrow=0 return_oop=0}
                      ; - java.util.jar.JarFile::getBytes@20 (line 804)
                      ; - java.util.jar.JarFile::getManifestFromReference@44 (line 419)
                      ; - java.util.jar.JarFile::getManifest@1 (line 406)
                      ; - java.util.jar.JarFile::maybeInstantiateVerifier@31 (line 725)
                      ; - java.util.jar.JarFile::ensureInitialization@1 (line 1031)
                      ; - java.util.jar.JavaUtilJarAccessImpl::ensureInitialization@1 (line 72)
                      ; - jdk.internal.loader.URLClassPath$JarLoader$2::getManifest@10 (line 885)
                      ; - java.net.URLClassLoader::defineClass@34 (line 491)
                      ; - java.net.URLClassLoader$1::run@43 (line 427)
                      ; - java.net.URLClassLoader$1::run@1 (line 421)
                      ; - java.security.AccessController::executePrivileged@29 (line 814)
                      ; - java.security.AccessController::doPrivileged@13 (line 712)
                      ; - java.net.URLClassLoader::findClass@13 (line 420)
                      ; - org.gradle.internal.classloader.VisitableURLClassLoader$InstrumentingVisitableURLClassLoader::findClass@10 (line 189)
  0x000002772ec7b630: ccb2 41ff | bade ffff | ff48 8bac | 2480 0000 | 004c 8b44 | 2450 4c89 | 4424 204c | 8b44 2430 
  0x000002772ec7b650: 4c89 4424 | 284c 8b44 | 2448 4c89 | 4424 304c | 8b44 2460 | 4c89 4424 | 484c 899c | 24a8 0000 
  0x000002772ec7b670: 0044 8994 | 24b0 0000 | 0066 6690 

  0x000002772ec7b67c: ;   {runtime_call UncommonTrapBlob}
  0x000002772ec7b67c: c5f8 77e8 

  0x000002772ec7b680: ; ImmutableOopMap {rbp=Oop [32]=Oop [40]=Oop [48]=Oop [104]=Oop [112]=NarrowOop [120]=Oop [168]=Oop [176]=NarrowOop [240]=Oop [272]=Oop [280]=Oop }
                      ;*invokevirtual getName {reexecute=0 rethrow=0 return_oop=0}
                      ; - java.util.jar.JarFile::getManifestFromReference@74 (line 422)
                      ; - java.util.jar.JarFile::getManifest@1 (line 406)
                      ; - java.util.jar.JarFile::maybeInstantiateVerifier@31 (line 725)
                      ; - java.util.jar.JarFile::ensureInitialization@1 (line 1031)
                      ; - java.util.jar.JavaUtilJarAccessImpl::ensureInitialization@1 (line 72)
                      ; - jdk.internal.loader.URLClassPath$JarLoader$2::getManifest@10 (line 885)
                      ; - java.net.URLClassLoader::defineClass@34 (line 491)
                      ; - java.net.URLClassLoader$1::run@43 (line 427)
                      ; - java.net.URLClassLoader$1::run@1 (line 421)
                      ; - java.security.AccessController::executePrivileged@29 (line 814)
                      ; - java.security.AccessController::doPrivileged@13 (line 712)
                      ; - java.net.URLClassLoader::findClass@13 (line 420)
                      ; - org.gradle.internal.classloader.VisitableURLClassLoader$InstrumentingVisitableURLClassLoader::findClass@10 (line 189)
  0x000002772ec7b680: 7cb2 41ff | ba85 0100 | 0048 8bac | 2480 0000 | 004c 8b54 | 2458 4c89 | 5424 204c | 8b54 2430 
  0x000002772ec7b6a0: 4c89 5424 | 284c 8b54 | 2448 4c89 | 5424 304c | 8b54 2460 | 4c89 5424 | 4844 8984 | 249c 0000 
  0x000002772ec7b6c0: 0044 899c | 24a0 0000 | 0066 6690 

  0x000002772ec7b6cc: ;   {runtime_call UncommonTrapBlob}
  0x000002772ec7b6cc: c5f8 77e8 

  0x000002772ec7b6d0: ; ImmutableOopMap {rbp=Oop [32]=Oop [40]=Oop [48]=Oop [104]=Oop [112]=NarrowOop [116]=NarrowOop [120]=Oop [136]=Oop [272]=Oop [280]=Oop }
                      ;*new {reexecute=0 rethrow=0 return_oop=0}
                      ; - java.util.jar.JarFile::getBytes@141 (line 823)
                      ; - java.util.jar.JarFile::getManifestFromReference@44 (line 419)
                      ; - java.util.jar.JarFile::getManifest@1 (line 406)
                      ; - java.util.jar.JarFile::maybeInstantiateVerifier@31 (line 725)
                      ; - java.util.jar.JarFile::ensureInitialization@1 (line 1031)
                      ; - java.util.jar.JavaUtilJarAccessImpl::ensureInitialization@1 (line 72)
                      ; - jdk.internal.loader.URLClassPath$JarLoader$2::getManifest@10 (line 885)
                      ; - java.net.URLClassLoader::defineClass@34 (line 491)
                      ; - java.net.URLClassLoader$1::run@43 (line 427)
                      ; - java.net.URLClassLoader$1::run@1 (line 421)
                      ; - java.security.AccessController::executePrivileged@29 (line 814)
                      ; - java.security.AccessController::doPrivileged@13 (line 712)
                      ; - java.net.URLClassLoader::findClass@13 (line 420)
                      ; - org.gradle.internal.classloader.VisitableURLClassLoader$InstrumentingVisitableURLClassLoader::findClass@10 (line 189)
  0x000002772ec7b6d0: 2cb2 41ff | 498b d7c5 | f877 49ba | a08b 8890 | fd7f 0000 | 41ff d24c | 8b84 2490 | 0000 00e9 
  0x000002772ec7b6f0: e7d7 ffff | bae4 ffff | ff48 8bac | 2480 0000 | 004c 8b54 | 2450 4c89 | 5424 204c | 8b54 2430 
  0x000002772ec7b710: 4c89 5424 | 284c 8b54 | 2448 4c89 | 5424 304c | 8b54 2460 | 4c89 5424 | 4844 899c | 24c4 0000 
  0x000002772ec7b730: 0044 8984 | 24c8 0000 | 0066 6690 

  0x000002772ec7b73c: ;   {runtime_call UncommonTrapBlob}
  0x000002772ec7b73c: c5f8 77e8 

  0x000002772ec7b740: ; ImmutableOopMap {rbp=Oop [32]=Oop [40]=Oop [48]=Oop [104]=Oop [112]=NarrowOop [116]=NarrowOop [120]=Oop [136]=NarrowOop [144]=Oop [196]=NarrowOop [272]=Oop [280]=Oop }
                      ;*baload {reexecute=0 rethrow=0 return_oop=0}
                      ; - java.util.zip.ZipUtils::SH@2 (line 203)
                      ; - java.util.zip.ZipUtils::CENHOW@5 (line 267)
                      ; - java.util.zip.ZipFile::getInputStream@98 (line 378)
                      ; - java.util.jar.JarFile::getManifestFromReference@130 (line 432)
                      ; - java.util.jar.JarFile::getManifest@1 (line 406)
                      ; - java.util.jar.JarFile::maybeInstantiateVerifier@31 (line 725)
                      ; - java.util.jar.JarFile::ensureInitialization@1 (line 1031)
                      ; - java.util.jar.JavaUtilJarAccessImpl::ensureInitialization@1 (line 72)
                      ; - jdk.internal.loader.URLClassPath$JarLoader$2::getManifest@10 (line 885)
                      ; - java.net.URLClassLoader::defineClass@34 (line 491)
                      ; - java.net.URLClassLoader$1::run@43 (line 427)
                      ; - java.net.URLClassLoader$1::run@1 (line 421)
                      ; - java.security.AccessController::executePrivileged@29 (line 814)
                      ; - java.security.AccessController::doPrivileged@13 (line 712)
                      ; - java.net.URLClassLoader::findClass@13 (line 420)
                      ; - org.gradle.internal.classloader.VisitableURLClassLoader$InstrumentingVisitableURLClassLoader::findClass@10 (line 189)
  0x000002772ec7b740: bcb1 41ff | 8bac 248c | 0000 0083 | c50b bae4 | ffff ff4c | 8b54 2450 | 4c89 5424 | 284c 8b54 
  0x000002772ec7b760: 2448 4c89 | 5424 384c | 8b94 2480 | 0000 004c | 8954 2440 | 4c8b 5424 | 604c 8954 | 2450 4c8b 
  0x000002772ec7b780: 9424 8000 | 0000 4c89 | 5424 6089 | 8c24 ac00 | 0000 4489 | 8c24 c800 | 0000 6690 

  0x000002772ec7b79c: ;   {runtime_call UncommonTrapBlob}
  0x000002772ec7b79c: c5f8 77e8 

  0x000002772ec7b7a0: ; ImmutableOopMap {[40]=Oop [48]=Oop [56]=Oop [64]=Oop [96]=Oop [104]=Oop [112]=NarrowOop [116]=NarrowOop [120]=Oop [136]=NarrowOop [144]=Oop [200]=NarrowOop [272]=Oop [280]=Oop }
                      ;*baload {reexecute=0 rethrow=0 return_oop=0}
                      ; - java.util.zip.ZipUtils::SH@11 (line 203)
                      ; - java.util.zip.ZipUtils::CENHOW@5 (line 267)
                      ; - java.util.zip.ZipFile::getInputStream@98 (line 378)
                      ; - java.util.jar.JarFile::getManifestFromReference@130 (line 432)
                      ; - java.util.jar.JarFile::getManifest@1 (line 406)
                      ; - java.util.jar.JarFile::maybeInstantiateVerifier@31 (line 725)
                      ; - java.util.jar.JarFile::ensureInitialization@1 (line 1031)
                      ; - java.util.jar.JavaUtilJarAccessImpl::ensureInitialization@1 (line 72)
                      ; - jdk.internal.loader.URLClassPath$JarLoader$2::getManifest@10 (line 885)
                      ; - java.net.URLClassLoader::defineClass@34 (line 491)
                      ; - java.net.URLClassLoader$1::run@43 (line 427)
                      ; - java.net.URLClassLoader$1::run@1 (line 421)
                      ; - java.security.AccessController::executePrivileged@29 (line 814)
                      ; - java.security.AccessController::doPrivileged@13 (line 712)
                      ; - java.net.URLClassLoader::findClass@13 (line 420)
                      ; - org.gradle.internal.classloader.VisitableURLClassLoader$InstrumentingVisitableURLClassLoader::findClass@10 (line 189)
  0x000002772ec7b7a0: 5cb1 41ff | 498b d04c | 8d84 2440 | 0100 0090 

  0x000002772ec7b7b0: ;   {runtime_call _complete_monitor_locking_Java}
  0x000002772ec7b7b0: c5f8 77e8 

  0x000002772ec7b7b4: ; ImmutableOopMap {[40]=Oop [48]=Oop [56]=Oop [72]=Oop [88]=Oop [104]=Oop [112]=NarrowOop [116]=NarrowOop [120]=Oop [128]=Oop [152]=Oop [272]=Oop [280]=Oop }
                      ;*monitorenter {reexecute=0 rethrow=0 return_oop=0}
                      ; - java.util.zip.ZipFile::getInputStream@226 (line 395)
                      ; - java.util.jar.JarFile::getManifestFromReference@130 (line 432)
                      ; - java.util.jar.JarFile::getManifest@1 (line 406)
                      ; - java.util.jar.JarFile::maybeInstantiateVerifier@31 (line 725)
                      ; - java.util.jar.JarFile::ensureInitialization@1 (line 1031)
                      ; - java.util.jar.JavaUtilJarAccessImpl::ensureInitialization@1 (line 72)
                      ; - jdk.internal.loader.URLClassPath$JarLoader$2::getManifest@10 (line 885)
                      ; - java.net.URLClassLoader::defineClass@34 (line 491)
                      ; - java.net.URLClassLoader$1::run@43 (line 427)
                      ; - java.net.URLClassLoader$1::run@1 (line 421)
                      ; - java.security.AccessController::executePrivileged@29 (line 814)
                      ; - java.security.AccessController::doPrivileged@13 (line 712)
                      ; - java.net.URLClassLoader::findClass@13 (line 420)
                      ; - org.gradle.internal.classloader.VisitableURLClassLoader$InstrumentingVisitableURLClassLoader::findClass@10 (line 189)
  0x000002772ec7b7b4: 486e 4cff | e921 c1ff | ffba deff | ffff 488b | ac24 8000 | 0000 4c8b | 5424 584c | 8954 2420 
  0x000002772ec7b7d4: 4c8b 5424 | 304c 8954 | 2428 4c8b | 5424 484c | 8954 2430 | 4c8b 5424 | 604c 8954 | 2448 6690 
  0x000002772ec7b7f4: ;   {runtime_call UncommonTrapBlob}
  0x000002772ec7b7f4: c5f8 77e8 

  0x000002772ec7b7f8: ; ImmutableOopMap {rbp=Oop [32]=Oop [40]=Oop [48]=Oop [104]=Oop [112]=NarrowOop [116]=NarrowOop [120]=Oop [152]=Oop [272]=Oop [280]=Oop }
                      ;*invokeinterface add {reexecute=0 rethrow=0 return_oop=0}
                      ; - java.util.zip.ZipFile::getInputStream@231 (line 396)
                      ; - java.util.jar.JarFile::getManifestFromReference@130 (line 432)
                      ; - java.util.jar.JarFile::getManifest@1 (line 406)
                      ; - java.util.jar.JarFile::maybeInstantiateVerifier@31 (line 725)
                      ; - java.util.jar.JarFile::ensureInitialization@1 (line 1031)
                      ; - java.util.jar.JavaUtilJarAccessImpl::ensureInitialization@1 (line 72)
                      ; - jdk.internal.loader.URLClassPath$JarLoader$2::getManifest@10 (line 885)
                      ; - java.net.URLClassLoader::defineClass@34 (line 491)
                      ; - java.net.URLClassLoader$1::run@43 (line 427)
                      ; - java.net.URLClassLoader$1::run@1 (line 421)
                      ; - java.security.AccessController::executePrivileged@29 (line 814)
                      ; - java.security.AccessController::doPrivileged@13 (line 712)
                      ; - java.net.URLClassLoader::findClass@13 (line 420)
                      ; - org.gradle.internal.classloader.VisitableURLClassLoader$InstrumentingVisitableURLClassLoader::findClass@10 (line 189)
  0x000002772ec7b7f8: 04b1 41ff | 488b cd48 | 8d94 2440 | 0100 004d | 8bc7 c5f8 | 7749 ba90 | d8c9 90fd | 7f00 0041 
  0x000002772ec7b818: ffd2 e9b1 | c1ff ffba | 45ff ffff | 4c8b 5424 | 504c 8954 | 2428 4c8b | 5424 484c | 8954 2438 
  0x000002772ec7b838: 4c8b 9424 | 8000 0000 | 4c89 5424 | 404c 8b54 | 2460 4c89 | 5424 504c | 8b94 2480 | 0000 004c 
  0x000002772ec7b858: 8954 2460 | 4c89 8424 | 9800 0000 

  0x000002772ec7b864: ;   {runtime_call UncommonTrapBlob}
  0x000002772ec7b864: c5f8 77e8 

  0x000002772ec7b868: ; ImmutableOopMap {[40]=Oop [48]=Oop [56]=Oop [64]=Oop [96]=Oop [104]=Oop [112]=NarrowOop [116]=NarrowOop [152]=Oop [240]=Oop [272]=Oop [280]=Oop }
                      ;*ifne {reexecute=1 rethrow=0 return_oop=0}
                      ; - (reexecute) java.util.jar.JarFile::getManifestFromReference@52 (line 420)
                      ; - java.util.jar.JarFile::getManifest@1 (line 406)
                      ; - java.util.jar.JarFile::maybeInstantiateVerifier@31 (line 725)
                      ; - java.util.jar.JarFile::ensureInitialization@1 (line 1031)
                      ; - java.util.jar.JavaUtilJarAccessImpl::ensureInitialization@1 (line 72)
                      ; - jdk.internal.loader.URLClassPath$JarLoader$2::getManifest@10 (line 885)
                      ; - java.net.URLClassLoader::defineClass@34 (line 491)
                      ; - java.net.URLClassLoader$1::run@43 (line 427)
                      ; - java.net.URLClassLoader$1::run@1 (line 421)
                      ; - java.security.AccessController::executePrivileged@29 (line 814)
                      ; - java.security.AccessController::doPrivileged@13 (line 712)
                      ; - java.net.URLClassLoader::findClass@13 (line 420)
                      ; - org.gradle.internal.classloader.VisitableURLClassLoader$InstrumentingVisitableURLClassLoader::findClass@10 (line 189)
  0x000002772ec7b868: 94b0 41ff | ba45 ffff | ff48 8bac | 2480 0000 | 004c 8b54 | 2450 4c89 | 5424 204c | 8b54 2430 
  0x000002772ec7b888: 4c89 5424 | 284c 8b54 | 2448 4c89 | 5424 304c | 8b54 2460 | 4c89 5424 | 4889 8424 | 9400 0000 
  0x000002772ec7b8a8: ;   {runtime_call UncommonTrapBlob}
  0x000002772ec7b8a8: c5f8 77e8 

  0x000002772ec7b8ac: ; ImmutableOopMap {rbp=Oop [32]=Oop [40]=Oop [48]=Oop [104]=Oop [112]=NarrowOop [116]=NarrowOop [120]=Oop [240]=Oop [272]=Oop [280]=Oop }
                      ;*if_icmpne {reexecute=1 rethrow=0 return_oop=0}
                      ; - (reexecute) java.util.jar.JarFile::getManifestFromReference@65 (line 421)
                      ; - java.util.jar.JarFile::getManifest@1 (line 406)
                      ; - java.util.jar.JarFile::maybeInstantiateVerifier@31 (line 725)
                      ; - java.util.jar.JarFile::ensureInitialization@1 (line 1031)
                      ; - java.util.jar.JavaUtilJarAccessImpl::ensureInitialization@1 (line 72)
                      ; - jdk.internal.loader.URLClassPath$JarLoader$2::getManifest@10 (line 885)
                      ; - java.net.URLClassLoader::defineClass@34 (line 491)
                      ; - java.net.URLClassLoader$1::run@43 (line 427)
                      ; - java.net.URLClassLoader$1::run@1 (line 421)
                      ; - java.security.AccessController::executePrivileged@29 (line 814)
                      ; - java.security.AccessController::doPrivileged@13 (line 712)
                      ; - java.net.URLClassLoader::findClass@13 (line 420)
                      ; - org.gradle.internal.classloader.VisitableURLClassLoader$InstrumentingVisitableURLClassLoader::findClass@10 (line 189)
  0x000002772ec7b8ac: 50b0 41ff | 498b d7c5 | f877 49ba | a08b 8890 | fd7f 0000 | 41ff d2e9 | 47c9 ffff | 498b d7c5 
  0x000002772ec7b8cc: f877 49ba | a08b 8890 | fd7f 0000 | 41ff d2e9 | e8c8 ffff | 498b d7c5 | f877 49ba | a08b 8890 
  0x000002772ec7b8ec: fd7f 0000 | 41ff d2e9 | 31c8 ffff | 498b d849 | 8bd7 c5f8 | 7749 baa0 | 8b88 90fd | 7f00 0041 
  0x000002772ec7b90c: ffd2 e976 | eaff ff49 | 8bd7 c5f8 | 7749 baa0 | 8b88 90fd | 7f00 0041 | ffd2 e963 | c7ff ff49 
  0x000002772ec7b92c: 8bd7 c5f8 | 7749 baa0 | 8b88 90fd | 7f00 0041 | ffd2 e9c5 | eaff ff49 | 8bd7 c5f8 | 7749 baa0 
  0x000002772ec7b94c: 8b88 90fd | 7f00 0041 | ffd2 e96a | eaff ff49 | 8bd7 c5f8 | 7749 baa0 | 8b88 90fd | 7f00 0041 
  0x000002772ec7b96c: ffd2 e9d2 | eaff ff49 | 8bd7 c5f8 | 7749 baa0 | 8b88 90fd | 7f00 0041 | ffd2 e9f6 | eaff ff49 
  0x000002772ec7b98c: 8bd7 c5f8 | 7749 baa0 | 8b88 90fd | 7f00 0041 | ffd2 e921 | ebff ff49 | 8bd7 c5f8 | 7749 baa0 
  0x000002772ec7b9ac: 8b88 90fd | 7f00 0041 | ffd2 e945 | ebff ff49 | 8bd7 c5f8 | 7749 baa0 | 8b88 90fd | 7f00 0041 
  0x000002772ec7b9cc: ffd2 e9ff | cdff ff49 | 8bd8 498b | d7c5 f877 | 49ba a08b | 8890 fd7f | 0000 41ff | d2e9 94eb 
  0x000002772ec7b9ec: ffff 498b | d7c5 f877 | 49ba a08b | 8890 fd7f | 0000 41ff | d2e9 0ccf | ffff 498b | d7c5 f877 
  0x000002772ec7ba0c: 49ba a08b | 8890 fd7f | 0000 41ff | d2e9 a0eb | ffff 498b | d7c5 f877 | 49ba a08b | 8890 fd7f 
  0x000002772ec7ba2c: 0000 41ff | d2e9 bad0 | ffff 498b | d7c5 f877 | 49ba a08b | 8890 fd7f | 0000 41ff | d2e9 cacf 
  0x000002772ec7ba4c: ffff 498b | d7c5 f877 | 49ba a08b | 8890 fd7f | 0000 41ff | d2e9 49ec | ffff 498b | d7c5 f877 
  0x000002772ec7ba6c: 49ba a08b | 8890 fd7f | 0000 41ff | d2e9 2bd0 | ffff 498b | d849 8bd7 | c5f8 7749 | baa0 8b88 
  0x000002772ec7ba8c: 90fd 7f00 | 0041 ffd2 | e9d2 ecff | ff49 8bd7 | c5f8 7749 | baa0 8b88 | 90fd 7f00 | 0041 ffd2 
  0x000002772ec7baac: e968 d2ff | ff49 8bf9 | 498b d849 | 8bd7 c5f8 | 7749 baa0 | 8b88 90fd | 7f00 0041 | ffd2 e95c 
  0x000002772ec7bacc: ecff ff49 | 8bd7 c5f8 | 7749 baa0 | 8b88 90fd | 7f00 0041 | ffd2 4c8b | c5e9 2cd3 | ffff 4963 
  0x000002772ec7baec: c8e9 29c2 | ffff 498b | d849 8bd7 | c5f8 7749 | baa0 8b88 | 90fd 7f00 | 0041 ffd2 | 4c8b c3e9 
  0x000002772ec7bb0c: f4bf ffff | 498b f049 | 8bd7 c5f8 | 7749 baa0 | 8b88 90fd | 7f00 0041 | ffd2 4c8b | 4c24 384c 
  0x000002772ec7bb2c: 8bc6 e921 | c0ff ff49 | 8bf9 498b | d7c5 f877 | 49ba a08b | 8890 fd7f | 0000 41ff | d24c 8b44 
  0x000002772ec7bb4c: 2438 4c8b | cfe9 afc0 | ffff 498b | d7c5 f877 | 49ba a08b | 8890 fd7f | 0000 41ff | d24c 8bd5 
  0x000002772ec7bb6c: e901 c1ff | ffba 45ff | ffff 4c8b | 5424 584c | 8954 2428 | 4c8b 5424 | 484c 8954 | 2438 4c8b 
  0x000002772ec7bb8c: 9424 8000 | 0000 4c89 | 5424 404c | 8b54 2460 | 4c89 5424 | 504c 8b94 | 2480 0000 | 004c 8954 
  0x000002772ec7bbac: 2460 4c89 | 8424 9800 | 0000 899c | 24a0 0000 | 0044 898c | 24a4 0000 | 0089 8c24 | a800 0000 
  0x000002772ec7bbcc: 4c89 8424 | b000 0000 

  0x000002772ec7bbd4: ;   {runtime_call UncommonTrapBlob}
  0x000002772ec7bbd4: c5f8 77e8 

  0x000002772ec7bbd8: ; ImmutableOopMap {[40]=Oop [48]=Oop [56]=Oop [64]=Oop [96]=Oop [104]=Oop [112]=NarrowOop [152]=Oop [160]=NarrowOop [164]=NarrowOop [168]=NarrowOop [176]=Oop [272]=Oop [280]=Oop }
                      ;*ifeq {reexecute=1 rethrow=0 return_oop=0}
                      ; - (reexecute) java.util.zip.ZipFile::ensureOpen@4 (line 838)
                      ; - java.util.zip.ZipFile::getInputStream@31 (line 368)
                      ; - java.util.jar.JarFile::getManifestFromReference@130 (line 432)
                      ; - java.util.jar.JarFile::getManifest@1 (line 406)
                      ; - java.util.jar.JarFile::maybeInstantiateVerifier@31 (line 725)
                      ; - java.util.jar.JarFile::ensureInitialization@1 (line 1031)
                      ; - java.util.jar.JavaUtilJarAccessImpl::ensureInitialization@1 (line 72)
                      ; - jdk.internal.loader.URLClassPath$JarLoader$2::getManifest@10 (line 885)
                      ; - java.net.URLClassLoader::defineClass@34 (line 491)
                      ; - java.net.URLClassLoader$1::run@43 (line 427)
                      ; - java.net.URLClassLoader$1::run@1 (line 421)
                      ; - java.security.AccessController::executePrivileged@29 (line 814)
                      ; - java.security.AccessController::doPrivileged@13 (line 712)
                      ; - java.net.URLClassLoader::findClass@13 (line 420)
                      ; - org.gradle.internal.classloader.VisitableURLClassLoader$InstrumentingVisitableURLClassLoader::findClass@10 (line 189)
  0x000002772ec7bbd8: 24ad 41ff | ba45 ffff | ff4c 8b54 | 2458 4c89 | 5424 284c | 8b54 2448 | 4c89 5424 | 384c 8b94 
  0x000002772ec7bbf8: 2480 0000 | 004c 8954 | 2440 4c8b | 5424 604c | 8954 2450 | 4c8b 9424 | 8000 0000 | 4c89 5424 
  0x000002772ec7bc18: 604c 8984 | 2498 0000 | 0089 9c24 | a000 0000 | 4489 8c24 | a400 0000 | 898c 24a8 | 0000 004c 
  0x000002772ec7bc38: 8984 24b0 | 0000 0090 

  0x000002772ec7bc40: ;   {runtime_call UncommonTrapBlob}
  0x000002772ec7bc40: c5f8 77e8 

  0x000002772ec7bc44: ; ImmutableOopMap {rbp=NarrowOop [40]=Oop [48]=Oop [56]=Oop [64]=Oop [96]=Oop [104]=Oop [112]=NarrowOop [152]=Oop [160]=NarrowOop [164]=NarrowOop [168]=NarrowOop [176]=Oop [272]=Oop [280]=Oop }
                      ;*ifnonnull {reexecute=1 rethrow=0 return_oop=0}
                      ; - (reexecute) java.util.zip.ZipFile::ensureOpen@25 (line 841)
                      ; - java.util.zip.ZipFile::getInputStream@31 (line 368)
                      ; - java.util.jar.JarFile::getManifestFromReference@130 (line 432)
                      ; - java.util.jar.JarFile::getManifest@1 (line 406)
                      ; - java.util.jar.JarFile::maybeInstantiateVerifier@31 (line 725)
                      ; - java.util.jar.JarFile::ensureInitialization@1 (line 1031)
                      ; - java.util.jar.JavaUtilJarAccessImpl::ensureInitialization@1 (line 72)
                      ; - jdk.internal.loader.URLClassPath$JarLoader$2::getManifest@10 (line 885)
                      ; - java.net.URLClassLoader::defineClass@34 (line 491)
                      ; - java.net.URLClassLoader$1::run@43 (line 427)
                      ; - java.net.URLClassLoader$1::run@1 (line 421)
                      ; - java.security.AccessController::executePrivileged@29 (line 814)
                      ; - java.security.AccessController::doPrivileged@13 (line 712)
                      ; - java.net.URLClassLoader::findClass@13 (line 420)
                      ; - org.gradle.internal.classloader.VisitableURLClassLoader$InstrumentingVisitableURLClassLoader::findClass@10 (line 189)
  0x000002772ec7bc44: b8ac 41ff | ba45 ffff | ff48 8bac | 2480 0000 | 004c 8b54 | 2458 4c89 | 5424 204c | 8b54 2430 
  0x000002772ec7bc64: 4c89 5424 | 284c 8b54 | 2448 4c89 | 5424 304c | 8b54 2460 | 4c89 5424 | 484c 8984 | 2498 0000 
  0x000002772ec7bc84: 004c 8984 | 24a8 0000 | 0044 899c | 24a4 0000 | 0066 6690 

  0x000002772ec7bc98: ;   {runtime_call UncommonTrapBlob}
  0x000002772ec7bc98: c5f8 77e8 

  0x000002772ec7bc9c: ; ImmutableOopMap {rbp=Oop [32]=Oop [40]=Oop [48]=Oop [104]=Oop [112]=NarrowOop [116]=NarrowOop [136]=NarrowOop [152]=Oop [168]=Oop [272]=Oop [280]=Oop }
                      ;*if_icmpne {reexecute=1 rethrow=0 return_oop=0}
                      ; - (reexecute) java.util.zip.ZipFile::getInputStream@69 (line 374)
                      ; - java.util.jar.JarFile::getManifestFromReference@130 (line 432)
                      ; - java.util.jar.JarFile::getManifest@1 (line 406)
                      ; - java.util.jar.JarFile::maybeInstantiateVerifier@31 (line 725)
                      ; - java.util.jar.JarFile::ensureInitialization@1 (line 1031)
                      ; - java.util.jar.JavaUtilJarAccessImpl::ensureInitialization@1 (line 72)
                      ; - jdk.internal.loader.URLClassPath$JarLoader$2::getManifest@10 (line 885)
                      ; - java.net.URLClassLoader::defineClass@34 (line 491)
                      ; - java.net.URLClassLoader$1::run@43 (line 427)
                      ; - java.net.URLClassLoader$1::run@1 (line 421)
                      ; - java.security.AccessController::executePrivileged@29 (line 814)
                      ; - java.security.AccessController::doPrivileged@13 (line 712)
                      ; - java.net.URLClassLoader::findClass@13 (line 420)
                      ; - org.gradle.internal.classloader.VisitableURLClassLoader$InstrumentingVisitableURLClassLoader::findClass@10 (line 189)
  0x000002772ec7bc9c: 60ac 41ff | 4d3b d0bd | ffff ffff | 7c08 400f | 95c5 400f | b6ed ba45 | ffff ff4c | 8b54 2450 
  0x000002772ec7bcbc: 4c89 5424 | 284c 8b54 | 2448 4c89 | 5424 384c | 8b94 2480 | 0000 004c | 8954 2440 | 4c8b 5424 
  0x000002772ec7bcdc: 604c 8954 | 2450 4c8b | 9424 8000 | 0000 4c89 | 5424 6090 

  0x000002772ec7bcf0: ;   {runtime_call UncommonTrapBlob}
  0x000002772ec7bcf0: c5f8 77e8 

  0x000002772ec7bcf4: ; ImmutableOopMap {[40]=Oop [48]=Oop [56]=Oop [64]=Oop [96]=Oop [104]=Oop [112]=NarrowOop [116]=NarrowOop [120]=Oop [136]=NarrowOop [144]=Oop [152]=NarrowOop [272]=Oop [280]=Oop }
                      ;*ifeq {reexecute=1 rethrow=0 return_oop=0}
                      ; - (reexecute) java.util.zip.ZipFile$ZipFileInputStream::<init>@44 (line 868)
                      ; - java.util.zip.ZipFile::getInputStream@88 (line 377)
                      ; - java.util.jar.JarFile::getManifestFromReference@130 (line 432)
                      ; - java.util.jar.JarFile::getManifest@1 (line 406)
                      ; - java.util.jar.JarFile::maybeInstantiateVerifier@31 (line 725)
                      ; - java.util.jar.JarFile::ensureInitialization@1 (line 1031)
                      ; - java.util.jar.JavaUtilJarAccessImpl::ensureInitialization@1 (line 72)
                      ; - jdk.internal.loader.URLClassPath$JarLoader$2::getManifest@10 (line 885)
                      ; - java.net.URLClassLoader::defineClass@34 (line 491)
                      ; - java.net.URLClassLoader$1::run@43 (line 427)
                      ; - java.net.URLClassLoader$1::run@1 (line 421)
                      ; - java.security.AccessController::executePrivileged@29 (line 814)
                      ; - java.security.AccessController::doPrivileged@13 (line 712)
                      ; - java.net.URLClassLoader::findClass@13 (line 420)
                      ; - org.gradle.internal.classloader.VisitableURLClassLoader$InstrumentingVisitableURLClassLoader::findClass@10 (line 189)
  0x000002772ec7bcf4: 08ac 41ff | 4d3b d0bd | ffff ffff | 7c08 400f | 95c5 400f | b6ed ba45 | ffff ff4c | 8b54 2450 
  0x000002772ec7bd14: 4c89 5424 | 284c 8b54 | 2448 4c89 | 5424 384c | 8b94 2480 | 0000 004c | 8954 2440 | 4c8b 5424 
  0x000002772ec7bd34: 604c 8954 | 2450 4c8b | 9424 8000 | 0000 4c89 | 5424 6090 

  0x000002772ec7bd48: ;   {runtime_call UncommonTrapBlob}
  0x000002772ec7bd48: c5f8 77e8 

  0x000002772ec7bd4c: ; ImmutableOopMap {[40]=Oop [48]=Oop [56]=Oop [64]=Oop [96]=Oop [104]=Oop [112]=NarrowOop [116]=NarrowOop [120]=Oop [136]=NarrowOop [144]=Oop [152]=NarrowOop [272]=Oop [280]=Oop }
                      ;*ifeq {reexecute=1 rethrow=0 return_oop=0}
                      ; - (reexecute) java.util.zip.ZipFile$ZipFileInputStream::<init>@55 (line 868)
                      ; - java.util.zip.ZipFile::getInputStream@88 (line 377)
                      ; - java.util.jar.JarFile::getManifestFromReference@130 (line 432)
                      ; - java.util.jar.JarFile::getManifest@1 (line 406)
                      ; - java.util.jar.JarFile::maybeInstantiateVerifier@31 (line 725)
                      ; - java.util.jar.JarFile::ensureInitialization@1 (line 1031)
                      ; - java.util.jar.JavaUtilJarAccessImpl::ensureInitialization@1 (line 72)
                      ; - jdk.internal.loader.URLClassPath$JarLoader$2::getManifest@10 (line 885)
                      ; - java.net.URLClassLoader::defineClass@34 (line 491)
                      ; - java.net.URLClassLoader$1::run@43 (line 427)
                      ; - java.net.URLClassLoader$1::run@1 (line 421)
                      ; - java.security.AccessController::executePrivileged@29 (line 814)
                      ; - java.security.AccessController::doPrivileged@13 (line 712)
                      ; - java.net.URLClassLoader::findClass@13 (line 420)
                      ; - org.gradle.internal.classloader.VisitableURLClassLoader$InstrumentingVisitableURLClassLoader::findClass@10 (line 189)
  0x000002772ec7bd4c: b0ab 41ff | 4d3b d8bd | ffff ffff | 7c08 400f | 95c5 400f | b6ed ba45 | ffff ff4c | 8b54 2450 
  0x000002772ec7bd6c: 4c89 5424 | 284c 8b54 | 2448 4c89 | 5424 384c | 8b94 2480 | 0000 004c | 8954 2440 | 4c8b 5424 
  0x000002772ec7bd8c: 604c 8954 | 2450 4c8b | 9424 8000 | 0000 4c89 | 5424 6090 

  0x000002772ec7bda0: ;   {runtime_call UncommonTrapBlob}
  0x000002772ec7bda0: c5f8 77e8 

  0x000002772ec7bda4: ; ImmutableOopMap {[40]=Oop [48]=Oop [56]=Oop [64]=Oop [96]=Oop [104]=Oop [112]=NarrowOop [116]=NarrowOop [120]=Oop [136]=NarrowOop [144]=Oop [152]=NarrowOop [272]=Oop [280]=Oop }
                      ;*ifne {reexecute=1 rethrow=0 return_oop=0}
                      ; - (reexecute) java.util.zip.ZipFile$ZipFileInputStream::<init>@66 (line 868)
                      ; - java.util.zip.ZipFile::getInputStream@88 (line 377)
                      ; - java.util.jar.JarFile::getManifestFromReference@130 (line 432)
                      ; - java.util.jar.JarFile::getManifest@1 (line 406)
                      ; - java.util.jar.JarFile::maybeInstantiateVerifier@31 (line 725)
                      ; - java.util.jar.JarFile::ensureInitialization@1 (line 1031)
                      ; - java.util.jar.JavaUtilJarAccessImpl::ensureInitialization@1 (line 72)
                      ; - jdk.internal.loader.URLClassPath$JarLoader$2::getManifest@10 (line 885)
                      ; - java.net.URLClassLoader::defineClass@34 (line 491)
                      ; - java.net.URLClassLoader$1::run@43 (line 427)
                      ; - java.net.URLClassLoader$1::run@1 (line 421)
                      ; - java.security.AccessController::executePrivileged@29 (line 814)
                      ; - java.security.AccessController::doPrivileged@13 (line 712)
                      ; - java.net.URLClassLoader::findClass@13 (line 420)
                      ; - org.gradle.internal.classloader.VisitableURLClassLoader$InstrumentingVisitableURLClassLoader::findClass@10 (line 189)
  0x000002772ec7bda4: 58ab 41ff | bae4 ffff | ff48 8bac | 2480 0000 | 004c 8b54 | 2458 4c89 | 5424 204c | 8b54 2430 
  0x000002772ec7bdc4: 4c89 5424 | 284c 8b54 | 2448 4c89 | 5424 304c | 8b54 2460 | 4c89 5424 | 4844 8984 | 24c0 0000 
  0x000002772ec7bde4: 0066 6690 

  0x000002772ec7bde8: ;   {runtime_call UncommonTrapBlob}
  0x000002772ec7bde8: c5f8 77e8 

  0x000002772ec7bdec: ; ImmutableOopMap {rbp=Oop [32]=Oop [40]=Oop [48]=Oop [104]=Oop [112]=NarrowOop [116]=NarrowOop [120]=Oop [136]=NarrowOop [140]=NarrowOop [192]=NarrowOop [272]=Oop [280]=Oop }
                      ;*iaload {reexecute=0 rethrow=0 return_oop=0}
                      ; - java.util.zip.ZipFile$Source::getEntryHash@5 (line 1377)
                      ; - java.util.zip.ZipFile$Source::getEntryPos@39 (line 1787)
                      ; - java.util.zip.ZipFile::getInputStream@63 (line 372)
                      ; - java.util.jar.JarFile::getManifestFromReference@130 (line 432)
                      ; - java.util.jar.JarFile::getManifest@1 (line 406)
                      ; - java.util.jar.JarFile::maybeInstantiateVerifier@31 (line 725)
                      ; - java.util.jar.JarFile::ensureInitialization@1 (line 1031)
                      ; - java.util.jar.JavaUtilJarAccessImpl::ensureInitialization@1 (line 72)
                      ; - jdk.internal.loader.URLClassPath$JarLoader$2::getManifest@10 (line 885)
                      ; - java.net.URLClassLoader::defineClass@34 (line 491)
                      ; - java.net.URLClassLoader$1::run@43 (line 427)
                      ; - java.net.URLClassLoader$1::run@1 (line 421)
                      ; - java.security.AccessController::executePrivileged@29 (line 814)
                      ; - java.security.AccessController::doPrivileged@13 (line 712)
                      ; - java.net.URLClassLoader::findClass@13 (line 420)
                      ; - org.gradle.internal.classloader.VisitableURLClassLoader$InstrumentingVisitableURLClassLoader::findClass@10 (line 189)
  0x000002772ec7bdec: 10ab 41ff | bae4 ffff | ff48 8bac | 2480 0000 | 004c 8b54 | 2458 4c89 | 5424 204c | 8b54 2430 
  0x000002772ec7be0c: 4c89 5424 | 284c 8b54 | 2448 4c89 | 5424 304c | 8b54 2460 | 4c89 5424 | 4844 8984 | 24bc 0000 
  0x000002772ec7be2c: 0089 8c24 | c000 0000 

  0x000002772ec7be34: ;   {runtime_call UncommonTrapBlob}
  0x000002772ec7be34: c5f8 77e8 

  0x000002772ec7be38: ; ImmutableOopMap {rbp=Oop [32]=Oop [40]=Oop [48]=Oop [104]=Oop [112]=NarrowOop [116]=NarrowOop [120]=Oop [136]=NarrowOop [140]=NarrowOop [188]=NarrowOop [272]=Oop [280]=Oop }
                      ;*iaload {reexecute=0 rethrow=0 return_oop=0}
                      ; - java.util.zip.ZipFile$Source::getEntryNext@7 (line 1378)
                      ; - java.util.zip.ZipFile$Source::getEntryPos@185 (line 1816)
                      ; - java.util.zip.ZipFile::getInputStream@63 (line 372)
                      ; - java.util.jar.JarFile::getManifestFromReference@130 (line 432)
                      ; - java.util.jar.JarFile::getManifest@1 (line 406)
                      ; - java.util.jar.JarFile::maybeInstantiateVerifier@31 (line 725)
                      ; - java.util.jar.JarFile::ensureInitialization@1 (line 1031)
                      ; - java.util.jar.JavaUtilJarAccessImpl::ensureInitialization@1 (line 72)
                      ; - jdk.internal.loader.URLClassPath$JarLoader$2::getManifest@10 (line 885)
                      ; - java.net.URLClassLoader::defineClass@34 (line 491)
                      ; - java.net.URLClassLoader$1::run@43 (line 427)
                      ; - java.net.URLClassLoader$1::run@1 (line 421)
                      ; - java.security.AccessController::executePrivileged@29 (line 814)
                      ; - java.security.AccessController::doPrivileged@13 (line 712)
                      ; - java.net.URLClassLoader::findClass@13 (line 420)
                      ; - org.gradle.internal.classloader.VisitableURLClassLoader$InstrumentingVisitableURLClassLoader::findClass@10 (line 189)
  0x000002772ec7be38: c4aa 41ff | bade ffff | ff48 8bac | 2480 0000 | 004c 8b5c | 2438 4c89 | 5c24 204c | 8b5c 2430 
  0x000002772ec7be58: 4c89 5c24 | 284c 8b5c | 2448 4c89 | 5c24 304c | 8b5c 2460 | 4c89 5c24 | 4848 8984 | 2490 0000 
  0x000002772ec7be78: 0066 6690 

  0x000002772ec7be7c: ;   {runtime_call UncommonTrapBlob}
  0x000002772ec7be7c: c5f8 77e8 

  0x000002772ec7be80: ; ImmutableOopMap {rbp=Oop [32]=Oop [40]=Oop [48]=Oop [104]=Oop [112]=NarrowOop [120]=Oop [144]=Oop [272]=Oop [280]=Oop }
                      ;*checkcast {reexecute=0 rethrow=0 return_oop=0}
                      ; - java.util.jar.JarFile::getManEntry@28 (line 944)
                      ; - java.util.jar.JarFile::getManifestFromReference@27 (line 414)
                      ; - java.util.jar.JarFile::getManifest@1 (line 406)
                      ; - java.util.jar.JarFile::maybeInstantiateVerifier@31 (line 725)
                      ; - java.util.jar.JarFile::ensureInitialization@1 (line 1031)
                      ; - java.util.jar.JavaUtilJarAccessImpl::ensureInitialization@1 (line 72)
                      ; - jdk.internal.loader.URLClassPath$JarLoader$2::getManifest@10 (line 885)
                      ; - java.net.URLClassLoader::defineClass@34 (line 491)
                      ; - java.net.URLClassLoader$1::run@43 (line 427)
                      ; - java.net.URLClassLoader$1::run@1 (line 421)
                      ; - java.security.AccessController::executePrivileged@29 (line 814)
                      ; - java.security.AccessController::doPrivileged@13 (line 712)
                      ; - java.net.URLClassLoader::findClass@13 (line 420)
                      ; - org.gradle.internal.classloader.VisitableURLClassLoader$InstrumentingVisitableURLClassLoader::findClass@10 (line 189)
  0x000002772ec7be80: 7caa 41ff | 448b c590 

  0x000002772ec7be88: ;   {static_call}
  0x000002772ec7be88: c5f8 77e8 

  0x000002772ec7be8c: ; ImmutableOopMap {[40]=Oop [48]=Oop [56]=Oop [72]=Oop [80]=Oop [88]=Oop [104]=Oop [112]=NarrowOop [116]=NarrowOop [120]=Oop [128]=Oop [136]=NarrowOop [140]=NarrowOop [272]=Oop [280]=Oop }
                      ;*invokestatic charAt {reexecute=0 rethrow=0 return_oop=0}
                      ; - java.lang.String::charAt@21 (line 1519)
                      ; - java.util.zip.ZipCoder::hash@18 (line 130)
                      ; - java.util.zip.ZipFile$Source::getEntryPos@10 (line 1781)
                      ; - java.util.zip.ZipFile::getInputStream@63 (line 372)
                      ; - java.util.jar.JarFile::getManifestFromReference@130 (line 432)
                      ; - java.util.jar.JarFile::getManifest@1 (line 406)
                      ; - java.util.jar.JarFile::maybeInstantiateVerifier@31 (line 725)
                      ; - java.util.jar.JarFile::ensureInitialization@1 (line 1031)
                      ; - java.util.jar.JavaUtilJarAccessImpl::ensureInitialization@1 (line 72)
                      ; - jdk.internal.loader.URLClassPath$JarLoader$2::getManifest@10 (line 885)
                      ; - java.net.URLClassLoader::defineClass@34 (line 491)
                      ; - java.net.URLClassLoader$1::run@43 (line 427)
                      ; - java.net.URLClassLoader$1::run@1 (line 421)
                      ; - java.security.AccessController::executePrivileged@29 (line 814)
                      ; - java.security.AccessController::doPrivileged@13 (line 712)
                      ; - java.net.URLClassLoader::findClass@13 (line 420)
                      ; - org.gradle.internal.classloader.VisitableURLClassLoader$InstrumentingVisitableURLClassLoader::findClass@10 (line 189)
  0x000002772ec7be8c: f05a 41ff | 448b c8e9 | b7b4 ffff | ba86 ffff | ff48 8bac | 2480 0000 | 004c 8b54 | 2458 4c89 
  0x000002772ec7beac: 5424 204c | 8b54 2430 | 4c89 5424 | 284c 8b54 | 2448 4c89 | 5424 304c | 8b54 2460 | 4c89 5424 
  0x000002772ec7becc: 4844 898c | 24bc 0000 | 0089 8c24 | c000 0000 

  0x000002772ec7bedc: ;   {runtime_call UncommonTrapBlob}
  0x000002772ec7bedc: c5f8 77e8 

  0x000002772ec7bee0: ; ImmutableOopMap {rbp=Oop [32]=Oop [40]=Oop [48]=Oop [104]=Oop [112]=NarrowOop [116]=NarrowOop [120]=Oop [136]=NarrowOop [140]=NarrowOop [188]=NarrowOop [272]=Oop [280]=Oop }
                      ;*irem {reexecute=0 rethrow=0 return_oop=0}
                      ; - java.util.zip.ZipFile$Source::getEntryPos@26 (line 1782)
                      ; - java.util.zip.ZipFile::getInputStream@63 (line 372)
                      ; - java.util.jar.JarFile::getManifestFromReference@130 (line 432)
                      ; - java.util.jar.JarFile::getManifest@1 (line 406)
                      ; - java.util.jar.JarFile::maybeInstantiateVerifier@31 (line 725)
                      ; - java.util.jar.JarFile::ensureInitialization@1 (line 1031)
                      ; - java.util.jar.JavaUtilJarAccessImpl::ensureInitialization@1 (line 72)
                      ; - jdk.internal.loader.URLClassPath$JarLoader$2::getManifest@10 (line 885)
                      ; - java.net.URLClassLoader::defineClass@34 (line 491)
                      ; - java.net.URLClassLoader$1::run@43 (line 427)
                      ; - java.net.URLClassLoader$1::run@1 (line 421)
                      ; - java.security.AccessController::executePrivileged@29 (line 814)
                      ; - java.security.AccessController::doPrivileged@13 (line 712)
                      ; - java.net.URLClassLoader::findClass@13 (line 420)
                      ; - org.gradle.internal.classloader.VisitableURLClassLoader$InstrumentingVisitableURLClassLoader::findClass@10 (line 189)
  0x000002772ec7bee0: 1caa 41ff | bae4 ffff | ff48 8bac | 2480 0000 | 004c 8b54 | 2458 4c89 | 5424 204c | 8b54 2430 
  0x000002772ec7bf00: 4c89 5424 | 284c 8b54 | 2448 4c89 | 5424 304c | 8b54 2460 | 4c89 5424 | 4844 898c | 24bc 0000 
  0x000002772ec7bf20: 0044 8984 | 24c0 0000 | 0066 6690 

  0x000002772ec7bf2c: ;   {runtime_call UncommonTrapBlob}
  0x000002772ec7bf2c: c5f8 77e8 

  0x000002772ec7bf30: ; ImmutableOopMap {rbp=Oop [32]=Oop [40]=Oop [48]=Oop [104]=Oop [112]=NarrowOop [116]=NarrowOop [120]=Oop [136]=NarrowOop [140]=NarrowOop [188]=NarrowOop [272]=Oop [280]=Oop }
                      ;*iaload {reexecute=0 rethrow=0 return_oop=0}
                      ; - java.util.zip.ZipFile$Source::getEntryPos@27 (line 1782)
                      ; - java.util.zip.ZipFile::getInputStream@63 (line 372)
                      ; - java.util.jar.JarFile::getManifestFromReference@130 (line 432)
                      ; - java.util.jar.JarFile::getManifest@1 (line 406)
                      ; - java.util.jar.JarFile::maybeInstantiateVerifier@31 (line 725)
                      ; - java.util.jar.JarFile::ensureInitialization@1 (line 1031)
                      ; - java.util.jar.JavaUtilJarAccessImpl::ensureInitialization@1 (line 72)
                      ; - jdk.internal.loader.URLClassPath$JarLoader$2::getManifest@10 (line 885)
                      ; - java.net.URLClassLoader::defineClass@34 (line 491)
                      ; - java.net.URLClassLoader$1::run@43 (line 427)
                      ; - java.net.URLClassLoader$1::run@1 (line 421)
                      ; - java.security.AccessController::executePrivileged@29 (line 814)
                      ; - java.security.AccessController::doPrivileged@13 (line 712)
                      ; - java.net.URLClassLoader::findClass@13 (line 420)
                      ; - org.gradle.internal.classloader.VisitableURLClassLoader$InstrumentingVisitableURLClassLoader::findClass@10 (line 189)
  0x000002772ec7bf30: cca9 41ff | 488b f849 | 8bd8 498b | d7c5 f877 | 49ba a08b | 8890 fd7f | 0000 41ff | d24c 8bc3 
  0x000002772ec7bf50: 4c8b d7e9 | 6bd1 ffff | ba45 ffff | ff4c 8b54 | 2458 4c89 | 5424 284c | 8b54 2448 | 4c89 5424 
  0x000002772ec7bf70: 384c 8b94 | 2480 0000 | 004c 8954 | 2440 4c8b | 5424 604c | 8954 2450 | 4c8b 9424 | 8000 0000 
  0x000002772ec7bf90: 4c89 5424 | 6089 9c24 | a800 0000 | 898c 24ac | 0000 0044 | 89ac 24c0 | 0000 0044 | 8984 24c4 
  0x000002772ec7bfb0: 0000 0090 

  0x000002772ec7bfb4: ;   {runtime_call UncommonTrapBlob}
  0x000002772ec7bfb4: c5f8 77e8 

  0x000002772ec7bfb8: ; ImmutableOopMap {[40]=Oop [48]=Oop [56]=Oop [64]=Oop [96]=Oop [104]=Oop [112]=NarrowOop [116]=NarrowOop [120]=Oop [136]=NarrowOop [168]=NarrowOop [172]=NarrowOop [192]=NarrowOop [272]=Oop [280]=Oop }
                      ;*if_icmpne {reexecute=1 rethrow=0 return_oop=0}
                      ; - (reexecute) java.lang.String::equals@33 (line 1830)
                      ; - java.util.Objects::equals@11 (line 64)
                      ; - java.util.zip.ZipFile::getInputStream@42 (line 369)
                      ; - java.util.jar.JarFile::getManifestFromReference@130 (line 432)
                      ; - java.util.jar.JarFile::getManifest@1 (line 406)
                      ; - java.util.jar.JarFile::maybeInstantiateVerifier@31 (line 725)
                      ; - java.util.jar.JarFile::ensureInitialization@1 (line 1031)
                      ; - java.util.jar.JavaUtilJarAccessImpl::ensureInitialization@1 (line 72)
                      ; - jdk.internal.loader.URLClassPath$JarLoader$2::getManifest@10 (line 885)
                      ; - java.net.URLClassLoader::defineClass@34 (line 491)
                      ; - java.net.URLClassLoader$1::run@43 (line 427)
                      ; - java.net.URLClassLoader$1::run@1 (line 421)
                      ; - java.security.AccessController::executePrivileged@29 (line 814)
                      ; - java.security.AccessController::doPrivileged@13 (line 712)
                      ; - java.net.URLClassLoader::findClass@13 (line 420)
                      ; - org.gradle.internal.classloader.VisitableURLClassLoader$InstrumentingVisitableURLClassLoader::findClass@10 (line 189)
  0x000002772ec7bfb8: 44a9 41ff | ba45 ffff | ff4c 8b54 | 2458 4c89 | 5424 284c | 8b54 2448 | 4c89 5424 | 384c 8b94 
  0x000002772ec7bfd8: 2480 0000 | 004c 8954 | 2440 4c8b | 5424 604c | 8954 2450 | 4c8b 9424 | 8000 0000 | 4c89 5424 
  0x000002772ec7bff8: 6066 6690 

  0x000002772ec7bffc: ;   {runtime_call UncommonTrapBlob}
  0x000002772ec7bffc: c5f8 77e8 

  0x000002772ec7c000: ; ImmutableOopMap {[40]=Oop [48]=Oop [56]=Oop [64]=Oop [96]=Oop [104]=Oop [112]=NarrowOop [116]=NarrowOop [120]=Oop [136]=NarrowOop [140]=NarrowOop [272]=Oop [280]=Oop }
                      ;*ifle {reexecute=1 rethrow=0 return_oop=0}
                      ; - (reexecute) java.util.zip.ZipCoder::hash@11 (line 130)
                      ; - java.util.zip.ZipFile$Source::getEntryPos@10 (line 1781)
                      ; - java.util.zip.ZipFile::getInputStream@63 (line 372)
                      ; - java.util.jar.JarFile::getManifestFromReference@130 (line 432)
                      ; - java.util.jar.JarFile::getManifest@1 (line 406)
                      ; - java.util.jar.JarFile::maybeInstantiateVerifier@31 (line 725)
                      ; - java.util.jar.JarFile::ensureInitialization@1 (line 1031)
                      ; - java.util.jar.JavaUtilJarAccessImpl::ensureInitialization@1 (line 72)
                      ; - jdk.internal.loader.URLClassPath$JarLoader$2::getManifest@10 (line 885)
                      ; - java.net.URLClassLoader::defineClass@34 (line 491)
                      ; - java.net.URLClassLoader$1::run@43 (line 427)
                      ; - java.net.URLClassLoader$1::run@1 (line 421)
                      ; - java.security.AccessController::executePrivileged@29 (line 814)
                      ; - java.security.AccessController::doPrivileged@13 (line 712)
                      ; - java.net.URLClassLoader::findClass@13 (line 420)
                      ; - org.gradle.internal.classloader.VisitableURLClassLoader$InstrumentingVisitableURLClassLoader::findClass@10 (line 189)
  0x000002772ec7c000: fca8 41ff | ba45 ffff | ff4c 8b5c | 2458 4c89 | 5c24 284c | 8b5c 2448 | 4c89 5c24 | 384c 8b9c 
  0x000002772ec7c020: 2480 0000 | 004c 895c | 2440 4c8b | 5c24 604c | 895c 2450 | 4c8b 9c24 | 8000 0000 | 4c89 5c24 
  0x000002772ec7c040: 6044 8994 | 24b8 0000 | 0044 89ac | 24bc 0000 | 0066 6690 

  0x000002772ec7c054: ;   {runtime_call UncommonTrapBlob}
  0x000002772ec7c054: c5f8 77e8 

  0x000002772ec7c058: ; ImmutableOopMap {[40]=Oop [48]=Oop [56]=Oop [64]=Oop [96]=Oop [104]=Oop [112]=NarrowOop [120]=Oop [136]=NarrowOop [184]=NarrowOop [188]=NarrowOop [272]=Oop [280]=Oop }
                      ;*ifne {reexecute=1 rethrow=0 return_oop=0}
                      ; - (reexecute) java.util.zip.ZipFile$Source::getEntryPos@4 (line 1777)
                      ; - java.util.zip.ZipFile::getInputStream@63 (line 372)
                      ; - java.util.jar.JarFile::getManifestFromReference@130 (line 432)
                      ; - java.util.jar.JarFile::getManifest@1 (line 406)
                      ; - java.util.jar.JarFile::maybeInstantiateVerifier@31 (line 725)
                      ; - java.util.jar.JarFile::ensureInitialization@1 (line 1031)
                      ; - java.util.jar.JavaUtilJarAccessImpl::ensureInitialization@1 (line 72)
                      ; - jdk.internal.loader.URLClassPath$JarLoader$2::getManifest@10 (line 885)
                      ; - java.net.URLClassLoader::defineClass@34 (line 491)
                      ; - java.net.URLClassLoader$1::run@43 (line 427)
                      ; - java.net.URLClassLoader$1::run@1 (line 421)
                      ; - java.security.AccessController::executePrivileged@29 (line 814)
                      ; - java.security.AccessController::doPrivileged@13 (line 712)
                      ; - java.net.URLClassLoader::findClass@13 (line 420)
                      ; - org.gradle.internal.classloader.VisitableURLClassLoader$InstrumentingVisitableURLClassLoader::findClass@10 (line 189)
  0x000002772ec7c058: a4a8 41ff | ba45 ffff | ff48 8bac | 2480 0000 | 004c 8b54 | 2458 4c89 | 5424 204c | 8b54 2430 
  0x000002772ec7c078: 4c89 5424 | 284c 8b54 | 2448 4c89 | 5424 304c | 8b54 2460 | 4c89 5424 | 4844 898c | 24bc 0000 
  0x000002772ec7c098: 0066 6690 

  0x000002772ec7c09c: ;   {runtime_call UncommonTrapBlob}
  0x000002772ec7c09c: c5f8 77e8 

  0x000002772ec7c0a0: ; ImmutableOopMap {rbp=Oop [32]=Oop [40]=Oop [48]=Oop [104]=Oop [112]=NarrowOop [116]=NarrowOop [120]=Oop [136]=NarrowOop [140]=NarrowOop [272]=Oop [280]=Oop }
                      ;*if_icmpeq {reexecute=1 rethrow=0 return_oop=0}
                      ; - (reexecute) java.util.zip.ZipCoder::hash@23 (line 130)
                      ; - java.util.zip.ZipFile$Source::getEntryPos@10 (line 1781)
                      ; - java.util.zip.ZipFile::getInputStream@63 (line 372)
                      ; - java.util.jar.JarFile::getManifestFromReference@130 (line 432)
                      ; - java.util.jar.JarFile::getManifest@1 (line 406)
                      ; - java.util.jar.JarFile::maybeInstantiateVerifier@31 (line 725)
                      ; - java.util.jar.JarFile::ensureInitialization@1 (line 1031)
                      ; - java.util.jar.JavaUtilJarAccessImpl::ensureInitialization@1 (line 72)
                      ; - jdk.internal.loader.URLClassPath$JarLoader$2::getManifest@10 (line 885)
                      ; - java.net.URLClassLoader::defineClass@34 (line 491)
                      ; - java.net.URLClassLoader$1::run@43 (line 427)
                      ; - java.net.URLClassLoader$1::run@1 (line 421)
                      ; - java.security.AccessController::executePrivileged@29 (line 814)
                      ; - java.security.AccessController::doPrivileged@13 (line 712)
                      ; - java.net.URLClassLoader::findClass@13 (line 420)
                      ; - org.gradle.internal.classloader.VisitableURLClassLoader$InstrumentingVisitableURLClassLoader::findClass@10 (line 189)
  0x000002772ec7c0a0: 5ca8 41ff | bac6 ffff | ff48 8bac | 2480 0000 | 004c 8b5c | 2450 4c89 | 5c24 204c | 8b5c 2430 
  0x000002772ec7c0c0: 4c89 5c24 | 284c 8b5c | 2448 4c89 | 5c24 304c | 8b5c 2460 | 4c89 5c24 | 484c 8b9c | 2490 0000 
  0x000002772ec7c0e0: 004c 899c | 2488 0000 | 004c 8994 | 2490 0000 | 0066 6690 

  0x000002772ec7c0f4: ;   {runtime_call UncommonTrapBlob}
  0x000002772ec7c0f4: c5f8 77e8 

  0x000002772ec7c0f8: ; ImmutableOopMap {rbp=Oop [32]=Oop [40]=Oop [48]=Oop [104]=Oop [112]=NarrowOop [136]=Oop [144]=Oop [248]=Oop [272]=Oop [280]=Oop }
                      ;*invokevirtual close {reexecute=0 rethrow=0 return_oop=0}
                      ; - java.util.jar.JarFile::getManifestFromReference@152 (line 434)
                      ; - java.util.jar.JarFile::getManifest@1 (line 406)
                      ; - java.util.jar.JarFile::maybeInstantiateVerifier@31 (line 725)
                      ; - java.util.jar.JarFile::ensureInitialization@1 (line 1031)
                      ; - java.util.jar.JavaUtilJarAccessImpl::ensureInitialization@1 (line 72)
                      ; - jdk.internal.loader.URLClassPath$JarLoader$2::getManifest@10 (line 885)
                      ; - java.net.URLClassLoader::defineClass@34 (line 491)
                      ; - java.net.URLClassLoader$1::run@43 (line 427)
                      ; - java.net.URLClassLoader$1::run@1 (line 421)
                      ; - java.security.AccessController::executePrivileged@29 (line 814)
                      ; - java.security.AccessController::doPrivileged@13 (line 712)
                      ; - java.net.URLClassLoader::findClass@13 (line 420)
                      ; - org.gradle.internal.classloader.VisitableURLClassLoader$InstrumentingVisitableURLClassLoader::findClass@10 (line 189)
  0x000002772ec7c0f8: 04a8 41ff | baf6 ffff | ff48 8bac | 2480 0000 | 004c 8b44 | 2450 4c89 | 4424 204c | 8b44 2430 
  0x000002772ec7c118: 4c89 4424 | 284c 8b44 | 2448 4c89 | 4424 304c | 8b44 2460 | 4c89 4424 | 484c 8b84 | 2490 0000 
  0x000002772ec7c138: 004c 8984 | 2488 0000 | 004c 8994 | 2490 0000 | 004c 899c | 2498 0000 | 0066 6690 

  0x000002772ec7c154: ;   {runtime_call UncommonTrapBlob}
  0x000002772ec7c154: c5f8 77e8 

  0x000002772ec7c158: ; ImmutableOopMap {rbp=Oop [32]=Oop [40]=Oop [48]=Oop [104]=Oop [112]=NarrowOop [136]=Oop [144]=Oop [152]=Oop [272]=Oop [280]=Oop }
                      ;*monitorenter {reexecute=0 rethrow=0 return_oop=0}
                      ; - java.util.zip.ZipFile$ZipFileInputStream::close@30 (line 1010)
                      ; - java.util.jar.JarFile::getManifestFromReference@152 (line 434)
                      ; - java.util.jar.JarFile::getManifest@1 (line 406)
                      ; - java.util.jar.JarFile::maybeInstantiateVerifier@31 (line 725)
                      ; - java.util.jar.JarFile::ensureInitialization@1 (line 1031)
                      ; - java.util.jar.JavaUtilJarAccessImpl::ensureInitialization@1 (line 72)
                      ; - jdk.internal.loader.URLClassPath$JarLoader$2::getManifest@10 (line 885)
                      ; - java.net.URLClassLoader::defineClass@34 (line 491)
                      ; - java.net.URLClassLoader$1::run@43 (line 427)
                      ; - java.net.URLClassLoader$1::run@1 (line 421)
                      ; - java.security.AccessController::executePrivileged@29 (line 814)
                      ; - java.security.AccessController::doPrivileged@13 (line 712)
                      ; - java.net.URLClassLoader::findClass@13 (line 420)
                      ; - org.gradle.internal.classloader.VisitableURLClassLoader$InstrumentingVisitableURLClassLoader::findClass@10 (line 189)
  0x000002772ec7c158: a4a7 41ff | 4889 7c24 | 5089 4c24 | 244c 895c | 2438 498b | ea48 8bd7 | 4c8d 8424 | 3801 0000 
  0x000002772ec7c178: ;   {runtime_call _complete_monitor_locking_Java}
  0x000002772ec7c178: c5f8 77e8 

  0x000002772ec7c17c: ; ImmutableOopMap {rbp=Oop [36]=NarrowOop [40]=Oop [48]=Oop [56]=Oop [72]=Oop [80]=Oop [88]=Oop [104]=Oop [112]=NarrowOop [128]=Oop [144]=Oop [272]=Oop [280]=Oop }
                      ;*monitorenter {reexecute=0 rethrow=0 return_oop=0}
                      ; - java.util.zip.ZipFile$ZipFileInputStream::close@30 (line 1010)
                      ; - java.util.jar.JarFile::getManifestFromReference@152 (line 434)
                      ; - java.util.jar.JarFile::getManifest@1 (line 406)
                      ; - java.util.jar.JarFile::maybeInstantiateVerifier@31 (line 725)
                      ; - java.util.jar.JarFile::ensureInitialization@1 (line 1031)
                      ; - java.util.jar.JavaUtilJarAccessImpl::ensureInitialization@1 (line 72)
                      ; - jdk.internal.loader.URLClassPath$JarLoader$2::getManifest@10 (line 885)
                      ; - java.net.URLClassLoader::defineClass@34 (line 491)
                      ; - java.net.URLClassLoader$1::run@43 (line 427)
                      ; - java.net.URLClassLoader$1::run@1 (line 421)
                      ; - java.security.AccessController::executePrivileged@29 (line 814)
                      ; - java.security.AccessController::doPrivileged@13 (line 712)
                      ; - java.net.URLClassLoader::findClass@13 (line 420)
                      ; - org.gradle.internal.classloader.VisitableURLClassLoader$InstrumentingVisitableURLClassLoader::findClass@10 (line 189)
  0x000002772ec7c17c: 8064 4cff | 4c8b d54c | 8b5c 2438 | 8b4c 2424 | 488b 7c24 | 50e9 6cd7 | ffff bade | ffff ff4c 
  0x000002772ec7c19c: 8b44 2458 | 4c89 4424 | 284c 8b44 | 2448 4c89 | 4424 384c | 8b84 2480 | 0000 004c | 8944 2440 
  0x000002772ec7c1bc: 4c8b 4424 | 604c 8944 | 2450 4c8b | 8424 8000 | 0000 4c89 | 4424 604c | 8994 2498 | 0000 004c 
  0x000002772ec7c1dc: 899c 24a8 | 0000 0089 | 8c24 a400 | 0000 6690 

  0x000002772ec7c1ec: ;   {runtime_call UncommonTrapBlob}
  0x000002772ec7c1ec: c5f8 77e8 

  0x000002772ec7c1f0: ; ImmutableOopMap {rbp=NarrowOop [40]=Oop [48]=Oop [56]=Oop [64]=Oop [96]=Oop [104]=Oop [112]=NarrowOop [144]=Oop [152]=Oop [164]=NarrowOop [168]=Oop [272]=Oop [280]=Oop }
                      ;*invokeinterface remove {reexecute=0 rethrow=0 return_oop=0}
                      ; - java.util.zip.ZipFile$ZipFileInputStream::close@42 (line 1011)
                      ; - java.util.jar.JarFile::getManifestFromReference@152 (line 434)
                      ; - java.util.jar.JarFile::getManifest@1 (line 406)
                      ; - java.util.jar.JarFile::maybeInstantiateVerifier@31 (line 725)
                      ; - java.util.jar.JarFile::ensureInitialization@1 (line 1031)
                      ; - java.util.jar.JavaUtilJarAccessImpl::ensureInitialization@1 (line 72)
                      ; - jdk.internal.loader.URLClassPath$JarLoader$2::getManifest@10 (line 885)
                      ; - java.net.URLClassLoader::defineClass@34 (line 491)
                      ; - java.net.URLClassLoader$1::run@43 (line 427)
                      ; - java.net.URLClassLoader$1::run@1 (line 421)
                      ; - java.security.AccessController::executePrivileged@29 (line 814)
                      ; - java.security.AccessController::doPrivileged@13 (line 712)
                      ; - java.net.URLClassLoader::findClass@13 (line 420)
                      ; - org.gradle.internal.classloader.VisitableURLClassLoader$InstrumentingVisitableURLClassLoader::findClass@10 (line 189)
  0x000002772ec7c1f0: 0ca7 41ff | 498b cb48 | 8d94 2438 | 0100 004d | 8bc7 c5f8 | 7749 ba90 | d8c9 90fd | 7f00 0041 
  0x000002772ec7c210: ffd2 e9c8 | d7ff ffba | 45ff ffff | 488b ac24 | 8000 0000 | 4c8b 5c24 | 584c 895c | 2420 4c8b 
  0x000002772ec7c230: 5c24 304c | 895c 2428 | 4c8b 5c24 | 484c 895c | 2430 4c8b | 5c24 604c | 895c 2448 | 8984 24c0 
  0x000002772ec7c250: 0000 0090 

  0x000002772ec7c254: ;   {runtime_call UncommonTrapBlob}
  0x000002772ec7c254: c5f8 77e8 

  0x000002772ec7c258: ; ImmutableOopMap {rbp=Oop [32]=Oop [40]=Oop [48]=Oop [104]=Oop [112]=NarrowOop [116]=NarrowOop [120]=Oop [136]=NarrowOop [140]=NarrowOop [272]=Oop [280]=Oop }
                      ;*ifeq {reexecute=1 rethrow=0 return_oop=0}
                      ; - (reexecute) java.lang.String::hashCode@20 (line 2344)
                      ; - java.util.zip.ZipCoder::hash@1 (line 128)
                      ; - java.util.zip.ZipFile$Source::getEntryPos@10 (line 1781)
                      ; - java.util.zip.ZipFile::getInputStream@63 (line 372)
                      ; - java.util.jar.JarFile::getManifestFromReference@130 (line 432)
                      ; - java.util.jar.JarFile::getManifest@1 (line 406)
                      ; - java.util.jar.JarFile::maybeInstantiateVerifier@31 (line 725)
                      ; - java.util.jar.JarFile::ensureInitialization@1 (line 1031)
                      ; - java.util.jar.JavaUtilJarAccessImpl::ensureInitialization@1 (line 72)
                      ; - jdk.internal.loader.URLClassPath$JarLoader$2::getManifest@10 (line 885)
                      ; - java.net.URLClassLoader::defineClass@34 (line 491)
                      ; - java.net.URLClassLoader$1::run@43 (line 427)
                      ; - java.net.URLClassLoader$1::run@1 (line 421)
                      ; - java.security.AccessController::executePrivileged@29 (line 814)
                      ; - java.security.AccessController::doPrivileged@13 (line 712)
                      ; - java.net.URLClassLoader::findClass@13 (line 420)
                      ; - org.gradle.internal.classloader.VisitableURLClassLoader$InstrumentingVisitableURLClassLoader::findClass@10 (line 189)
  0x000002772ec7c258: a4a6 41ff | bae4 ffff | ff4c 8b54 | 2458 4c89 | 5424 284c | 8b54 2448 | 4c89 5424 | 384c 8b94 
  0x000002772ec7c278: 2480 0000 | 004c 8954 | 2440 4c8b | 5424 604c | 8954 2450 | 4c8b 9424 | 8000 0000 | 4c89 5424 
  0x000002772ec7c298: 6044 8984 | 24c8 0000 | 0066 6690 

  0x000002772ec7c2a4: ;   {runtime_call UncommonTrapBlob}
  0x000002772ec7c2a4: c5f8 77e8 

  0x000002772ec7c2a8: ; ImmutableOopMap {[40]=Oop [48]=Oop [56]=Oop [64]=Oop [96]=Oop [104]=Oop [112]=NarrowOop [116]=NarrowOop [120]=Oop [136]=NarrowOop [140]=NarrowOop [200]=NarrowOop [272]=Oop [280]=Oop }
                      ;*iaload {reexecute=0 rethrow=0 return_oop=0}
                      ; - java.util.zip.ZipFile$Source::getEntryPos@7 (line 1379)
                      ; - java.util.zip.ZipFile$Source::getEntryPos@49 (line 1789)
                      ; - java.util.zip.ZipFile::getInputStream@63 (line 372)
                      ; - java.util.jar.JarFile::getManifestFromReference@130 (line 432)
                      ; - java.util.jar.JarFile::getManifest@1 (line 406)
                      ; - java.util.jar.JarFile::maybeInstantiateVerifier@31 (line 725)
                      ; - java.util.jar.JarFile::ensureInitialization@1 (line 1031)
                      ; - java.util.jar.JavaUtilJarAccessImpl::ensureInitialization@1 (line 72)
                      ; - jdk.internal.loader.URLClassPath$JarLoader$2::getManifest@10 (line 885)
                      ; - java.net.URLClassLoader::defineClass@34 (line 491)
                      ; - java.net.URLClassLoader$1::run@43 (line 427)
                      ; - java.net.URLClassLoader$1::run@1 (line 421)
                      ; - java.security.AccessController::executePrivileged@29 (line 814)
                      ; - java.security.AccessController::doPrivileged@13 (line 712)
                      ; - java.net.URLClassLoader::findClass@13 (line 420)
                      ; - org.gradle.internal.classloader.VisitableURLClassLoader$InstrumentingVisitableURLClassLoader::findClass@10 (line 189)
  0x000002772ec7c2a8: 54a6 41ff | bae4 ffff | ff4c 8b54 | 2458 4c89 | 5424 284c | 8b54 2448 | 4c89 5424 | 384c 8b94 
  0x000002772ec7c2c8: 2480 0000 | 004c 8954 | 2440 4c8b | 5424 604c | 8954 2450 | 4c8b 9424 | 8000 0000 | 4c89 5424 
  0x000002772ec7c2e8: 6044 8984 | 24cc 0000 | 0089 9c24 | d400 0000 | 898c 24d8 | 0000 0089 | 8c24 dc00 | 0000 6690 
  0x000002772ec7c308: ;   {runtime_call UncommonTrapBlob}
  0x000002772ec7c308: c5f8 77e8 

  0x000002772ec7c30c: ; ImmutableOopMap {[40]=Oop [48]=Oop [56]=Oop [64]=Oop [96]=Oop [104]=Oop [112]=NarrowOop [116]=NarrowOop [120]=Oop [136]=NarrowOop [140]=NarrowOop [204]=NarrowOop [216]=NarrowOop [220]=NarrowOop [272]=Oop [280]=Oop }
                      ;*baload {reexecute=0 rethrow=0 return_oop=0}
                      ; - java.util.zip.ZipUtils::SH@2 (line 203)
                      ; - java.util.zip.ZipUtils::CENNAM@5 (line 272)
                      ; - java.util.zip.ZipFile$Source::getEntryPos@79 (line 1793)
                      ; - java.util.zip.ZipFile::getInputStream@63 (line 372)
                      ; - java.util.jar.JarFile::getManifestFromReference@130 (line 432)
                      ; - java.util.jar.JarFile::getManifest@1 (line 406)
                      ; - java.util.jar.JarFile::maybeInstantiateVerifier@31 (line 725)
                      ; - java.util.jar.JarFile::ensureInitialization@1 (line 1031)
                      ; - java.util.jar.JavaUtilJarAccessImpl::ensureInitialization@1 (line 72)
                      ; - jdk.internal.loader.URLClassPath$JarLoader$2::getManifest@10 (line 885)
                      ; - java.net.URLClassLoader::defineClass@34 (line 491)
                      ; - java.net.URLClassLoader$1::run@43 (line 427)
                      ; - java.net.URLClassLoader$1::run@1 (line 421)
                      ; - java.security.AccessController::executePrivileged@29 (line 814)
                      ; - java.security.AccessController::doPrivileged@13 (line 712)
                      ; - java.net.URLClassLoader::findClass@13 (line 420)
                      ; - org.gradle.internal.classloader.VisitableURLClassLoader$InstrumentingVisitableURLClassLoader::findClass@10 (line 189)
  0x000002772ec7c30c: f0a5 41ff | bae4 ffff | ff4c 8b54 | 2458 4c89 | 5424 284c | 8b54 2448 | 4c89 5424 | 384c 8b94 
  0x000002772ec7c32c: 2480 0000 | 004c 8954 | 2440 4c8b | 5424 604c | 8954 2450 | 4c8b 9424 | 8000 0000 | 4c89 5424 
  0x000002772ec7c34c: 6044 8984 | 24cc 0000 | 0089 9c24 | d400 0000 | 89bc 24d8 | 0000 0089 | 8c24 dc00 | 0000 6690 
  0x000002772ec7c36c: ;   {runtime_call UncommonTrapBlob}
  0x000002772ec7c36c: c5f8 77e8 

  0x000002772ec7c370: ; ImmutableOopMap {[40]=Oop [48]=Oop [56]=Oop [64]=Oop [96]=Oop [104]=Oop [112]=NarrowOop [116]=NarrowOop [120]=Oop [136]=NarrowOop [140]=NarrowOop [204]=NarrowOop [220]=NarrowOop [272]=Oop [280]=Oop }
                      ;*baload {reexecute=0 rethrow=0 return_oop=0}
                      ; - java.util.zip.ZipUtils::SH@11 (line 203)
                      ; - java.util.zip.ZipUtils::CENNAM@5 (line 272)
                      ; - java.util.zip.ZipFile$Source::getEntryPos@79 (line 1793)
                      ; - java.util.zip.ZipFile::getInputStream@63 (line 372)
                      ; - java.util.jar.JarFile::getManifestFromReference@130 (line 432)
                      ; - java.util.jar.JarFile::getManifest@1 (line 406)
                      ; - java.util.jar.JarFile::maybeInstantiateVerifier@31 (line 725)
                      ; - java.util.jar.JarFile::ensureInitialization@1 (line 1031)
                      ; - java.util.jar.JavaUtilJarAccessImpl::ensureInitialization@1 (line 72)
                      ; - jdk.internal.loader.URLClassPath$JarLoader$2::getManifest@10 (line 885)
                      ; - java.net.URLClassLoader::defineClass@34 (line 491)
                      ; - java.net.URLClassLoader$1::run@43 (line 427)
                      ; - java.net.URLClassLoader$1::run@1 (line 421)
                      ; - java.security.AccessController::executePrivileged@29 (line 814)
                      ; - java.security.AccessController::doPrivileged@13 (line 712)
                      ; - java.net.URLClassLoader::findClass@13 (line 420)
                      ; - org.gradle.internal.classloader.VisitableURLClassLoader$InstrumentingVisitableURLClassLoader::findClass@10 (line 189)
  0x000002772ec7c370: 8ca5 41ff | bade ffff | ff48 8bac | 2480 0000 | 004c 8b54 | 2458 4c89 | 5424 204c | 8b54 2430 
  0x000002772ec7c390: 4c89 5424 | 284c 8b54 | 2448 4c89 | 5424 304c | 8b54 2460 | 4c89 5424 | 4844 8984 | 24cc 0000 
  0x000002772ec7c3b0: 0066 6690 

  0x000002772ec7c3b4: ;   {runtime_call UncommonTrapBlob}
  0x000002772ec7c3b4: c5f8 77e8 

  0x000002772ec7c3b8: ; ImmutableOopMap {rbp=Oop [32]=Oop [40]=Oop [48]=Oop [104]=Oop [112]=NarrowOop [116]=NarrowOop [120]=Oop [136]=NarrowOop [140]=NarrowOop [204]=NarrowOop [272]=Oop [280]=Oop }
                      ;*invokevirtual isUTF8 {reexecute=0 rethrow=0 return_oop=0}
                      ; - java.util.zip.ZipFile$Source::zipCoderForPos@4 (line 1822)
                      ; - java.util.zip.ZipFile$Source::getEntryPos@57 (line 1792)
                      ; - java.util.zip.ZipFile::getInputStream@63 (line 372)
                      ; - java.util.jar.JarFile::getManifestFromReference@130 (line 432)
                      ; - java.util.jar.JarFile::getManifest@1 (line 406)
                      ; - java.util.jar.JarFile::maybeInstantiateVerifier@31 (line 725)
                      ; - java.util.jar.JarFile::ensureInitialization@1 (line 1031)
                      ; - java.util.jar.JavaUtilJarAccessImpl::ensureInitialization@1 (line 72)
                      ; - jdk.internal.loader.URLClassPath$JarLoader$2::getManifest@10 (line 885)
                      ; - java.net.URLClassLoader::defineClass@34 (line 491)
                      ; - java.net.URLClassLoader$1::run@43 (line 427)
                      ; - java.net.URLClassLoader$1::run@1 (line 421)
                      ; - java.security.AccessController::executePrivileged@29 (line 814)
                      ; - java.security.AccessController::doPrivileged@13 (line 712)
                      ; - java.net.URLClassLoader::findClass@13 (line 420)
                      ; - org.gradle.internal.classloader.VisitableURLClassLoader$InstrumentingVisitableURLClassLoader::findClass@10 (line 189)
  0x000002772ec7c3b8: 44a5 41ff | 33ed eb02 | 8be8 ba45 | ffff ff4c | 8b54 2458 | 4c89 5424 | 284c 8b54 | 2448 4c89 
  0x000002772ec7c3d8: 5424 384c | 8b94 2480 | 0000 004c | 8954 2440 | 4c8b 5424 | 604c 8954 | 2450 4c8b | 9424 8000 
  0x000002772ec7c3f8: 0000 4c89 | 5424 604c | 8984 24d0 | 0000 0044 | 898c 24cc | 0000 0044 | 89ac 24d8 | 0000 0090 
  0x000002772ec7c418: ;   {runtime_call UncommonTrapBlob}
  0x000002772ec7c418: c5f8 77e8 

  0x000002772ec7c41c: ; ImmutableOopMap {[40]=Oop [48]=Oop [56]=Oop [64]=Oop [96]=Oop [104]=Oop [112]=NarrowOop [116]=NarrowOop [120]=Oop [136]=NarrowOop [140]=NarrowOop [208]=Oop [272]=Oop [280]=Oop }
                      ;*ifeq {reexecute=1 rethrow=0 return_oop=0}
                      ; - (reexecute) java.util.zip.ZipFile$Source::getEntryPos@113 (line 1800)
                      ; - java.util.zip.ZipFile::getInputStream@63 (line 372)
                      ; - java.util.jar.JarFile::getManifestFromReference@130 (line 432)
                      ; - java.util.jar.JarFile::getManifest@1 (line 406)
                      ; - java.util.jar.JarFile::maybeInstantiateVerifier@31 (line 725)
                      ; - java.util.jar.JarFile::ensureInitialization@1 (line 1031)
                      ; - java.util.jar.JavaUtilJarAccessImpl::ensureInitialization@1 (line 72)
                      ; - jdk.internal.loader.URLClassPath$JarLoader$2::getManifest@10 (line 885)
                      ; - java.net.URLClassLoader::defineClass@34 (line 491)
                      ; - java.net.URLClassLoader$1::run@43 (line 427)
                      ; - java.net.URLClassLoader$1::run@1 (line 421)
                      ; - java.security.AccessController::executePrivileged@29 (line 814)
                      ; - java.security.AccessController::doPrivileged@13 (line 712)
                      ; - java.net.URLClassLoader::findClass@13 (line 420)
                      ; - org.gradle.internal.classloader.VisitableURLClassLoader$InstrumentingVisitableURLClassLoader::findClass@10 (line 189)
  0x000002772ec7c41c: e0a4 41ff | ba45 ffff | ff48 8bac | 2480 0000 | 004c 8b54 | 2458 4c89 | 5424 204c | 8b54 2430 
  0x000002772ec7c43c: 4c89 5424 | 284c 8b54 | 2448 4c89 | 5424 304c | 8b54 2460 | 4c89 5424 | 484c 8984 | 24c8 0000 
  0x000002772ec7c45c: 0044 898c | 24d4 0000 | 0044 89ac | 24d8 0000 | 0066 6690 

  0x000002772ec7c470: ;   {runtime_call UncommonTrapBlob}
  0x000002772ec7c470: c5f8 77e8 

  0x000002772ec7c474: ; ImmutableOopMap {rbp=Oop [32]=Oop [40]=Oop [48]=Oop [104]=Oop [112]=NarrowOop [116]=NarrowOop [120]=Oop [136]=NarrowOop [140]=NarrowOop [200]=Oop [272]=Oop [280]=Oop }
                      ;*if_icmpne {reexecute=1 rethrow=0 return_oop=0}
                      ; - (reexecute) java.util.zip.ZipFile$Source::getEntryPos@104 (line 1800)
                      ; - java.util.zip.ZipFile::getInputStream@63 (line 372)
                      ; - java.util.jar.JarFile::getManifestFromReference@130 (line 432)
                      ; - java.util.jar.JarFile::getManifest@1 (line 406)
                      ; - java.util.jar.JarFile::maybeInstantiateVerifier@31 (line 725)
                      ; - java.util.jar.JarFile::ensureInitialization@1 (line 1031)
                      ; - java.util.jar.JavaUtilJarAccessImpl::ensureInitialization@1 (line 72)
                      ; - jdk.internal.loader.URLClassPath$JarLoader$2::getManifest@10 (line 885)
                      ; - java.net.URLClassLoader::defineClass@34 (line 491)
                      ; - java.net.URLClassLoader$1::run@43 (line 427)
                      ; - java.net.URLClassLoader$1::run@1 (line 421)
                      ; - java.security.AccessController::executePrivileged@29 (line 814)
                      ; - java.security.AccessController::doPrivileged@13 (line 712)
                      ; - java.net.URLClassLoader::findClass@13 (line 420)
                      ; - org.gradle.internal.classloader.VisitableURLClassLoader$InstrumentingVisitableURLClassLoader::findClass@10 (line 189)
  0x000002772ec7c474: 88a4 41ff | bac6 0000 | 0048 8bac | 2480 0000 | 004c 8b54 | 2450 4c89 | 5424 204c | 8b54 2430 
  0x000002772ec7c494: 4c89 5424 | 284c 8b54 | 2448 4c89 | 5424 304c | 8b54 2460 | 4c89 5424 | 4866 6690 

  0x000002772ec7c4b0: ;   {runtime_call UncommonTrapBlob}
  0x000002772ec7c4b0: c5f8 77e8 

  0x000002772ec7c4b4: ; ImmutableOopMap {rbp=Oop [32]=Oop [40]=Oop [48]=Oop [104]=Oop [112]=NarrowOop [120]=Oop [272]=Oop [280]=Oop }
                      ;*new {reexecute=0 rethrow=0 return_oop=0}
                      ; - java.util.zip.ZipFile::getInputStream@257 (line 400)
                      ; - java.util.jar.JarFile::getManifestFromReference@130 (line 432)
                      ; - java.util.jar.JarFile::getManifest@1 (line 406)
                      ; - java.util.jar.JarFile::maybeInstantiateVerifier@31 (line 725)
                      ; - java.util.jar.JarFile::ensureInitialization@1 (line 1031)
                      ; - java.util.jar.JavaUtilJarAccessImpl::ensureInitialization@1 (line 72)
                      ; - jdk.internal.loader.URLClassPath$JarLoader$2::getManifest@10 (line 885)
                      ; - java.net.URLClassLoader::defineClass@34 (line 491)
                      ; - java.net.URLClassLoader$1::run@43 (line 427)
                      ; - java.net.URLClassLoader$1::run@1 (line 421)
                      ; - java.security.AccessController::executePrivileged@29 (line 814)
                      ; - java.security.AccessController::doPrivileged@13 (line 712)
                      ; - java.net.URLClassLoader::findClass@13 (line 420)
                      ; - org.gradle.internal.classloader.VisitableURLClassLoader$InstrumentingVisitableURLClassLoader::findClass@10 (line 189)
  0x000002772ec7c4b4: 48a4 41ff | bade ffff | ff48 8bac | 2480 0000 | 004c 8b54 | 2458 4c89 | 5424 204c | 8b54 2430 
  0x000002772ec7c4d4: 4c89 5424 | 284c 8b54 | 2448 4c89 | 5424 304c | 8b54 2460 | 4c89 5424 | 4866 6690 

  0x000002772ec7c4f0: ;   {runtime_call UncommonTrapBlob}
  0x000002772ec7c4f0: c5f8 77e8 

  0x000002772ec7c4f4: ; ImmutableOopMap {rbp=Oop [32]=Oop [40]=Oop [48]=Oop [104]=Oop [112]=NarrowOop [116]=NarrowOop [120]=Oop [144]=Oop [272]=Oop [280]=Oop }
                      ;*invokeinterface add {reexecute=0 rethrow=0 return_oop=0}
                      ; - java.util.zip.ZipFile::getInputStream@137 (line 381)
                      ; - java.util.jar.JarFile::getManifestFromReference@130 (line 432)
                      ; - java.util.jar.JarFile::getManifest@1 (line 406)
                      ; - java.util.jar.JarFile::maybeInstantiateVerifier@31 (line 725)
                      ; - java.util.jar.JarFile::ensureInitialization@1 (line 1031)
                      ; - java.util.jar.JavaUtilJarAccessImpl::ensureInitialization@1 (line 72)
                      ; - jdk.internal.loader.URLClassPath$JarLoader$2::getManifest@10 (line 885)
                      ; - java.net.URLClassLoader::defineClass@34 (line 491)
                      ; - java.net.URLClassLoader$1::run@43 (line 427)
                      ; - java.net.URLClassLoader$1::run@1 (line 421)
                      ; - java.security.AccessController::executePrivileged@29 (line 814)
                      ; - java.security.AccessController::doPrivileged@13 (line 712)
                      ; - java.net.URLClassLoader::findClass@13 (line 420)
                      ; - org.gradle.internal.classloader.VisitableURLClassLoader$InstrumentingVisitableURLClassLoader::findClass@10 (line 189)
  0x000002772ec7c4f4: 08a4 41ff | 498b d04c | 8d84 2440 | 0100 0090 

  0x000002772ec7c504: ;   {runtime_call _complete_monitor_locking_Java}
  0x000002772ec7c504: c5f8 77e8 

  0x000002772ec7c508: ; ImmutableOopMap {[40]=Oop [48]=Oop [56]=Oop [72]=Oop [88]=Oop [104]=Oop [112]=NarrowOop [116]=NarrowOop [120]=Oop [128]=Oop [144]=Oop [272]=Oop [280]=Oop }
                      ;*monitorenter {reexecute=0 rethrow=0 return_oop=0}
                      ; - java.util.zip.ZipFile::getInputStream@133 (line 380)
                      ; - java.util.jar.JarFile::getManifestFromReference@130 (line 432)
                      ; - java.util.jar.JarFile::getManifest@1 (line 406)
                      ; - java.util.jar.JarFile::maybeInstantiateVerifier@31 (line 725)
                      ; - java.util.jar.JarFile::ensureInitialization@1 (line 1031)
                      ; - java.util.jar.JavaUtilJarAccessImpl::ensureInitialization@1 (line 72)
                      ; - jdk.internal.loader.URLClassPath$JarLoader$2::getManifest@10 (line 885)
                      ; - java.net.URLClassLoader::defineClass@34 (line 491)
                      ; - java.net.URLClassLoader$1::run@43 (line 427)
                      ; - java.net.URLClassLoader$1::run@1 (line 421)
                      ; - java.security.AccessController::executePrivileged@29 (line 814)
                      ; - java.security.AccessController::doPrivileged@13 (line 712)
                      ; - java.net.URLClassLoader::findClass@13 (line 420)
                      ; - org.gradle.internal.classloader.VisitableURLClassLoader$InstrumentingVisitableURLClassLoader::findClass@10 (line 189)
  0x000002772ec7c508: f460 4cff | e91e dbff | ff48 8bcd | 488d 9424 | 4001 0000 | 4d8b c7c5 | f877 49ba | 90d8 c990 
  0x000002772ec7c528: fd7f 0000 | 41ff d2e9 | f0db ffff | ba45 ffff | ff48 8bac | 2480 0000 | 004c 8b54 | 2458 4c89 
  0x000002772ec7c548: 5424 204c | 8b54 2430 | 4c89 5424 | 284c 8b54 | 2448 4c89 | 5424 304c | 8b54 2460 | 4c89 5424 
  0x000002772ec7c568: 4844 898c | 24c4 0000 | 0044 89ac | 24d0 0000 | 004c 8984 | 24d8 0000 | 0089 8c24 | e000 0000 
  0x000002772ec7c588: 89bc 24e4 | 0000 0090 

  0x000002772ec7c590: ;   {runtime_call UncommonTrapBlob}
  0x000002772ec7c590: c5f8 77e8 

  0x000002772ec7c594: ; ImmutableOopMap {rbp=Oop [32]=Oop [40]=Oop [48]=Oop [104]=Oop [112]=NarrowOop [116]=NarrowOop [120]=Oop [136]=NarrowOop [140]=NarrowOop [216]=Oop [272]=Oop [280]=Oop }
                      ;*if_icmpne {reexecute=1 rethrow=0 return_oop=0}
                      ; - (reexecute) java.lang.String::equals@33 (line 1830)
                      ; - java.util.zip.ZipFile$Source::getEntryPos@110 (line 1800)
                      ; - java.util.zip.ZipFile::getInputStream@63 (line 372)
                      ; - java.util.jar.JarFile::getManifestFromReference@130 (line 432)
                      ; - java.util.jar.JarFile::getManifest@1 (line 406)
                      ; - java.util.jar.JarFile::maybeInstantiateVerifier@31 (line 725)
                      ; - java.util.jar.JarFile::ensureInitialization@1 (line 1031)
                      ; - java.util.jar.JavaUtilJarAccessImpl::ensureInitialization@1 (line 72)
                      ; - jdk.internal.loader.URLClassPath$JarLoader$2::getManifest@10 (line 885)
                      ; - java.net.URLClassLoader::defineClass@34 (line 491)
                      ; - java.net.URLClassLoader$1::run@43 (line 427)
                      ; - java.net.URLClassLoader$1::run@1 (line 421)
                      ; - java.security.AccessController::executePrivileged@29 (line 814)
                      ; - java.security.AccessController::doPrivileged@13 (line 712)
                      ; - java.net.URLClassLoader::findClass@13 (line 420)
                      ; - org.gradle.internal.classloader.VisitableURLClassLoader$InstrumentingVisitableURLClassLoader::findClass@10 (line 189)
  0x000002772ec7c594: 68a3 41ff | bade ffff | ff4c 8b54 | 2458 4c89 | 5424 284c | 8b54 2448 | 4c89 5424 | 384c 8b94 
  0x000002772ec7c5b4: 2480 0000 | 004c 8954 | 2440 4c8b | 5424 604c | 8954 2450 | 4c8b 9424 | 8000 0000 | 4c89 5424 
  0x000002772ec7c5d4: 604c 8984 | 2490 0000 | 0066 6690 

  0x000002772ec7c5e0: ;   {runtime_call UncommonTrapBlob}
  0x000002772ec7c5e0: c5f8 77e8 

  0x000002772ec7c5e4: ; ImmutableOopMap {rbp=NarrowOop [40]=Oop [48]=Oop [56]=Oop [64]=Oop [96]=Oop [104]=Oop [112]=NarrowOop [144]=Oop [272]=Oop [280]=Oop }
                      ;*checkcast {reexecute=0 rethrow=0 return_oop=0}
                      ; - java.util.jar.JarFile::getManifestFromReference@14 (line 410)
                      ; - java.util.jar.JarFile::getManifest@1 (line 406)
                      ; - java.util.jar.JarFile::maybeInstantiateVerifier@31 (line 725)
                      ; - java.util.jar.JarFile::ensureInitialization@1 (line 1031)
                      ; - java.util.jar.JavaUtilJarAccessImpl::ensureInitialization@1 (line 72)
                      ; - jdk.internal.loader.URLClassPath$JarLoader$2::getManifest@10 (line 885)
                      ; - java.net.URLClassLoader::defineClass@34 (line 491)
                      ; - java.net.URLClassLoader$1::run@43 (line 427)
                      ; - java.net.URLClassLoader$1::run@1 (line 421)
                      ; - java.security.AccessController::executePrivileged@29 (line 814)
                      ; - java.security.AccessController::doPrivileged@13 (line 712)
                      ; - java.net.URLClassLoader::findClass@13 (line 420)
                      ; - org.gradle.internal.classloader.VisitableURLClassLoader$InstrumentingVisitableURLClassLoader::findClass@10 (line 189)
  0x000002772ec7c5e4: 18a3 41ff | baf6 ffff | ff48 8bac | 2480 0000 | 004c 8944 | 2428 6690 

  0x000002772ec7c5fc: ;   {runtime_call UncommonTrapBlob}
  0x000002772ec7c5fc: c5f8 77e8 

  0x000002772ec7c600: ; ImmutableOopMap {rbp=Oop [40]=Oop [88]=Oop }
                      ;*invokevirtual enterClassLoadingScope {reexecute=0 rethrow=0 return_oop=0}
                      ; - org.gradle.internal.classloader.VisitableURLClassLoader$InstrumentingVisitableURLClassLoader::findClass@5 (line 186)
  0x000002772ec7c600: fca2 41ff | baf6 ffff | ff48 8bac | 2480 0000 | 0066 6690 

  0x000002772ec7c614: ;   {runtime_call UncommonTrapBlob}
  0x000002772ec7c614: c5f8 77e8 

  0x000002772ec7c618: ; ImmutableOopMap {rbp=Oop [88]=Oop }
                      ;*invokevirtual get {reexecute=0 rethrow=0 return_oop=0}
                      ; - org.gradle.internal.classloader.TransformErrorHandler::getLastErrorAndClear@4 (line 126)
                      ; - org.gradle.internal.classloader.TransformErrorHandler::enterClassLoadingScope@1 (line 68)
                      ; - org.gradle.internal.classloader.VisitableURLClassLoader$InstrumentingVisitableURLClassLoader::findClass@5 (line 186)
  0x000002772ec7c618: e4a2 41ff | baf6 ffff | ff66 6690 

  0x000002772ec7c624: ;   {runtime_call UncommonTrapBlob}
  0x000002772ec7c624: c5f8 77e8 

  0x000002772ec7c628: ; ImmutableOopMap {[88]=Oop [128]=Oop }
                      ;*invokevirtual remove {reexecute=0 rethrow=0 return_oop=0}
                      ; - org.gradle.internal.classloader.TransformErrorHandler::getLastErrorAndClear@15 (line 127)
                      ; - org.gradle.internal.classloader.TransformErrorHandler::enterClassLoadingScope@1 (line 68)
                      ; - org.gradle.internal.classloader.VisitableURLClassLoader$InstrumentingVisitableURLClassLoader::findClass@5 (line 186)
  0x000002772ec7c628: d4a2 41ff | baf6 ffff | ff66 6690 

  0x000002772ec7c634: ;   {runtime_call UncommonTrapBlob}
  0x000002772ec7c634: c5f8 77e8 

  0x000002772ec7c638: ; ImmutableOopMap {[88]=Oop [128]=Oop }
                      ;*arraylength {reexecute=0 rethrow=0 return_oop=0}
                      ; - java.lang.ThreadLocal$ThreadLocalMap::remove@6 (line 509)
                      ; - java.lang.ThreadLocal::remove@14 (line 242)
                      ; - org.gradle.internal.classloader.TransformErrorHandler::getLastErrorAndClear@15 (line 127)
                      ; - org.gradle.internal.classloader.TransformErrorHandler::enterClassLoadingScope@1 (line 68)
                      ; - org.gradle.internal.classloader.VisitableURLClassLoader$InstrumentingVisitableURLClassLoader::findClass@5 (line 186)
  0x000002772ec7c638: c4a2 41ff | baf6 ffff | ff66 6690 

  0x000002772ec7c644: ;   {runtime_call UncommonTrapBlob}
  0x000002772ec7c644: c5f8 77e8 

  0x000002772ec7c648: ; ImmutableOopMap {[88]=Oop [128]=Oop }
                      ;*arraylength {reexecute=0 rethrow=0 return_oop=0}
                      ; - java.lang.ThreadLocal$ThreadLocalMap::expungeStaleEntry@6 (line 606)
                      ; - java.lang.ThreadLocal$ThreadLocalMap::remove@46 (line 516)
                      ; - java.lang.ThreadLocal::remove@14 (line 242)
                      ; - org.gradle.internal.classloader.TransformErrorHandler::getLastErrorAndClear@15 (line 127)
                      ; - org.gradle.internal.classloader.TransformErrorHandler::enterClassLoadingScope@1 (line 68)
                      ; - org.gradle.internal.classloader.VisitableURLClassLoader$InstrumentingVisitableURLClassLoader::findClass@5 (line 186)
  0x000002772ec7c648: b4a2 41ff | baf6 ffff | ff48 8bac | 2480 0000 | 0066 6690 

  0x000002772ec7c65c: ;   {runtime_call UncommonTrapBlob}
  0x000002772ec7c65c: c5f8 77e8 

  0x000002772ec7c660: ; ImmutableOopMap {rbp=Oop [88]=Oop }
                      ;*arraylength {reexecute=0 rethrow=0 return_oop=0}
                      ; - java.lang.ThreadLocal$ThreadLocalMap::getEntry@8 (line 434)
                      ; - java.lang.ThreadLocal::get@16 (line 165)
                      ; - org.gradle.internal.classloader.TransformErrorHandler::getLastErrorAndClear@4 (line 126)
                      ; - org.gradle.internal.classloader.TransformErrorHandler::enterClassLoadingScope@1 (line 68)
                      ; - org.gradle.internal.classloader.VisitableURLClassLoader$InstrumentingVisitableURLClassLoader::findClass@5 (line 186)
  0x000002772ec7c660: 9ca2 41ff | baf6 ffff | ff48 895c | 2428 4c89 | 7424 3090 

  0x000002772ec7c674: ;   {runtime_call UncommonTrapBlob}
  0x000002772ec7c674: c5f8 77e8 

  0x000002772ec7c678: ; ImmutableOopMap {[40]=Oop [48]=Oop [88]=Oop [128]=Oop }
                      ;*invokevirtual replace {reexecute=0 rethrow=0 return_oop=0}
                      ; - java.net.URLClassLoader$1::run@8 (line 423)
                      ; - java.net.URLClassLoader$1::run@1 (line 421)
                      ; - java.security.AccessController::executePrivileged@29 (line 814)
                      ; - java.security.AccessController::doPrivileged@13 (line 712)
                      ; - java.net.URLClassLoader::findClass@13 (line 420)
                      ; - org.gradle.internal.classloader.VisitableURLClassLoader$InstrumentingVisitableURLClassLoader::findClass@10 (line 189)
  0x000002772ec7c678: 84a2 41ff | baf6 ffff | ff48 895c | 2428 4c89 | 7424 3090 

  0x000002772ec7c68c: ;   {runtime_call UncommonTrapBlob}
  0x000002772ec7c68c: c5f8 77e8 

  0x000002772ec7c690: ; ImmutableOopMap {[40]=Oop [48]=Oop [88]=Oop [128]=Oop }
                      ;*arraylength {reexecute=0 rethrow=0 return_oop=0}
                      ; - java.lang.StringLatin1::replace@8 (line 304)
                      ; - java.lang.String::replace@18 (line 2808)
                      ; - java.net.URLClassLoader$1::run@8 (line 423)
                      ; - java.net.URLClassLoader$1::run@1 (line 421)
                      ; - java.security.AccessController::executePrivileged@29 (line 814)
                      ; - java.security.AccessController::doPrivileged@13 (line 712)
                      ; - java.net.URLClassLoader::findClass@13 (line 420)
                      ; - org.gradle.internal.classloader.VisitableURLClassLoader$InstrumentingVisitableURLClassLoader::findClass@10 (line 189)
  0x000002772ec7c690: 6ca2 41ff | baf6 ffff | ff48 8bac | 2480 0000 | 0066 6690 

  0x000002772ec7c6a4: ;   {runtime_call UncommonTrapBlob}
  0x000002772ec7c6a4: c5f8 77e8 

  0x000002772ec7c6a8: ; ImmutableOopMap {rbp=Oop [88]=Oop }
                      ;*arraylength {reexecute=0 rethrow=0 return_oop=0}
                      ; - java.lang.ThreadLocal$ThreadLocalMap::getEntryAfterMiss@8 (line 453)
                      ; - java.lang.ThreadLocal$ThreadLocalMap::getEntry@38 (line 439)
                      ; - java.lang.ThreadLocal::get@16 (line 165)
                      ; - org.gradle.internal.classloader.TransformErrorHandler::getLastErrorAndClear@4 (line 126)
                      ; - org.gradle.internal.classloader.TransformErrorHandler::enterClassLoadingScope@1 (line 68)
                      ; - org.gradle.internal.classloader.VisitableURLClassLoader$InstrumentingVisitableURLClassLoader::findClass@5 (line 186)
  0x000002772ec7c6a8: 54a2 41ff | ba45 ffff | ff4c 8b54 | 2458 4c89 | 5424 284c | 895c 2430 | 4c89 4c24 | 3889 7c24 
  0x000002772ec7c6c8: 4866 6690 

  0x000002772ec7c6cc: ;   {runtime_call UncommonTrapBlob}
  0x000002772ec7c6cc: c5f8 77e8 

  0x000002772ec7c6d0: ; ImmutableOopMap {[40]=Oop [48]=Oop [56]=Oop [72]=NarrowOop [80]=NarrowOop [88]=Oop [128]=Oop }
                      ;*ifnull {reexecute=1 rethrow=0 return_oop=0}
                      ; - (reexecute) java.lang.ThreadLocal::remove@9 (line 241)
                      ; - org.gradle.internal.classloader.TransformErrorHandler::getLastErrorAndClear@15 (line 127)
                      ; - org.gradle.internal.classloader.TransformErrorHandler::enterClassLoadingScope@1 (line 68)
                      ; - org.gradle.internal.classloader.VisitableURLClassLoader$InstrumentingVisitableURLClassLoader::findClass@5 (line 186)
  0x000002772ec7c6d0: 2ca2 41ff | baf6 ffff | ff4c 8b54 | 2430 4c89 | 5424 2848 | 8974 2440 | 4c89 6c24 | 4848 8944 
  0x000002772ec7c6f0: 2450 6690 

  0x000002772ec7c6f4: ;   {runtime_call UncommonTrapBlob}
  0x000002772ec7c6f4: c5f8 77e8 

  0x000002772ec7c6f8: ; ImmutableOopMap {[40]=Oop [64]=Oop [72]=Oop [88]=Oop [128]=Oop }
                      ;*arraylength {reexecute=0 rethrow=0 return_oop=0}
                      ; - java.lang.String::length@4 (line 1481)
                      ; - java.lang.String::lastIndexOf@3 (line 2451)
                      ; - java.net.URLClassLoader::defineClass@7 (line 486)
                      ; - java.net.URLClassLoader$1::run@43 (line 427)
                      ; - java.net.URLClassLoader$1::run@1 (line 421)
                      ; - java.security.AccessController::executePrivileged@29 (line 814)
                      ; - java.security.AccessController::doPrivileged@13 (line 712)
                      ; - java.net.URLClassLoader::findClass@13 (line 420)
                      ; - org.gradle.internal.classloader.VisitableURLClassLoader$InstrumentingVisitableURLClassLoader::findClass@10 (line 189)
  0x000002772ec7c6f8: 04a2 41ff | baf6 ffff | ff4c 8b54 | 2430 4c89 | 5424 284c | 8b54 2448 | 4c89 5424 | 3066 6690 
  0x000002772ec7c718: ;   {runtime_call UncommonTrapBlob}
  0x000002772ec7c718: c5f8 77e8 

  0x000002772ec7c71c: ; ImmutableOopMap {[32]=Oop [40]=Oop [48]=Oop [112]=Oop [128]=Oop }
                      ;*arraylength {reexecute=0 rethrow=0 return_oop=0}
                      ; - java.net.URLClassLoader::defineClass@217 (line 524)
                      ; - java.net.URLClassLoader$1::run@43 (line 427)
                      ; - java.net.URLClassLoader$1::run@1 (line 421)
                      ; - java.security.AccessController::executePrivileged@29 (line 814)
                      ; - java.security.AccessController::doPrivileged@13 (line 712)
                      ; - java.net.URLClassLoader::findClass@13 (line 420)
                      ; - org.gradle.internal.classloader.VisitableURLClassLoader$InstrumentingVisitableURLClassLoader::findClass@10 (line 189)
  0x000002772ec7c71c: e0a1 41ff | baf6 ffff | ff4c 8b54 | 2430 4c89 | 5424 2848 | 8974 2440 | 4c89 6c24 | 484c 8b54 
  0x000002772ec7c73c: 2460 4c89 | 5424 5048 | 8974 2458 

  0x000002772ec7c748: ;   {runtime_call UncommonTrapBlob}
  0x000002772ec7c748: c5f8 77e8 

  0x000002772ec7c74c: ; ImmutableOopMap {[40]=Oop [64]=Oop [72]=Oop [88]=Oop [128]=Oop [272]=Oop }
                      ;*arraylength {reexecute=0 rethrow=0 return_oop=0}
                      ; - java.lang.String::length@4 (line 1481)
                      ; - java.lang.String::substring@1 (line 2708)
                      ; - java.net.URLClassLoader::defineClass@28 (line 489)
                      ; - java.net.URLClassLoader$1::run@43 (line 427)
                      ; - java.net.URLClassLoader$1::run@1 (line 421)
                      ; - java.security.AccessController::executePrivileged@29 (line 814)
                      ; - java.security.AccessController::doPrivileged@13 (line 712)
                      ; - java.net.URLClassLoader::findClass@13 (line 420)
                      ; - org.gradle.internal.classloader.VisitableURLClassLoader$InstrumentingVisitableURLClassLoader::findClass@10 (line 189)
  0x000002772ec7c74c: b0a1 41ff | baf6 ffff | ff4c 896c | 2438 4889 | 7424 484c | 8b5c 2460 | 4c89 5c24 | 5044 8954 
  0x000002772ec7c76c: 2458 4889 | 7424 6090 

  0x000002772ec7c774: ;   {runtime_call UncommonTrapBlob}
  0x000002772ec7c774: c5f8 77e8 

  0x000002772ec7c778: ; ImmutableOopMap {rbp=Oop [48]=Oop [56]=Oop [72]=Oop [96]=Oop [128]=Oop }
                      ;*getfield csu {reexecute=1 rethrow=0 return_oop=0}
                      ; - (reexecute) jdk.internal.loader.URLClassPath$JarLoader$2::getCodeSourceURL@4 (line 879)
                      ; - java.net.URLClassLoader::defineClass@13 (line 487)
                      ; - java.net.URLClassLoader$1::run@43 (line 427)
                      ; - java.net.URLClassLoader$1::run@1 (line 421)
                      ; - java.security.AccessController::executePrivileged@29 (line 814)
                      ; - java.security.AccessController::doPrivileged@13 (line 712)
                      ; - java.net.URLClassLoader::findClass@13 (line 420)
                      ; - org.gradle.internal.classloader.VisitableURLClassLoader$InstrumentingVisitableURLClassLoader::findClass@10 (line 189)
  0x000002772ec7c778: 84a1 41ff | baf6 ffff | ff4c 8b54 | 2430 4c89 | 5424 284c | 896c 2430 | 4889 7424 | 404c 8b54 
  0x000002772ec7c798: 2460 4c89 | 5424 4848 | 8974 2450 | 4889 7c24 | 6066 6690 

  0x000002772ec7c7ac: ;   {runtime_call UncommonTrapBlob}
  0x000002772ec7c7ac: c5f8 77e8 

  0x000002772ec7c7b0: ; ImmutableOopMap {[40]=Oop [48]=Oop [64]=Oop [80]=Oop [96]=Oop [128]=Oop [272]=Oop [280]=Oop }
                      ;*getfield jar {reexecute=1 rethrow=0 return_oop=0}
                      ; - (reexecute) jdk.internal.loader.URLClassPath$JarLoader$2::getManifest@7 (line 885)
                      ; - java.net.URLClassLoader::defineClass@34 (line 491)
                      ; - java.net.URLClassLoader$1::run@43 (line 427)
                      ; - java.net.URLClassLoader$1::run@1 (line 421)
                      ; - java.security.AccessController::executePrivileged@29 (line 814)
                      ; - java.security.AccessController::doPrivileged@13 (line 712)
                      ; - java.net.URLClassLoader::findClass@13 (line 420)
                      ; - org.gradle.internal.classloader.VisitableURLClassLoader$InstrumentingVisitableURLClassLoader::findClass@10 (line 189)
  0x000002772ec7c7b0: 4ca1 41ff | baf6 ffff | ff4c 8b54 | 2430 4c89 | 5424 284c | 896c 2430 | 4889 7424 | 404c 8b54 
  0x000002772ec7c7d0: 2460 4c89 | 5424 4848 | 8974 2450 | 4889 7c24 | 6066 6690 

  0x000002772ec7c7e4: ;   {runtime_call UncommonTrapBlob}
  0x000002772ec7c7e4: c5f8 77e8 

  0x000002772ec7c7e8: ; ImmutableOopMap {[40]=Oop [48]=Oop [64]=Oop [80]=Oop [96]=Oop [128]=Oop [272]=Oop [280]=Oop }
                      ;*invokevirtual ensureInitialization {reexecute=0 rethrow=0 return_oop=0}
                      ; - java.util.jar.JavaUtilJarAccessImpl::ensureInitialization@1 (line 72)
                      ; - jdk.internal.loader.URLClassPath$JarLoader$2::getManifest@10 (line 885)
                      ; - java.net.URLClassLoader::defineClass@34 (line 491)
                      ; - java.net.URLClassLoader$1::run@43 (line 427)
                      ; - java.net.URLClassLoader$1::run@1 (line 421)
                      ; - java.security.AccessController::executePrivileged@29 (line 814)
                      ; - java.security.AccessController::doPrivileged@13 (line 712)
                      ; - java.net.URLClassLoader::findClass@13 (line 420)
                      ; - org.gradle.internal.classloader.VisitableURLClassLoader$InstrumentingVisitableURLClassLoader::findClass@10 (line 189)
  0x000002772ec7c7e8: 14a1 41ff | baf6 ffff | ff4c 8b54 | 2430 4c89 | 5424 284c | 896c 2430 | 4889 7424 | 404c 8b54 
  0x000002772ec7c808: 2460 4c89 | 5424 4848 | 8974 2450 | 4889 7c24 | 6066 6690 

  0x000002772ec7c81c: ;   {runtime_call UncommonTrapBlob}
  0x000002772ec7c81c: c5f8 77e8 

  0x000002772ec7c820: ; ImmutableOopMap {[40]=Oop [48]=Oop [64]=Oop [80]=Oop [96]=Oop [128]=Oop [272]=Oop [280]=Oop }
                      ;*getfield jar {reexecute=1 rethrow=0 return_oop=0}
                      ; - (reexecute) jdk.internal.loader.URLClassPath$JarLoader$2::getManifest@19 (line 886)
                      ; - java.net.URLClassLoader::defineClass@34 (line 491)
                      ; - java.net.URLClassLoader$1::run@43 (line 427)
                      ; - java.net.URLClassLoader$1::run@1 (line 421)
                      ; - java.security.AccessController::executePrivileged@29 (line 814)
                      ; - java.security.AccessController::doPrivileged@13 (line 712)
                      ; - java.net.URLClassLoader::findClass@13 (line 420)
                      ; - org.gradle.internal.classloader.VisitableURLClassLoader$InstrumentingVisitableURLClassLoader::findClass@10 (line 189)
  0x000002772ec7c820: dca0 41ff | baf6 ffff | ff4c 8b54 | 2430 4c89 | 5424 284c | 896c 2430 | 4889 7424 | 404c 8b54 
  0x000002772ec7c840: 2460 4c89 | 5424 4848 | 8974 2450 | 4889 7c24 | 6066 6690 

  0x000002772ec7c854: ;   {runtime_call UncommonTrapBlob}
  0x000002772ec7c854: c5f8 77e8 

  0x000002772ec7c858: ; ImmutableOopMap {[40]=Oop [48]=Oop [64]=Oop [80]=Oop [96]=Oop [128]=Oop [272]=Oop [280]=Oop }
                      ;*invokevirtual getManifest {reexecute=0 rethrow=0 return_oop=0}
                      ; - jdk.internal.loader.URLClassPath$JarLoader$2::getManifest@22 (line 886)
                      ; - java.net.URLClassLoader::defineClass@34 (line 491)
                      ; - java.net.URLClassLoader$1::run@43 (line 427)
                      ; - java.net.URLClassLoader$1::run@1 (line 421)
                      ; - java.security.AccessController::executePrivileged@29 (line 814)
                      ; - java.security.AccessController::doPrivileged@13 (line 712)
                      ; - java.net.URLClassLoader::findClass@13 (line 420)
                      ; - org.gradle.internal.classloader.VisitableURLClassLoader$InstrumentingVisitableURLClassLoader::findClass@10 (line 189)
  0x000002772ec7c858: a4a0 41ff | baf6 ffff | ff48 8bac | 2480 0000 | 0066 6690 

  0x000002772ec7c86c: ;   {runtime_call UncommonTrapBlob}
  0x000002772ec7c86c: c5f8 77e8 

  0x000002772ec7c870: ; ImmutableOopMap {rbp=Oop [88]=Oop }
                      ;*arraylength {reexecute=0 rethrow=0 return_oop=0}
                      ; - java.lang.ThreadLocal$ThreadLocalMap::set@6 (line 481)
                      ; - java.lang.ThreadLocal::setInitialValue@22 (line 199)
                      ; - java.lang.ThreadLocal::get@34 (line 172)
                      ; - org.gradle.internal.classloader.TransformErrorHandler::getLastErrorAndClear@4 (line 126)
                      ; - org.gradle.internal.classloader.TransformErrorHandler::enterClassLoadingScope@1 (line 68)
                      ; - org.gradle.internal.classloader.VisitableURLClassLoader$InstrumentingVisitableURLClassLoader::findClass@5 (line 186)
  0x000002772ec7c870: 8ca0 41ff | ba45 ffff | ff48 8bac | 2480 0000 | 004c 8b5c | 2430 4c89 | 5c24 284c | 896c 2430 
  0x000002772ec7c890: 4889 7424 | 404c 8b5c | 2460 4c89 | 5c24 4848 | 8974 2450 | 4889 7c24 | 7844 8994 | 2484 0000 
  0x000002772ec7c8b0: 0066 6690 

  0x000002772ec7c8b4: ;   {runtime_call UncommonTrapBlob}
  0x000002772ec7c8b4: c5f8 77e8 

  0x000002772ec7c8b8: ; ImmutableOopMap {rbp=Oop [40]=Oop [48]=Oop [64]=Oop [80]=Oop [120]=Oop [132]=NarrowOop [272]=Oop [280]=Oop }
                      ;*ifnonnull {reexecute=1 rethrow=0 return_oop=0}
                      ; - (reexecute) jdk.internal.access.SharedSecrets::javaUtilJarAccess@5 (line 104)
                      ; - jdk.internal.loader.URLClassPath$JarLoader$2::getManifest@0 (line 885)
                      ; - java.net.URLClassLoader::defineClass@34 (line 491)
                      ; - java.net.URLClassLoader$1::run@43 (line 427)
                      ; - java.net.URLClassLoader$1::run@1 (line 421)
                      ; - java.security.AccessController::executePrivileged@29 (line 814)
                      ; - java.security.AccessController::doPrivileged@13 (line 712)
                      ; - java.net.URLClassLoader::findClass@13 (line 420)
                      ; - org.gradle.internal.classloader.VisitableURLClassLoader$InstrumentingVisitableURLClassLoader::findClass@10 (line 189)
  0x000002772ec7c8b8: 44a0 41ff | baf6 ffff | ff66 6690 

  0x000002772ec7c8c4: ;   {runtime_call UncommonTrapBlob}
  0x000002772ec7c8c4: c5f8 77e8 

  0x000002772ec7c8c8: ; ImmutableOopMap {[88]=Oop [128]=Oop }
                      ;*arraylength {reexecute=0 rethrow=0 return_oop=0}
                      ; - java.lang.ThreadLocal$ThreadLocalMap::cleanSomeSlots@10 (line 667)
                      ; - java.lang.ThreadLocal$ThreadLocalMap::set@113 (line 500)
                      ; - java.lang.ThreadLocal::setInitialValue@22 (line 199)
                      ; - java.lang.ThreadLocal::get@34 (line 172)
                      ; - org.gradle.internal.classloader.TransformErrorHandler::getLastErrorAndClear@4 (line 126)
                      ; - org.gradle.internal.classloader.TransformErrorHandler::enterClassLoadingScope@1 (line 68)
                      ; - org.gradle.internal.classloader.VisitableURLClassLoader$InstrumentingVisitableURLClassLoader::findClass@5 (line 186)
  0x000002772ec7c8c8: 34a0 41ff | baf4 ffff | ff4c 8b54 | 2458 4c89 | 5424 284c | 8b54 2438 | 4c89 5424 | 3044 8b5c 
  0x000002772ec7c8e8: 2448 4489 | 5c24 3844 | 8b5c 2450 | 4489 5c24 | 3c44 8974 | 2444 448b | 5424 5444 | 8954 2448 
  0x000002772ec7c908: 4889 5c24 | 5066 6690 

  0x000002772ec7c910: ;   {runtime_call UncommonTrapBlob}
  0x000002772ec7c910: c5f8 77e8 

  0x000002772ec7c914: ; ImmutableOopMap {[40]=Oop [48]=Oop [60]=NarrowOop [68]=NarrowOop [76]=NarrowOop [80]=Oop [88]=Oop [128]=Oop }
                      ;*checkcast {reexecute=0 rethrow=0 return_oop=0}
                      ; - java.lang.ThreadLocal$ThreadLocalMap::expungeStaleEntry@51 (line 619)
                      ; - java.lang.ThreadLocal$ThreadLocalMap::remove@46 (line 516)
                      ; - java.lang.ThreadLocal::remove@14 (line 242)
                      ; - org.gradle.internal.classloader.TransformErrorHandler::getLastErrorAndClear@15 (line 127)
                      ; - org.gradle.internal.classloader.TransformErrorHandler::enterClassLoadingScope@1 (line 68)
                      ; - org.gradle.internal.classloader.VisitableURLClassLoader$InstrumentingVisitableURLClassLoader::findClass@5 (line 186)
  0x000002772ec7c914: e89f 41ff | eb0a eb08 | eb06 eb04 | eb02 eb00 | 488b d0e9 | 4494 ffff | ba45 ffff | ff4c 8b54 
  0x000002772ec7c934: 2458 4c89 | 5424 284c | 8b54 2448 | 4c89 5424 | 384c 8b94 | 2480 0000 | 004c 8954 | 2440 4c8b 
  0x000002772ec7c954: 5424 604c | 8954 2450 | 4c8b 9424 | 8000 0000 | 4c89 5424 | 604c 8984 | 2490 0000 | 0044 898c 
  0x000002772ec7c974: 2498 0000 | 0066 6690 

  0x000002772ec7c97c: ;   {runtime_call UncommonTrapBlob}
  0x000002772ec7c97c: c5f8 77e8 

  0x000002772ec7c980: ; ImmutableOopMap {rbp=NarrowOop [40]=Oop [48]=Oop [56]=Oop [64]=Oop [96]=Oop [104]=Oop [112]=NarrowOop [144]=Oop [152]=NarrowOop [272]=Oop [280]=Oop }
                      ;*ifnull {reexecute=1 rethrow=0 return_oop=0}
                      ; - (reexecute) java.lang.ref.SoftReference::get@6 (line 113)
                      ; - java.util.jar.JarFile::getManifestFromReference@11 (line 410)
                      ; - java.util.jar.JarFile::getManifest@1 (line 406)
                      ; - java.util.jar.JarFile::maybeInstantiateVerifier@31 (line 725)
                      ; - java.util.jar.JarFile::ensureInitialization@1 (line 1031)
                      ; - java.util.jar.JavaUtilJarAccessImpl::ensureInitialization@1 (line 72)
                      ; - jdk.internal.loader.URLClassPath$JarLoader$2::getManifest@10 (line 885)
                      ; - java.net.URLClassLoader::defineClass@34 (line 491)
                      ; - java.net.URLClassLoader$1::run@43 (line 427)
                      ; - java.net.URLClassLoader$1::run@1 (line 421)
                      ; - java.security.AccessController::executePrivileged@29 (line 814)
                      ; - java.security.AccessController::doPrivileged@13 (line 712)
                      ; - java.net.URLClassLoader::findClass@13 (line 420)
                      ; - org.gradle.internal.classloader.VisitableURLClassLoader$InstrumentingVisitableURLClassLoader::findClass@10 (line 189)
  0x000002772ec7c980: 7c9f 41ff | baf4 ffff | ff66 6690 

  0x000002772ec7c98c: ;   {runtime_call UncommonTrapBlob}
  0x000002772ec7c98c: c5f8 77e8 

  0x000002772ec7c990: ; ImmutableOopMap {[128]=Oop }
                      ;*checkcast {reexecute=0 rethrow=0 return_oop=0}
                      ; - java.net.URLClassLoader::findClass@28 (line 442)
                      ; - org.gradle.internal.classloader.VisitableURLClassLoader$InstrumentingVisitableURLClassLoader::findClass@10 (line 189)
  0x000002772ec7c990: 6c9f 41ff | baf6 ffff | ff48 8bac | 2480 0000 | 004c 8b54 | 2450 4c89 | 5424 204c | 8b54 2430 
  0x000002772ec7c9b0: 4c89 5424 | 284c 8b54 | 2448 4c89 | 5424 304c | 8b54 2460 | 4c89 5424 | 4866 6690 

  0x000002772ec7c9cc: ;   {runtime_call UncommonTrapBlob}
  0x000002772ec7c9cc: c5f8 77e8 

  0x000002772ec7c9d0: ; ImmutableOopMap {rbp=Oop [32]=Oop [40]=Oop [48]=Oop [104]=Oop [112]=NarrowOop [116]=NarrowOop [120]=Oop [136]=Oop [272]=Oop [280]=Oop }
                      ;*arraylength {reexecute=0 rethrow=0 return_oop=0}
                      ; - java.util.jar.JarFile::getBytes@125 (line 820)
                      ; - java.util.jar.JarFile::getManifestFromReference@44 (line 419)
                      ; - java.util.jar.JarFile::getManifest@1 (line 406)
                      ; - java.util.jar.JarFile::maybeInstantiateVerifier@31 (line 725)
                      ; - java.util.jar.JarFile::ensureInitialization@1 (line 1031)
                      ; - java.util.jar.JavaUtilJarAccessImpl::ensureInitialization@1 (line 72)
                      ; - jdk.internal.loader.URLClassPath$JarLoader$2::getManifest@10 (line 885)
                      ; - java.net.URLClassLoader::defineClass@34 (line 491)
                      ; - java.net.URLClassLoader$1::run@43 (line 427)
                      ; - java.net.URLClassLoader$1::run@1 (line 421)
                      ; - java.security.AccessController::executePrivileged@29 (line 814)
                      ; - java.security.AccessController::doPrivileged@13 (line 712)
                      ; - java.net.URLClassLoader::findClass@13 (line 420)
                      ; - org.gradle.internal.classloader.VisitableURLClassLoader$InstrumentingVisitableURLClassLoader::findClass@10 (line 189)
  0x000002772ec7c9d0: 2c9f 41ff | baf6 ffff | ff48 8bac | 2480 0000 | 004c 8b54 | 2458 4c89 | 5424 204c | 8b54 2430 
  0x000002772ec7c9f0: 4c89 5424 | 284c 8b54 | 2448 4c89 | 5424 304c | 8b54 2460 | 4c89 5424 | 484c 8984 | 2490 0000 
  0x000002772ec7ca10: 0089 9c24 | 9800 0000 

  0x000002772ec7ca18: ;   {runtime_call UncommonTrapBlob}
  0x000002772ec7ca18: c5f8 77e8 

  0x000002772ec7ca1c: ; ImmutableOopMap {rbp=Oop [32]=Oop [40]=Oop [48]=Oop [104]=Oop [112]=NarrowOop [144]=Oop [152]=NarrowOop [272]=Oop [280]=Oop }
                      ;*getfield zsrc {reexecute=1 rethrow=0 return_oop=0}
                      ; - (reexecute) java.util.zip.ZipFile::getInputStream@11 (line 365)
                      ; - java.util.jar.JarFile::getManifestFromReference@130 (line 432)
                      ; - java.util.jar.JarFile::getManifest@1 (line 406)
                      ; - java.util.jar.JarFile::maybeInstantiateVerifier@31 (line 725)
                      ; - java.util.jar.JarFile::ensureInitialization@1 (line 1031)
                      ; - java.util.jar.JavaUtilJarAccessImpl::ensureInitialization@1 (line 72)
                      ; - jdk.internal.loader.URLClassPath$JarLoader$2::getManifest@10 (line 885)
                      ; - java.net.URLClassLoader::defineClass@34 (line 491)
                      ; - java.net.URLClassLoader$1::run@43 (line 427)
                      ; - java.net.URLClassLoader$1::run@1 (line 421)
                      ; - java.security.AccessController::executePrivileged@29 (line 814)
                      ; - java.security.AccessController::doPrivileged@13 (line 712)
                      ; - java.net.URLClassLoader::findClass@13 (line 420)
                      ; - org.gradle.internal.classloader.VisitableURLClassLoader$InstrumentingVisitableURLClassLoader::findClass@10 (line 189)
  0x000002772ec7ca1c: e09e 41ff | baf6 ffff | ff48 8bac | 2480 0000 | 004c 8b54 | 2458 4c89 | 5424 204c | 8b54 2430 
  0x000002772ec7ca3c: 4c89 5424 | 284c 8b54 | 2448 4c89 | 5424 304c | 8b54 2460 | 4c89 5424 | 484c 8984 | 2490 0000 
  0x000002772ec7ca5c: 0089 9c24 | 9800 0000 | 4489 8c24 | 9c00 0000 | 898c 24a0 | 0000 004c | 8984 24a8 | 0000 0090 
  0x000002772ec7ca7c: ;   {runtime_call UncommonTrapBlob}
  0x000002772ec7ca7c: c5f8 77e8 

  0x000002772ec7ca80: ; ImmutableOopMap {rbp=Oop [32]=Oop [40]=Oop [48]=Oop [104]=Oop [112]=NarrowOop [144]=Oop [152]=NarrowOop [156]=NarrowOop [160]=NarrowOop [168]=Oop [272]=Oop [280]=Oop }
                      ;*getfield zsrc {reexecute=1 rethrow=0 return_oop=0}
                      ; - (reexecute) java.util.zip.ZipFile::ensureOpen@22 (line 841)
                      ; - java.util.zip.ZipFile::getInputStream@31 (line 368)
                      ; - java.util.jar.JarFile::getManifestFromReference@130 (line 432)
                      ; - java.util.jar.JarFile::getManifest@1 (line 406)
                      ; - java.util.jar.JarFile::maybeInstantiateVerifier@31 (line 725)
                      ; - java.util.jar.JarFile::ensureInitialization@1 (line 1031)
                      ; - java.util.jar.JavaUtilJarAccessImpl::ensureInitialization@1 (line 72)
                      ; - jdk.internal.loader.URLClassPath$JarLoader$2::getManifest@10 (line 885)
                      ; - java.net.URLClassLoader::defineClass@34 (line 491)
                      ; - java.net.URLClassLoader$1::run@43 (line 427)
                      ; - java.net.URLClassLoader$1::run@1 (line 421)
                      ; - java.security.AccessController::executePrivileged@29 (line 814)
                      ; - java.security.AccessController::doPrivileged@13 (line 712)
                      ; - java.net.URLClassLoader::findClass@13 (line 420)
                      ; - org.gradle.internal.classloader.VisitableURLClassLoader$InstrumentingVisitableURLClassLoader::findClass@10 (line 189)
  0x000002772ec7ca80: 7c9e 41ff | baf6 ffff | ff48 8bac | 2480 0000 | 004c 8b54 | 2458 4c89 | 5424 204c | 8b54 2430 
  0x000002772ec7caa0: 4c89 5424 | 284c 8b54 | 2448 4c89 | 5424 304c | 8b54 2460 | 4c89 5424 | 484c 899c | 24b0 0000 
  0x000002772ec7cac0: 0066 6690 

  0x000002772ec7cac4: ;   {runtime_call UncommonTrapBlob}
  0x000002772ec7cac4: c5f8 77e8 

  0x000002772ec7cac8: ; ImmutableOopMap {rbp=Oop [32]=Oop [40]=Oop [48]=Oop [104]=Oop [112]=NarrowOop [120]=Oop [136]=NarrowOop [176]=Oop [272]=Oop [280]=Oop }
                      ;*getfield cen {reexecute=1 rethrow=0 return_oop=0}
                      ; - (reexecute) java.util.zip.ZipFile::getInputStream@84 (line 377)
                      ; - java.util.jar.JarFile::getManifestFromReference@130 (line 432)
                      ; - java.util.jar.JarFile::getManifest@1 (line 406)
                      ; - java.util.jar.JarFile::maybeInstantiateVerifier@31 (line 725)
                      ; - java.util.jar.JarFile::ensureInitialization@1 (line 1031)
                      ; - java.util.jar.JavaUtilJarAccessImpl::ensureInitialization@1 (line 72)
                      ; - jdk.internal.loader.URLClassPath$JarLoader$2::getManifest@10 (line 885)
                      ; - java.net.URLClassLoader::defineClass@34 (line 491)
                      ; - java.net.URLClassLoader$1::run@43 (line 427)
                      ; - java.net.URLClassLoader$1::run@1 (line 421)
                      ; - java.security.AccessController::executePrivileged@29 (line 814)
                      ; - java.security.AccessController::doPrivileged@13 (line 712)
                      ; - java.net.URLClassLoader::findClass@13 (line 420)
                      ; - org.gradle.internal.classloader.VisitableURLClassLoader$InstrumentingVisitableURLClassLoader::findClass@10 (line 189)
  0x000002772ec7cac8: 349e 41ff | baf6 ffff | ff48 8bac | 2480 0000 | 004c 8b54 | 2450 4c89 | 5424 204c | 8b54 2430 
  0x000002772ec7cae8: 4c89 5424 | 284c 8b54 | 2448 4c89 | 5424 304c | 8b54 2460 | 4c89 5424 | 4866 6690 

  0x000002772ec7cb04: ;   {runtime_call UncommonTrapBlob}
  0x000002772ec7cb04: c5f8 77e8 

  0x000002772ec7cb08: ; ImmutableOopMap {rbp=Oop [32]=Oop [40]=Oop [48]=Oop [104]=Oop [112]=NarrowOop [116]=NarrowOop [120]=Oop [136]=NarrowOop [144]=Oop [272]=Oop [280]=Oop }
                      ;*getfield zsrc {reexecute=1 rethrow=0 return_oop=0}
                      ; - (reexecute) java.util.zip.ZipFile$ZipFileInputStream::<init>@84 (line 873)
                      ; - java.util.zip.ZipFile::getInputStream@88 (line 377)
                      ; - java.util.jar.JarFile::getManifestFromReference@130 (line 432)
                      ; - java.util.jar.JarFile::getManifest@1 (line 406)
                      ; - java.util.jar.JarFile::maybeInstantiateVerifier@31 (line 725)
                      ; - java.util.jar.JarFile::ensureInitialization@1 (line 1031)
                      ; - java.util.jar.JavaUtilJarAccessImpl::ensureInitialization@1 (line 72)
                      ; - jdk.internal.loader.URLClassPath$JarLoader$2::getManifest@10 (line 885)
                      ; - java.net.URLClassLoader::defineClass@34 (line 491)
                      ; - java.net.URLClassLoader$1::run@43 (line 427)
                      ; - java.net.URLClassLoader$1::run@1 (line 421)
                      ; - java.security.AccessController::executePrivileged@29 (line 814)
                      ; - java.security.AccessController::doPrivileged@13 (line 712)
                      ; - java.net.URLClassLoader::findClass@13 (line 420)
                      ; - org.gradle.internal.classloader.VisitableURLClassLoader$InstrumentingVisitableURLClassLoader::findClass@10 (line 189)
  0x000002772ec7cb08: f49d 41ff | baf6 ffff | ff48 8bac | 2480 0000 | 004c 8b54 | 2450 4c89 | 5424 204c | 8b54 2430 
  0x000002772ec7cb28: 4c89 5424 | 284c 8b54 | 2448 4c89 | 5424 304c | 8b54 2460 | 4c89 5424 | 4866 6690 

  0x000002772ec7cb44: ;   {runtime_call UncommonTrapBlob}
  0x000002772ec7cb44: c5f8 77e8 

  0x000002772ec7cb48: ; ImmutableOopMap {rbp=Oop [32]=Oop [40]=Oop [48]=Oop [104]=Oop [112]=NarrowOop [116]=NarrowOop [120]=Oop [136]=NarrowOop [144]=Oop [272]=Oop [280]=Oop }
                      ;*getfield locpos {reexecute=1 rethrow=0 return_oop=0}
                      ; - (reexecute) java.util.zip.ZipFile$ZipFileInputStream::<init>@87 (line 873)
                      ; - java.util.zip.ZipFile::getInputStream@88 (line 377)
                      ; - java.util.jar.JarFile::getManifestFromReference@130 (line 432)
                      ; - java.util.jar.JarFile::getManifest@1 (line 406)
                      ; - java.util.jar.JarFile::maybeInstantiateVerifier@31 (line 725)
                      ; - java.util.jar.JarFile::ensureInitialization@1 (line 1031)
                      ; - java.util.jar.JavaUtilJarAccessImpl::ensureInitialization@1 (line 72)
                      ; - jdk.internal.loader.URLClassPath$JarLoader$2::getManifest@10 (line 885)
                      ; - java.net.URLClassLoader::defineClass@34 (line 491)
                      ; - java.net.URLClassLoader$1::run@43 (line 427)
                      ; - java.net.URLClassLoader$1::run@1 (line 421)
                      ; - java.security.AccessController::executePrivileged@29 (line 814)
                      ; - java.security.AccessController::doPrivileged@13 (line 712)
                      ; - java.net.URLClassLoader::findClass@13 (line 420)
                      ; - org.gradle.internal.classloader.VisitableURLClassLoader$InstrumentingVisitableURLClassLoader::findClass@10 (line 189)
  0x000002772ec7cb48: b49d 41ff | baf6 ffff | ff48 8bac | 2480 0000 | 004c 8b54 | 2450 4c89 | 5424 204c | 8b54 2430 
  0x000002772ec7cb68: 4c89 5424 | 284c 8b54 | 2448 4c89 | 5424 304c | 8b54 2460 | 4c89 5424 | 4844 8984 | 24a4 0000 
  0x000002772ec7cb88: 0066 6690 

  0x000002772ec7cb8c: ;   {runtime_call UncommonTrapBlob}
  0x000002772ec7cb8c: c5f8 77e8 

  0x000002772ec7cb90: ; ImmutableOopMap {rbp=Oop [32]=Oop [40]=Oop [48]=Oop [104]=Oop [112]=NarrowOop [116]=NarrowOop [120]=Oop [136]=NarrowOop [144]=Oop [272]=Oop [280]=Oop }
                      ;*baload {reexecute=0 rethrow=0 return_oop=0}
                      ; - java.util.zip.ZipUtils::SH@2 (line 203)
                      ; - java.util.zip.ZipUtils::CENHOW@5 (line 267)
                      ; - java.util.zip.ZipFile::getInputStream@98 (line 378)
                      ; - java.util.jar.JarFile::getManifestFromReference@130 (line 432)
                      ; - java.util.jar.JarFile::getManifest@1 (line 406)
                      ; - java.util.jar.JarFile::maybeInstantiateVerifier@31 (line 725)
                      ; - java.util.jar.JarFile::ensureInitialization@1 (line 1031)
                      ; - java.util.jar.JavaUtilJarAccessImpl::ensureInitialization@1 (line 72)
                      ; - jdk.internal.loader.URLClassPath$JarLoader$2::getManifest@10 (line 885)
                      ; - java.net.URLClassLoader::defineClass@34 (line 491)
                      ; - java.net.URLClassLoader$1::run@43 (line 427)
                      ; - java.net.URLClassLoader$1::run@1 (line 421)
                      ; - java.security.AccessController::executePrivileged@29 (line 814)
                      ; - java.security.AccessController::doPrivileged@13 (line 712)
                      ; - java.net.URLClassLoader::findClass@13 (line 420)
                      ; - org.gradle.internal.classloader.VisitableURLClassLoader$InstrumentingVisitableURLClassLoader::findClass@10 (line 189)
  0x000002772ec7cb90: 6c9d 41ff | baf6 ffff | ff48 8bac | 2480 0000 | 004c 8b54 | 2438 4c89 | 5424 204c | 8b54 2430 
  0x000002772ec7cbb0: 4c89 5424 | 284c 8b54 | 2448 4c89 | 5424 304c | 8b54 2460 | 4c89 5424 | 4866 6690 

  0x000002772ec7cbcc: ;   {runtime_call UncommonTrapBlob}
  0x000002772ec7cbcc: c5f8 77e8 

  0x000002772ec7cbd0: ; ImmutableOopMap {rbp=Oop [32]=Oop [40]=Oop [48]=Oop [104]=Oop [112]=NarrowOop [120]=Oop [152]=Oop [272]=Oop [280]=Oop }
                      ;*monitorenter {reexecute=0 rethrow=0 return_oop=0}
                      ; - java.util.zip.ZipFile::getInputStream@226 (line 395)
                      ; - java.util.jar.JarFile::getManifestFromReference@130 (line 432)
                      ; - java.util.jar.JarFile::getManifest@1 (line 406)
                      ; - java.util.jar.JarFile::maybeInstantiateVerifier@31 (line 725)
                      ; - java.util.jar.JarFile::ensureInitialization@1 (line 1031)
                      ; - java.util.jar.JavaUtilJarAccessImpl::ensureInitialization@1 (line 72)
                      ; - jdk.internal.loader.URLClassPath$JarLoader$2::getManifest@10 (line 885)
                      ; - java.net.URLClassLoader::defineClass@34 (line 491)
                      ; - java.net.URLClassLoader$1::run@43 (line 427)
                      ; - java.net.URLClassLoader$1::run@1 (line 421)
                      ; - java.security.AccessController::executePrivileged@29 (line 814)
                      ; - java.security.AccessController::doPrivileged@13 (line 712)
                      ; - java.net.URLClassLoader::findClass@13 (line 420)
                      ; - org.gradle.internal.classloader.VisitableURLClassLoader$InstrumentingVisitableURLClassLoader::findClass@10 (line 189)
  0x000002772ec7cbd0: 2c9d 41ff | baf6 ffff | ff48 8bac | 2480 0000 | 004c 8b5c | 2458 4c89 | 5c24 204c | 8b5c 2430 
  0x000002772ec7cbf0: 4c89 5c24 | 284c 8b5c | 2448 4c89 | 5c24 304c | 8b5c 2460 | 4c89 5c24 | 484c 8994 | 24b0 0000 
  0x000002772ec7cc10: 0066 6690 

  0x000002772ec7cc14: ;   {runtime_call UncommonTrapBlob}
  0x000002772ec7cc14: c5f8 77e8 

  0x000002772ec7cc18: ; ImmutableOopMap {rbp=Oop [32]=Oop [40]=Oop [48]=Oop [104]=Oop [112]=NarrowOop [120]=Oop [152]=Oop [176]=Oop [272]=Oop [280]=Oop }
                      ;*invokeinterface put {reexecute=0 rethrow=0 return_oop=0}
                      ; - java.util.Collections$SetFromMap::add@8 (line 5685)
                      ; - java.util.zip.ZipFile::getInputStream@231 (line 396)
                      ; - java.util.jar.JarFile::getManifestFromReference@130 (line 432)
                      ; - java.util.jar.JarFile::getManifest@1 (line 406)
                      ; - java.util.jar.JarFile::maybeInstantiateVerifier@31 (line 725)
                      ; - java.util.jar.JarFile::ensureInitialization@1 (line 1031)
                      ; - java.util.jar.JavaUtilJarAccessImpl::ensureInitialization@1 (line 72)
                      ; - jdk.internal.loader.URLClassPath$JarLoader$2::getManifest@10 (line 885)
                      ; - java.net.URLClassLoader::defineClass@34 (line 491)
                      ; - java.net.URLClassLoader$1::run@43 (line 427)
                      ; - java.net.URLClassLoader$1::run@1 (line 421)
                      ; - java.security.AccessController::executePrivileged@29 (line 814)
                      ; - java.security.AccessController::doPrivileged@13 (line 712)
                      ; - java.net.URLClassLoader::findClass@13 (line 420)
                      ; - org.gradle.internal.classloader.VisitableURLClassLoader$InstrumentingVisitableURLClassLoader::findClass@10 (line 189)
  0x000002772ec7cc18: e49c 41ff | baf6 ffff | ff48 8bac | 2480 0000 | 004c 8b54 | 2458 4c89 | 5424 204c | 8b54 2430 
  0x000002772ec7cc38: 4c89 5424 | 284c 8b54 | 2448 4c89 | 5424 304c | 8b54 2460 | 4c89 5424 | 4866 6690 

  0x000002772ec7cc54: ;   {runtime_call UncommonTrapBlob}
  0x000002772ec7cc54: c5f8 77e8 

  0x000002772ec7cc58: ; ImmutableOopMap {rbp=Oop [32]=Oop [40]=Oop [48]=Oop [104]=Oop [112]=NarrowOop [116]=NarrowOop [120]=Oop [136]=NarrowOop [140]=NarrowOop [272]=Oop [280]=Oop }
                      ;*iaload {reexecute=0 rethrow=0 return_oop=0}
                      ; - java.util.zip.ZipFile$Source::getEntryHash@5 (line 1377)
                      ; - java.util.zip.ZipFile$Source::getEntryPos@39 (line 1787)
                      ; - java.util.zip.ZipFile::getInputStream@63 (line 372)
                      ; - java.util.jar.JarFile::getManifestFromReference@130 (line 432)
                      ; - java.util.jar.JarFile::getManifest@1 (line 406)
                      ; - java.util.jar.JarFile::maybeInstantiateVerifier@31 (line 725)
                      ; - java.util.jar.JarFile::ensureInitialization@1 (line 1031)
                      ; - java.util.jar.JavaUtilJarAccessImpl::ensureInitialization@1 (line 72)
                      ; - jdk.internal.loader.URLClassPath$JarLoader$2::getManifest@10 (line 885)
                      ; - java.net.URLClassLoader::defineClass@34 (line 491)
                      ; - java.net.URLClassLoader$1::run@43 (line 427)
                      ; - java.net.URLClassLoader$1::run@1 (line 421)
                      ; - java.security.AccessController::executePrivileged@29 (line 814)
                      ; - java.security.AccessController::doPrivileged@13 (line 712)
                      ; - java.net.URLClassLoader::findClass@13 (line 420)
                      ; - org.gradle.internal.classloader.VisitableURLClassLoader$InstrumentingVisitableURLClassLoader::findClass@10 (line 189)
  0x000002772ec7cc58: a49c 41ff | baf6 ffff | ff48 8bac | 2480 0000 | 004c 8b54 | 2458 4c89 | 5424 204c | 8b54 2430 
  0x000002772ec7cc78: 4c89 5424 | 284c 8b54 | 2448 4c89 | 5424 304c | 8b54 2460 | 4c89 5424 | 4889 8c24 | bc00 0000 
  0x000002772ec7cc98: ;   {runtime_call UncommonTrapBlob}
  0x000002772ec7cc98: c5f8 77e8 

  0x000002772ec7cc9c: ; ImmutableOopMap {rbp=Oop [32]=Oop [40]=Oop [48]=Oop [104]=Oop [112]=NarrowOop [116]=NarrowOop [120]=Oop [136]=NarrowOop [140]=NarrowOop [272]=Oop [280]=Oop }
                      ;*iaload {reexecute=0 rethrow=0 return_oop=0}
                      ; - java.util.zip.ZipFile$Source::getEntryNext@7 (line 1378)
                      ; - java.util.zip.ZipFile$Source::getEntryPos@185 (line 1816)
                      ; - java.util.zip.ZipFile::getInputStream@63 (line 372)
                      ; - java.util.jar.JarFile::getManifestFromReference@130 (line 432)
                      ; - java.util.jar.JarFile::getManifest@1 (line 406)
                      ; - java.util.jar.JarFile::maybeInstantiateVerifier@31 (line 725)
                      ; - java.util.jar.JarFile::ensureInitialization@1 (line 1031)
                      ; - java.util.jar.JavaUtilJarAccessImpl::ensureInitialization@1 (line 72)
                      ; - jdk.internal.loader.URLClassPath$JarLoader$2::getManifest@10 (line 885)
                      ; - java.net.URLClassLoader::defineClass@34 (line 491)
                      ; - java.net.URLClassLoader$1::run@43 (line 427)
                      ; - java.net.URLClassLoader$1::run@1 (line 421)
                      ; - java.security.AccessController::executePrivileged@29 (line 814)
                      ; - java.security.AccessController::doPrivileged@13 (line 712)
                      ; - java.net.URLClassLoader::findClass@13 (line 420)
                      ; - org.gradle.internal.classloader.VisitableURLClassLoader$InstrumentingVisitableURLClassLoader::findClass@10 (line 189)
  0x000002772ec7cc9c: 609c 41ff | baf4 ffff | ff48 8bac | 2480 0000 | 004c 8b54 | 2438 4c89 | 5424 204c | 8b54 2430 
  0x000002772ec7ccbc: 4c89 5424 | 284c 8b54 | 2448 4c89 | 5424 304c | 8b54 2460 | 4c89 5424 | 4866 6690 

  0x000002772ec7ccd8: ;   {runtime_call UncommonTrapBlob}
  0x000002772ec7ccd8: c5f8 77e8 

  0x000002772ec7ccdc: ; ImmutableOopMap {rbp=Oop [32]=Oop [40]=Oop [48]=Oop [104]=Oop [112]=NarrowOop [120]=Oop [272]=Oop [280]=Oop }
                      ;*checkcast {reexecute=0 rethrow=0 return_oop=0}
                      ; - java.util.jar.JarFile::getManEntry@28 (line 944)
                      ; - java.util.jar.JarFile::getManifestFromReference@27 (line 414)
                      ; - java.util.jar.JarFile::getManifest@1 (line 406)
                      ; - java.util.jar.JarFile::maybeInstantiateVerifier@31 (line 725)
                      ; - java.util.jar.JarFile::ensureInitialization@1 (line 1031)
                      ; - java.util.jar.JavaUtilJarAccessImpl::ensureInitialization@1 (line 72)
                      ; - jdk.internal.loader.URLClassPath$JarLoader$2::getManifest@10 (line 885)
                      ; - java.net.URLClassLoader::defineClass@34 (line 491)
                      ; - java.net.URLClassLoader$1::run@43 (line 427)
                      ; - java.net.URLClassLoader$1::run@1 (line 421)
                      ; - java.security.AccessController::executePrivileged@29 (line 814)
                      ; - java.security.AccessController::doPrivileged@13 (line 712)
                      ; - java.net.URLClassLoader::findClass@13 (line 420)
                      ; - org.gradle.internal.classloader.VisitableURLClassLoader$InstrumentingVisitableURLClassLoader::findClass@10 (line 189)
  0x000002772ec7ccdc: 209c 41ff | baf6 ffff | ff48 8bac | 2480 0000 | 004c 8b54 | 2458 4c89 | 5424 204c | 8b54 2430 
  0x000002772ec7ccfc: 4c89 5424 | 284c 8b54 | 2448 4c89 | 5424 304c | 8b54 2460 | 4c89 5424 | 4844 89ac | 248c 0000 
  0x000002772ec7cd1c: 0066 6690 

  0x000002772ec7cd20: ;   {runtime_call UncommonTrapBlob}
  0x000002772ec7cd20: c5f8 77e8 

  0x000002772ec7cd24: ; ImmutableOopMap {rbp=Oop [32]=Oop [40]=Oop [48]=Oop [104]=Oop [112]=NarrowOop [120]=Oop [136]=NarrowOop [140]=NarrowOop [272]=Oop [280]=Oop }
                      ;*invokevirtual getEntryPos {reexecute=0 rethrow=0 return_oop=0}
                      ; - java.util.zip.ZipFile::getInputStream@63 (line 372)
                      ; - java.util.jar.JarFile::getManifestFromReference@130 (line 432)
                      ; - java.util.jar.JarFile::getManifest@1 (line 406)
                      ; - java.util.jar.JarFile::maybeInstantiateVerifier@31 (line 725)
                      ; - java.util.jar.JarFile::ensureInitialization@1 (line 1031)
                      ; - java.util.jar.JavaUtilJarAccessImpl::ensureInitialization@1 (line 72)
                      ; - jdk.internal.loader.URLClassPath$JarLoader$2::getManifest@10 (line 885)
                      ; - java.net.URLClassLoader::defineClass@34 (line 491)
                      ; - java.net.URLClassLoader$1::run@43 (line 427)
                      ; - java.net.URLClassLoader$1::run@1 (line 421)
                      ; - java.security.AccessController::executePrivileged@29 (line 814)
                      ; - java.security.AccessController::doPrivileged@13 (line 712)
                      ; - java.net.URLClassLoader::findClass@13 (line 420)
                      ; - org.gradle.internal.classloader.VisitableURLClassLoader$InstrumentingVisitableURLClassLoader::findClass@10 (line 189)
  0x000002772ec7cd24: d89b 41ff | baf6 ffff | ff48 8bac | 2480 0000 | 004c 8b44 | 2458 4c89 | 4424 204c | 8b44 2430 
  0x000002772ec7cd44: 4c89 4424 | 284c 8b44 | 2448 4c89 | 4424 304c | 8b44 2460 | 4c89 4424 | 4844 8994 | 24b0 0000 
  0x000002772ec7cd64: 0044 899c | 24b4 0000 | 0066 6690 

  0x000002772ec7cd70: ;   {runtime_call UncommonTrapBlob}
  0x000002772ec7cd70: c5f8 77e8 

  0x000002772ec7cd74: ; ImmutableOopMap {rbp=Oop [32]=Oop [40]=Oop [48]=Oop [104]=Oop [112]=NarrowOop [120]=Oop [136]=NarrowOop [176]=NarrowOop [180]=NarrowOop [272]=Oop [280]=Oop }
                      ;*invokevirtual hashCode {reexecute=0 rethrow=0 return_oop=0}
                      ; - java.util.zip.ZipCoder::hash@1 (line 128)
                      ; - java.util.zip.ZipFile$Source::getEntryPos@10 (line 1781)
                      ; - java.util.zip.ZipFile::getInputStream@63 (line 372)
                      ; - java.util.jar.JarFile::getManifestFromReference@130 (line 432)
                      ; - java.util.jar.JarFile::getManifest@1 (line 406)
                      ; - java.util.jar.JarFile::maybeInstantiateVerifier@31 (line 725)
                      ; - java.util.jar.JarFile::ensureInitialization@1 (line 1031)
                      ; - java.util.jar.JavaUtilJarAccessImpl::ensureInitialization@1 (line 72)
                      ; - jdk.internal.loader.URLClassPath$JarLoader$2::getManifest@10 (line 885)
                      ; - java.net.URLClassLoader::defineClass@34 (line 491)
                      ; - java.net.URLClassLoader$1::run@43 (line 427)
                      ; - java.net.URLClassLoader$1::run@1 (line 421)
                      ; - java.security.AccessController::executePrivileged@29 (line 814)
                      ; - java.security.AccessController::doPrivileged@13 (line 712)
                      ; - java.net.URLClassLoader::findClass@13 (line 420)
                      ; - org.gradle.internal.classloader.VisitableURLClassLoader$InstrumentingVisitableURLClassLoader::findClass@10 (line 189)
  0x000002772ec7cd74: 889b 41ff | baf6 ffff | ff48 8bac | 2480 0000 | 004c 8b54 | 2458 4c89 | 5424 204c | 8b54 2430 
  0x000002772ec7cd94: 4c89 5424 | 284c 8b54 | 2448 4c89 | 5424 304c | 8b54 2460 | 4c89 5424 | 4866 6690 

  0x000002772ec7cdb0: ;   {runtime_call UncommonTrapBlob}
  0x000002772ec7cdb0: c5f8 77e8 

  0x000002772ec7cdb4: ; ImmutableOopMap {rbp=Oop [32]=Oop [40]=Oop [48]=Oop [104]=Oop [112]=NarrowOop [116]=NarrowOop [120]=Oop [136]=NarrowOop [140]=NarrowOop [272]=Oop [280]=Oop }
                      ;*arraylength {reexecute=0 rethrow=0 return_oop=0}
                      ; - java.lang.String::length@4 (line 1481)
                      ; - java.util.zip.ZipCoder::hash@6 (line 129)
                      ; - java.util.zip.ZipFile$Source::getEntryPos@10 (line 1781)
                      ; - java.util.zip.ZipFile::getInputStream@63 (line 372)
                      ; - java.util.jar.JarFile::getManifestFromReference@130 (line 432)
                      ; - java.util.jar.JarFile::getManifest@1 (line 406)
                      ; - java.util.jar.JarFile::maybeInstantiateVerifier@31 (line 725)
                      ; - java.util.jar.JarFile::ensureInitialization@1 (line 1031)
                      ; - java.util.jar.JavaUtilJarAccessImpl::ensureInitialization@1 (line 72)
                      ; - jdk.internal.loader.URLClassPath$JarLoader$2::getManifest@10 (line 885)
                      ; - java.net.URLClassLoader::defineClass@34 (line 491)
                      ; - java.net.URLClassLoader$1::run@43 (line 427)
                      ; - java.net.URLClassLoader$1::run@1 (line 421)
                      ; - java.security.AccessController::executePrivileged@29 (line 814)
                      ; - java.security.AccessController::doPrivileged@13 (line 712)
                      ; - java.net.URLClassLoader::findClass@13 (line 420)
                      ; - org.gradle.internal.classloader.VisitableURLClassLoader$InstrumentingVisitableURLClassLoader::findClass@10 (line 189)
  0x000002772ec7cdb4: 489b 41ff | baf6 ffff | ff48 8bac | 2480 0000 | 004c 8b54 | 2458 4c89 | 5424 204c | 8b54 2430 
  0x000002772ec7cdd4: 4c89 5424 | 284c 8b54 | 2448 4c89 | 5424 304c | 8b54 2460 | 4c89 5424 | 4844 8984 | 24bc 0000 
  0x000002772ec7cdf4: 0066 6690 

  0x000002772ec7cdf8: ;   {runtime_call UncommonTrapBlob}
  0x000002772ec7cdf8: c5f8 77e8 

  0x000002772ec7cdfc: ; ImmutableOopMap {rbp=Oop [32]=Oop [40]=Oop [48]=Oop [104]=Oop [112]=NarrowOop [116]=NarrowOop [120]=Oop [136]=NarrowOop [140]=NarrowOop [272]=Oop [280]=Oop }
                      ;*iaload {reexecute=0 rethrow=0 return_oop=0}
                      ; - java.util.zip.ZipFile$Source::getEntryPos@27 (line 1782)
                      ; - java.util.zip.ZipFile::getInputStream@63 (line 372)
                      ; - java.util.jar.JarFile::getManifestFromReference@130 (line 432)
                      ; - java.util.jar.JarFile::getManifest@1 (line 406)
                      ; - java.util.jar.JarFile::maybeInstantiateVerifier@31 (line 725)
                      ; - java.util.jar.JarFile::ensureInitialization@1 (line 1031)
                      ; - java.util.jar.JavaUtilJarAccessImpl::ensureInitialization@1 (line 72)
                      ; - jdk.internal.loader.URLClassPath$JarLoader$2::getManifest@10 (line 885)
                      ; - java.net.URLClassLoader::defineClass@34 (line 491)
                      ; - java.net.URLClassLoader$1::run@43 (line 427)
                      ; - java.net.URLClassLoader$1::run@1 (line 421)
                      ; - java.security.AccessController::executePrivileged@29 (line 814)
                      ; - java.security.AccessController::doPrivileged@13 (line 712)
                      ; - java.net.URLClassLoader::findClass@13 (line 420)
                      ; - org.gradle.internal.classloader.VisitableURLClassLoader$InstrumentingVisitableURLClassLoader::findClass@10 (line 189)
  0x000002772ec7cdfc: 009b 41ff | ba45 ffff | ff48 8bac | 2480 0000 | 004c 8b54 | 2458 4c89 | 5424 204c | 8b54 2430 
  0x000002772ec7ce1c: 4c89 5424 | 284c 8b54 | 2448 4c89 | 5424 304c | 8b54 2460 | 4c89 5424 | 4889 9c24 | a000 0000 
  0x000002772ec7ce3c: 4489 ac24 | b800 0000 | 898c 24bc | 0000 0090 

  0x000002772ec7ce4c: ;   {runtime_call UncommonTrapBlob}
  0x000002772ec7ce4c: c5f8 77e8 

  0x000002772ec7ce50: ; ImmutableOopMap {rbp=Oop [32]=Oop [40]=Oop [48]=Oop [104]=Oop [112]=NarrowOop [116]=NarrowOop [120]=Oop [136]=NarrowOop [160]=NarrowOop [184]=NarrowOop [188]=NarrowOop [272]=Oop [280]=Oop }
                      ;*ifnull {reexecute=1 rethrow=0 return_oop=0}
                      ; - (reexecute) java.util.Objects::equals@6 (line 64)
                      ; - java.util.zip.ZipFile::getInputStream@42 (line 369)
                      ; - java.util.jar.JarFile::getManifestFromReference@130 (line 432)
                      ; - java.util.jar.JarFile::getManifest@1 (line 406)
                      ; - java.util.jar.JarFile::maybeInstantiateVerifier@31 (line 725)
                      ; - java.util.jar.JarFile::ensureInitialization@1 (line 1031)
                      ; - java.util.jar.JavaUtilJarAccessImpl::ensureInitialization@1 (line 72)
                      ; - jdk.internal.loader.URLClassPath$JarLoader$2::getManifest@10 (line 885)
                      ; - java.net.URLClassLoader::defineClass@34 (line 491)
                      ; - java.net.URLClassLoader$1::run@43 (line 427)
                      ; - java.net.URLClassLoader$1::run@1 (line 421)
                      ; - java.security.AccessController::executePrivileged@29 (line 814)
                      ; - java.security.AccessController::doPrivileged@13 (line 712)
                      ; - java.net.URLClassLoader::findClass@13 (line 420)
                      ; - org.gradle.internal.classloader.VisitableURLClassLoader$InstrumentingVisitableURLClassLoader::findClass@10 (line 189)
  0x000002772ec7ce50: ac9a 41ff | baf6 ffff | ff48 8bac | 2480 0000 | 004c 8b44 | 2450 4c89 | 4424 204c | 8b44 2430 
  0x000002772ec7ce70: 4c89 4424 | 284c 8b44 | 2448 4c89 | 4424 304c | 8b44 2460 | 4c89 4424 | 484c 8b84 | 2490 0000 
  0x000002772ec7ce90: 004c 8984 | 2488 0000 | 004c 8994 | 2490 0000 | 004c 899c | 2498 0000 | 0066 6690 

  0x000002772ec7ceac: ;   {runtime_call UncommonTrapBlob}
  0x000002772ec7ceac: c5f8 77e8 

  0x000002772ec7ceb0: ; ImmutableOopMap {rbp=Oop [32]=Oop [40]=Oop [48]=Oop [104]=Oop [112]=NarrowOop [136]=Oop [144]=Oop [152]=Oop [272]=Oop [280]=Oop }
                      ;*getfield res {reexecute=1 rethrow=0 return_oop=0}
                      ; - (reexecute) java.util.zip.ZipFile$ZipFileInputStream::close@22 (line 1010)
                      ; - java.util.jar.JarFile::getManifestFromReference@152 (line 434)
                      ; - java.util.jar.JarFile::getManifest@1 (line 406)
                      ; - java.util.jar.JarFile::maybeInstantiateVerifier@31 (line 725)
                      ; - java.util.jar.JarFile::ensureInitialization@1 (line 1031)
                      ; - java.util.jar.JavaUtilJarAccessImpl::ensureInitialization@1 (line 72)
                      ; - jdk.internal.loader.URLClassPath$JarLoader$2::getManifest@10 (line 885)
                      ; - java.net.URLClassLoader::defineClass@34 (line 491)
                      ; - java.net.URLClassLoader$1::run@43 (line 427)
                      ; - java.net.URLClassLoader$1::run@1 (line 421)
                      ; - java.security.AccessController::executePrivileged@29 (line 814)
                      ; - java.security.AccessController::doPrivileged@13 (line 712)
                      ; - java.net.URLClassLoader::findClass@13 (line 420)
                      ; - org.gradle.internal.classloader.VisitableURLClassLoader$InstrumentingVisitableURLClassLoader::findClass@10 (line 189)
  0x000002772ec7ceb0: 4c9a 41ff | baf6 ffff | ff48 8bac | 2480 0000 | 004c 8b44 | 2450 4c89 | 4424 204c | 8b44 2430 
  0x000002772ec7ced0: 4c89 4424 | 284c 8b44 | 2448 4c89 | 4424 304c | 8b44 2460 | 4c89 4424 | 484c 8b84 | 2490 0000 
  0x000002772ec7cef0: 004c 8984 | 2488 0000 | 004c 8994 | 2490 0000 | 004c 899c | 2498 0000 | 0066 6690 

  0x000002772ec7cf0c: ;   {runtime_call UncommonTrapBlob}
  0x000002772ec7cf0c: c5f8 77e8 

  0x000002772ec7cf10: ; ImmutableOopMap {rbp=Oop [32]=Oop [40]=Oop [48]=Oop [104]=Oop [112]=NarrowOop [136]=Oop [144]=Oop [152]=Oop [272]=Oop [280]=Oop }
                      ;*getfield istreams {reexecute=1 rethrow=0 return_oop=0}
                      ; - (reexecute) java.util.zip.ZipFile$ZipFileInputStream::close@25 (line 1010)
                      ; - java.util.jar.JarFile::getManifestFromReference@152 (line 434)
                      ; - java.util.jar.JarFile::getManifest@1 (line 406)
                      ; - java.util.jar.JarFile::maybeInstantiateVerifier@31 (line 725)
                      ; - java.util.jar.JarFile::ensureInitialization@1 (line 1031)
                      ; - java.util.jar.JavaUtilJarAccessImpl::ensureInitialization@1 (line 72)
                      ; - jdk.internal.loader.URLClassPath$JarLoader$2::getManifest@10 (line 885)
                      ; - java.net.URLClassLoader::defineClass@34 (line 491)
                      ; - java.net.URLClassLoader$1::run@43 (line 427)
                      ; - java.net.URLClassLoader$1::run@1 (line 421)
                      ; - java.security.AccessController::executePrivileged@29 (line 814)
                      ; - java.security.AccessController::doPrivileged@13 (line 712)
                      ; - java.net.URLClassLoader::findClass@13 (line 420)
                      ; - org.gradle.internal.classloader.VisitableURLClassLoader$InstrumentingVisitableURLClassLoader::findClass@10 (line 189)
  0x000002772ec7cf10: ec99 41ff | baf6 ffff | ff48 8bac | 2480 0000 | 004c 8b44 | 2458 4c89 | 4424 204c | 8b44 2430 
  0x000002772ec7cf30: 4c89 4424 | 284c 8b44 | 2448 4c89 | 4424 304c | 8b44 2460 | 4c89 4424 | 484c 8b84 | 2490 0000 
  0x000002772ec7cf50: 004c 8984 | 2488 0000 | 004c 8994 | 2490 0000 | 004c 899c | 2498 0000 | 0089 8c24 | a400 0000 
  0x000002772ec7cf70: ;   {runtime_call UncommonTrapBlob}
  0x000002772ec7cf70: c5f8 77e8 

  0x000002772ec7cf74: ; ImmutableOopMap {rbp=Oop [32]=Oop [40]=Oop [48]=Oop [104]=Oop [112]=NarrowOop [136]=Oop [144]=Oop [152]=Oop [164]=NarrowOop [272]=Oop [280]=Oop }
                      ;*getfield res {reexecute=1 rethrow=0 return_oop=0}
                      ; - (reexecute) java.util.zip.ZipFile$ZipFileInputStream::close@35 (line 1011)
                      ; - java.util.jar.JarFile::getManifestFromReference@152 (line 434)
                      ; - java.util.jar.JarFile::getManifest@1 (line 406)
                      ; - java.util.jar.JarFile::maybeInstantiateVerifier@31 (line 725)
                      ; - java.util.jar.JarFile::ensureInitialization@1 (line 1031)
                      ; - java.util.jar.JavaUtilJarAccessImpl::ensureInitialization@1 (line 72)
                      ; - jdk.internal.loader.URLClassPath$JarLoader$2::getManifest@10 (line 885)
                      ; - java.net.URLClassLoader::defineClass@34 (line 491)
                      ; - java.net.URLClassLoader$1::run@43 (line 427)
                      ; - java.net.URLClassLoader$1::run@1 (line 421)
                      ; - java.security.AccessController::executePrivileged@29 (line 814)
                      ; - java.security.AccessController::doPrivileged@13 (line 712)
                      ; - java.net.URLClassLoader::findClass@13 (line 420)
                      ; - org.gradle.internal.classloader.VisitableURLClassLoader$InstrumentingVisitableURLClassLoader::findClass@10 (line 189)
  0x000002772ec7cf74: 8899 41ff | baf6 ffff | ff48 8bac | 2480 0000 | 004c 8b44 | 2458 4c89 | 4424 204c | 8b44 2430 
  0x000002772ec7cf94: 4c89 4424 | 284c 8b44 | 2448 4c89 | 4424 304c | 8b44 2460 | 4c89 4424 | 484c 8b84 | 2490 0000 
  0x000002772ec7cfb4: 004c 8984 | 2488 0000 | 004c 8994 | 2490 0000 | 004c 899c | 2498 0000 | 0089 8c24 | a400 0000 
  0x000002772ec7cfd4: ;   {runtime_call UncommonTrapBlob}
  0x000002772ec7cfd4: c5f8 77e8 

  0x000002772ec7cfd8: ; ImmutableOopMap {rbp=Oop [32]=Oop [40]=Oop [48]=Oop [104]=Oop [112]=NarrowOop [136]=Oop [144]=Oop [152]=Oop [164]=NarrowOop [272]=Oop [280]=Oop }
                      ;*getfield istreams {reexecute=1 rethrow=0 return_oop=0}
                      ; - (reexecute) java.util.zip.ZipFile$ZipFileInputStream::close@38 (line 1011)
                      ; - java.util.jar.JarFile::getManifestFromReference@152 (line 434)
                      ; - java.util.jar.JarFile::getManifest@1 (line 406)
                      ; - java.util.jar.JarFile::maybeInstantiateVerifier@31 (line 725)
                      ; - java.util.jar.JarFile::ensureInitialization@1 (line 1031)
                      ; - java.util.jar.JavaUtilJarAccessImpl::ensureInitialization@1 (line 72)
                      ; - jdk.internal.loader.URLClassPath$JarLoader$2::getManifest@10 (line 885)
                      ; - java.net.URLClassLoader::defineClass@34 (line 491)
                      ; - java.net.URLClassLoader$1::run@43 (line 427)
                      ; - java.net.URLClassLoader$1::run@1 (line 421)
                      ; - java.security.AccessController::executePrivileged@29 (line 814)
                      ; - java.security.AccessController::doPrivileged@13 (line 712)
                      ; - java.net.URLClassLoader::findClass@13 (line 420)
                      ; - org.gradle.internal.classloader.VisitableURLClassLoader$InstrumentingVisitableURLClassLoader::findClass@10 (line 189)
  0x000002772ec7cfd8: 2499 41ff | baf6 ffff | ff48 8bac | 2480 0000 | 004c 8b44 | 2458 4c89 | 4424 204c | 8b44 2430 
  0x000002772ec7cff8: 4c89 4424 | 284c 8b44 | 2448 4c89 | 4424 304c | 8b44 2460 | 4c89 4424 | 484c 8b84 | 2490 0000 
  0x000002772ec7d018: 004c 8984 | 2488 0000 | 004c 8994 | 2490 0000 | 004c 899c | 24a0 0000 | 0089 8c24 | 9c00 0000 
  0x000002772ec7d038: ;   {runtime_call UncommonTrapBlob}
  0x000002772ec7d038: c5f8 77e8 

  0x000002772ec7d03c: ; ImmutableOopMap {rbp=Oop [32]=Oop [40]=Oop [48]=Oop [104]=Oop [112]=NarrowOop [136]=Oop [144]=Oop [156]=NarrowOop [160]=Oop [272]=Oop [280]=Oop }
                      ;*invokeinterface remove {reexecute=0 rethrow=0 return_oop=0}
                      ; - java.util.zip.ZipFile$ZipFileInputStream::close@42 (line 1011)
                      ; - java.util.jar.JarFile::getManifestFromReference@152 (line 434)
                      ; - java.util.jar.JarFile::getManifest@1 (line 406)
                      ; - java.util.jar.JarFile::maybeInstantiateVerifier@31 (line 725)
                      ; - java.util.jar.JarFile::ensureInitialization@1 (line 1031)
                      ; - java.util.jar.JavaUtilJarAccessImpl::ensureInitialization@1 (line 72)
                      ; - jdk.internal.loader.URLClassPath$JarLoader$2::getManifest@10 (line 885)
                      ; - java.net.URLClassLoader::defineClass@34 (line 491)
                      ; - java.net.URLClassLoader$1::run@43 (line 427)
                      ; - java.net.URLClassLoader$1::run@1 (line 421)
                      ; - java.security.AccessController::executePrivileged@29 (line 814)
                      ; - java.security.AccessController::doPrivileged@13 (line 712)
                      ; - java.net.URLClassLoader::findClass@13 (line 420)
                      ; - org.gradle.internal.classloader.VisitableURLClassLoader$InstrumentingVisitableURLClassLoader::findClass@10 (line 189)
  0x000002772ec7d03c: c098 41ff | baf6 ffff | ff48 8bac | 2480 0000 | 004c 8b54 | 2458 4c89 | 5424 204c | 8b54 2430 
  0x000002772ec7d05c: 4c89 5424 | 284c 8b54 | 2448 4c89 | 5424 304c | 8b54 2460 | 4c89 5424 | 4866 6690 

  0x000002772ec7d078: ;   {runtime_call UncommonTrapBlob}
  0x000002772ec7d078: c5f8 77e8 

  0x000002772ec7d07c: ; ImmutableOopMap {rbp=Oop [32]=Oop [40]=Oop [48]=Oop [104]=Oop [112]=NarrowOop [116]=NarrowOop [120]=Oop [136]=NarrowOop [140]=NarrowOop [272]=Oop [280]=Oop }
                      ;*invokevirtual isUTF8 {reexecute=0 rethrow=0 return_oop=0}
                      ; - java.util.zip.ZipFile$Source::zipCoderForPos@4 (line 1822)
                      ; - java.util.zip.ZipFile$Source::getEntryPos@57 (line 1792)
                      ; - java.util.zip.ZipFile::getInputStream@63 (line 372)
                      ; - java.util.jar.JarFile::getManifestFromReference@130 (line 432)
                      ; - java.util.jar.JarFile::getManifest@1 (line 406)
                      ; - java.util.jar.JarFile::maybeInstantiateVerifier@31 (line 725)
                      ; - java.util.jar.JarFile::ensureInitialization@1 (line 1031)
                      ; - java.util.jar.JavaUtilJarAccessImpl::ensureInitialization@1 (line 72)
                      ; - jdk.internal.loader.URLClassPath$JarLoader$2::getManifest@10 (line 885)
                      ; - java.net.URLClassLoader::defineClass@34 (line 491)
                      ; - java.net.URLClassLoader$1::run@43 (line 427)
                      ; - java.net.URLClassLoader$1::run@1 (line 421)
                      ; - java.security.AccessController::executePrivileged@29 (line 814)
                      ; - java.security.AccessController::doPrivileged@13 (line 712)
                      ; - java.net.URLClassLoader::findClass@13 (line 420)
                      ; - org.gradle.internal.classloader.VisitableURLClassLoader$InstrumentingVisitableURLClassLoader::findClass@10 (line 189)
  0x000002772ec7d07c: 8098 41ff | baf6 ffff | ff4c 8b54 | 2458 4c89 | 5424 284c | 8b54 2448 | 4c89 5424 | 384c 8b94 
  0x000002772ec7d09c: 2480 0000 | 004c 8954 | 2440 4c8b | 5424 604c | 8954 2450 | 4c8b 9424 | 8000 0000 | 4c89 5424 
  0x000002772ec7d0bc: 6044 8984 | 24cc 0000 | 0089 8c24 | d000 0000 | 899c 24d4 | 0000 0090 

  0x000002772ec7d0d4: ;   {runtime_call UncommonTrapBlob}
  0x000002772ec7d0d4: c5f8 77e8 

  0x000002772ec7d0d8: ; ImmutableOopMap {[40]=Oop [48]=Oop [56]=Oop [64]=Oop [96]=Oop [104]=Oop [112]=NarrowOop [116]=NarrowOop [120]=Oop [136]=NarrowOop [140]=NarrowOop [204]=NarrowOop [208]=NarrowOop [272]=Oop [280]=Oop }
                      ;*baload {reexecute=0 rethrow=0 return_oop=0}
                      ; - java.util.zip.ZipUtils::SH@2 (line 203)
                      ; - java.util.zip.ZipUtils::CENNAM@5 (line 272)
                      ; - java.util.zip.ZipFile$Source::getEntryPos@79 (line 1793)
                      ; - java.util.zip.ZipFile::getInputStream@63 (line 372)
                      ; - java.util.jar.JarFile::getManifestFromReference@130 (line 432)
                      ; - java.util.jar.JarFile::getManifest@1 (line 406)
                      ; - java.util.jar.JarFile::maybeInstantiateVerifier@31 (line 725)
                      ; - java.util.jar.JarFile::ensureInitialization@1 (line 1031)
                      ; - java.util.jar.JavaUtilJarAccessImpl::ensureInitialization@1 (line 72)
                      ; - jdk.internal.loader.URLClassPath$JarLoader$2::getManifest@10 (line 885)
                      ; - java.net.URLClassLoader::defineClass@34 (line 491)
                      ; - java.net.URLClassLoader$1::run@43 (line 427)
                      ; - java.net.URLClassLoader$1::run@1 (line 421)
                      ; - java.security.AccessController::executePrivileged@29 (line 814)
                      ; - java.security.AccessController::doPrivileged@13 (line 712)
                      ; - java.net.URLClassLoader::findClass@13 (line 420)
                      ; - org.gradle.internal.classloader.VisitableURLClassLoader$InstrumentingVisitableURLClassLoader::findClass@10 (line 189)
  0x000002772ec7d0d8: 2498 41ff | baf6 ffff | ff48 8bac | 2480 0000 | 004c 8b54 | 2458 4c89 | 5424 204c | 8b54 2430 
  0x000002772ec7d0f8: 4c89 5424 | 284c 8b54 | 2448 4c89 | 5424 304c | 8b54 2460 | 4c89 5424 | 4866 6690 

  0x000002772ec7d114: ;   {runtime_call UncommonTrapBlob}
  0x000002772ec7d114: c5f8 77e8 

  0x000002772ec7d118: ; ImmutableOopMap {rbp=Oop [32]=Oop [40]=Oop [48]=Oop [104]=Oop [112]=NarrowOop [116]=NarrowOop [120]=Oop [136]=NarrowOop [140]=NarrowOop [272]=Oop [280]=Oop }
                      ;*invokevirtual length {reexecute=0 rethrow=0 return_oop=0}
                      ; - java.util.zip.ZipFile$Source::getEntryPos@89 (line 1798)
                      ; - java.util.zip.ZipFile::getInputStream@63 (line 372)
                      ; - java.util.jar.JarFile::getManifestFromReference@130 (line 432)
                      ; - java.util.jar.JarFile::getManifest@1 (line 406)
                      ; - java.util.jar.JarFile::maybeInstantiateVerifier@31 (line 725)
                      ; - java.util.jar.JarFile::ensureInitialization@1 (line 1031)
                      ; - java.util.jar.JavaUtilJarAccessImpl::ensureInitialization@1 (line 72)
                      ; - jdk.internal.loader.URLClassPath$JarLoader$2::getManifest@10 (line 885)
                      ; - java.net.URLClassLoader::defineClass@34 (line 491)
                      ; - java.net.URLClassLoader$1::run@43 (line 427)
                      ; - java.net.URLClassLoader$1::run@1 (line 421)
                      ; - java.security.AccessController::executePrivileged@29 (line 814)
                      ; - java.security.AccessController::doPrivileged@13 (line 712)
                      ; - java.net.URLClassLoader::findClass@13 (line 420)
                      ; - org.gradle.internal.classloader.VisitableURLClassLoader$InstrumentingVisitableURLClassLoader::findClass@10 (line 189)
  0x000002772ec7d118: e497 41ff | baf6 ffff | ff48 8bac | 2480 0000 | 004c 8b54 | 2458 4c89 | 5424 204c | 8b54 2430 
  0x000002772ec7d138: 4c89 5424 | 284c 8b54 | 2448 4c89 | 5424 304c | 8b54 2460 | 4c89 5424 | 4848 8984 | 24c8 0000 
  0x000002772ec7d158: 0066 6690 

  0x000002772ec7d15c: ;   {runtime_call UncommonTrapBlob}
  0x000002772ec7d15c: c5f8 77e8 

  0x000002772ec7d160: ; ImmutableOopMap {rbp=Oop [32]=Oop [40]=Oop [48]=Oop [104]=Oop [112]=NarrowOop [116]=NarrowOop [120]=Oop [136]=NarrowOop [140]=NarrowOop [200]=Oop [272]=Oop [280]=Oop }
                      ;*arraylength {reexecute=0 rethrow=0 return_oop=0}
                      ; - java.lang.String::length@4 (line 1481)
                      ; - java.util.zip.ZipFile$Source::getEntryPos@89 (line 1798)
                      ; - java.util.zip.ZipFile::getInputStream@63 (line 372)
                      ; - java.util.jar.JarFile::getManifestFromReference@130 (line 432)
                      ; - java.util.jar.JarFile::getManifest@1 (line 406)
                      ; - java.util.jar.JarFile::maybeInstantiateVerifier@31 (line 725)
                      ; - java.util.jar.JarFile::ensureInitialization@1 (line 1031)
                      ; - java.util.jar.JavaUtilJarAccessImpl::ensureInitialization@1 (line 72)
                      ; - jdk.internal.loader.URLClassPath$JarLoader$2::getManifest@10 (line 885)
                      ; - java.net.URLClassLoader::defineClass@34 (line 491)
                      ; - java.net.URLClassLoader$1::run@43 (line 427)
                      ; - java.net.URLClassLoader$1::run@1 (line 421)
                      ; - java.security.AccessController::executePrivileged@29 (line 814)
                      ; - java.security.AccessController::doPrivileged@13 (line 712)
                      ; - java.net.URLClassLoader::findClass@13 (line 420)
                      ; - org.gradle.internal.classloader.VisitableURLClassLoader$InstrumentingVisitableURLClassLoader::findClass@10 (line 189)
  0x000002772ec7d160: 9c97 41ff | baf6 ffff | ff48 8bac | 2480 0000 | 004c 8b54 | 2458 4c89 | 5424 204c | 8b54 2430 
  0x000002772ec7d180: 4c89 5424 | 284c 8b54 | 2448 4c89 | 5424 304c | 8b54 2460 | 4c89 5424 | 484c 8984 | 24c8 0000 
  0x000002772ec7d1a0: 0089 bc24 | c400 0000 

  0x000002772ec7d1a8: ;   {runtime_call UncommonTrapBlob}
  0x000002772ec7d1a8: c5f8 77e8 

  0x000002772ec7d1ac: ; ImmutableOopMap {rbp=Oop [32]=Oop [40]=Oop [48]=Oop [104]=Oop [112]=NarrowOop [116]=NarrowOop [120]=Oop [136]=NarrowOop [140]=NarrowOop [200]=Oop [272]=Oop [280]=Oop }
                      ;*arraylength {reexecute=0 rethrow=0 return_oop=0}
                      ; - java.lang.String::length@4 (line 1481)
                      ; - java.util.zip.ZipFile$Source::getEntryPos@95 (line 1799)
                      ; - java.util.zip.ZipFile::getInputStream@63 (line 372)
                      ; - java.util.jar.JarFile::getManifestFromReference@130 (line 432)
                      ; - java.util.jar.JarFile::getManifest@1 (line 406)
                      ; - java.util.jar.JarFile::maybeInstantiateVerifier@31 (line 725)
                      ; - java.util.jar.JarFile::ensureInitialization@1 (line 1031)
                      ; - java.util.jar.JavaUtilJarAccessImpl::ensureInitialization@1 (line 72)
                      ; - jdk.internal.loader.URLClassPath$JarLoader$2::getManifest@10 (line 885)
                      ; - java.net.URLClassLoader::defineClass@34 (line 491)
                      ; - java.net.URLClassLoader$1::run@43 (line 427)
                      ; - java.net.URLClassLoader$1::run@1 (line 421)
                      ; - java.security.AccessController::executePrivileged@29 (line 814)
                      ; - java.security.AccessController::doPrivileged@13 (line 712)
                      ; - java.net.URLClassLoader::findClass@13 (line 420)
                      ; - org.gradle.internal.classloader.VisitableURLClassLoader$InstrumentingVisitableURLClassLoader::findClass@10 (line 189)
  0x000002772ec7d1ac: 5097 41ff | baf6 ffff | ff48 8bac | 2480 0000 | 004c 8b54 | 2450 4c89 | 5424 204c | 8b54 2430 
  0x000002772ec7d1cc: 4c89 5424 | 284c 8b54 | 2448 4c89 | 5424 304c | 8b54 2460 | 4c89 5424 | 4866 6690 

  0x000002772ec7d1e8: ;   {runtime_call UncommonTrapBlob}
  0x000002772ec7d1e8: c5f8 77e8 

  0x000002772ec7d1ec: ; ImmutableOopMap {rbp=Oop [32]=Oop [40]=Oop [48]=Oop [104]=Oop [112]=NarrowOop [120]=Oop [144]=Oop [272]=Oop [280]=Oop }
                      ;*monitorenter {reexecute=0 rethrow=0 return_oop=0}
                      ; - java.util.zip.ZipFile::getInputStream@133 (line 380)
                      ; - java.util.jar.JarFile::getManifestFromReference@130 (line 432)
                      ; - java.util.jar.JarFile::getManifest@1 (line 406)
                      ; - java.util.jar.JarFile::maybeInstantiateVerifier@31 (line 725)
                      ; - java.util.jar.JarFile::ensureInitialization@1 (line 1031)
                      ; - java.util.jar.JavaUtilJarAccessImpl::ensureInitialization@1 (line 72)
                      ; - jdk.internal.loader.URLClassPath$JarLoader$2::getManifest@10 (line 885)
                      ; - java.net.URLClassLoader::defineClass@34 (line 491)
                      ; - java.net.URLClassLoader$1::run@43 (line 427)
                      ; - java.net.URLClassLoader$1::run@1 (line 421)
                      ; - java.security.AccessController::executePrivileged@29 (line 814)
                      ; - java.security.AccessController::doPrivileged@13 (line 712)
                      ; - java.net.URLClassLoader::findClass@13 (line 420)
                      ; - org.gradle.internal.classloader.VisitableURLClassLoader$InstrumentingVisitableURLClassLoader::findClass@10 (line 189)
  0x000002772ec7d1ec: 1097 41ff | baf6 ffff | ff48 8bac | 2480 0000 | 004c 8b54 | 2458 4c89 | 5424 204c | 8b54 2430 
  0x000002772ec7d20c: 4c89 5424 | 284c 8b54 | 2448 4c89 | 5424 304c | 8b54 2460 | 4c89 5424 | 484c 899c | 24b0 0000 
  0x000002772ec7d22c: 0066 6690 

  0x000002772ec7d230: ;   {runtime_call UncommonTrapBlob}
  0x000002772ec7d230: c5f8 77e8 

  0x000002772ec7d234: ; ImmutableOopMap {rbp=Oop [32]=Oop [40]=Oop [48]=Oop [104]=Oop [112]=NarrowOop [120]=Oop [144]=Oop [176]=Oop [272]=Oop [280]=Oop }
                      ;*invokeinterface put {reexecute=0 rethrow=0 return_oop=0}
                      ; - java.util.Collections$SetFromMap::add@8 (line 5685)
                      ; - java.util.zip.ZipFile::getInputStream@137 (line 381)
                      ; - java.util.jar.JarFile::getManifestFromReference@130 (line 432)
                      ; - java.util.jar.JarFile::getManifest@1 (line 406)
                      ; - java.util.jar.JarFile::maybeInstantiateVerifier@31 (line 725)
                      ; - java.util.jar.JarFile::ensureInitialization@1 (line 1031)
                      ; - java.util.jar.JavaUtilJarAccessImpl::ensureInitialization@1 (line 72)
                      ; - jdk.internal.loader.URLClassPath$JarLoader$2::getManifest@10 (line 885)
                      ; - java.net.URLClassLoader::defineClass@34 (line 491)
                      ; - java.net.URLClassLoader$1::run@43 (line 427)
                      ; - java.net.URLClassLoader$1::run@1 (line 421)
                      ; - java.security.AccessController::executePrivileged@29 (line 814)
                      ; - java.security.AccessController::doPrivileged@13 (line 712)
                      ; - java.net.URLClassLoader::findClass@13 (line 420)
                      ; - org.gradle.internal.classloader.VisitableURLClassLoader$InstrumentingVisitableURLClassLoader::findClass@10 (line 189)
  0x000002772ec7d234: c896 41ff | 488b d8e9 | 0406 0000 | 488b d8e9 | fc05 0000 | 488b d8e9 | f405 0000 | 488b 9424 
  0x000002772ec7d254: a800 0000 | 4c8b c090 

  0x000002772ec7d25c: ;   {optimized virtual_call}
  0x000002772ec7d25c: c5f8 77e8 

  0x000002772ec7d260: ; ImmutableOopMap {[32]=Oop [40]=Oop [48]=Oop [56]=Oop [72]=Oop [88]=Oop [104]=Oop [112]=NarrowOop [120]=Oop [128]=Oop [168]=Oop [272]=Oop [280]=Oop }
                      ;*invokevirtual addSuppressed {reexecute=0 rethrow=0 return_oop=0}
                      ; - java.util.jar.JarFile::getBytes@213 (line 801)
                      ; - java.util.jar.JarFile::getManifestFromReference@44 (line 419)
                      ; - java.util.jar.JarFile::getManifest@1 (line 406)
                      ; - java.util.jar.JarFile::maybeInstantiateVerifier@31 (line 725)
                      ; - java.util.jar.JarFile::ensureInitialization@1 (line 1031)
                      ; - java.util.jar.JavaUtilJarAccessImpl::ensureInitialization@1 (line 72)
                      ; - jdk.internal.loader.URLClassPath$JarLoader$2::getManifest@10 (line 885)
                      ; - java.net.URLClassLoader::defineClass@34 (line 491)
                      ; - java.net.URLClassLoader$1::run@43 (line 427)
                      ; - java.net.URLClassLoader$1::run@1 (line 421)
                      ; - java.security.AccessController::executePrivileged@29 (line 814)
                      ; - java.security.AccessController::doPrivileged@13 (line 712)
                      ; - java.net.URLClassLoader::findClass@13 (line 420)
                      ; - org.gradle.internal.classloader.VisitableURLClassLoader$InstrumentingVisitableURLClassLoader::findClass@10 (line 189)
  0x000002772ec7d260: 1c41 41ff | e9df 0400 | 0048 8b94 | 24a0 0000 | 004c 8bc0 

  0x000002772ec7d274: ;   {optimized virtual_call}
  0x000002772ec7d274: c5f8 77e8 

  0x000002772ec7d278: ; ImmutableOopMap {[32]=Oop [40]=Oop [48]=Oop [72]=Oop [88]=Oop [104]=Oop [112]=NarrowOop [128]=Oop [160]=Oop [272]=Oop [280]=Oop }
                      ;*invokevirtual addSuppressed {reexecute=0 rethrow=0 return_oop=0}
                      ; - java.util.jar.JarFile::getManifestFromReference@177 (line 432)
                      ; - java.util.jar.JarFile::getManifest@1 (line 406)
                      ; - java.util.jar.JarFile::maybeInstantiateVerifier@31 (line 725)
                      ; - java.util.jar.JarFile::ensureInitialization@1 (line 1031)
                      ; - java.util.jar.JavaUtilJarAccessImpl::ensureInitialization@1 (line 72)
                      ; - jdk.internal.loader.URLClassPath$JarLoader$2::getManifest@10 (line 885)
                      ; - java.net.URLClassLoader::defineClass@34 (line 491)
                      ; - java.net.URLClassLoader$1::run@43 (line 427)
                      ; - java.net.URLClassLoader$1::run@1 (line 421)
                      ; - java.security.AccessController::executePrivileged@29 (line 814)
                      ; - java.security.AccessController::doPrivileged@13 (line 712)
                      ; - java.net.URLClassLoader::findClass@13 (line 420)
                      ; - org.gradle.internal.classloader.VisitableURLClassLoader$InstrumentingVisitableURLClassLoader::findClass@10 (line 189)
  0x000002772ec7d278: 0441 41ff | e9bb 0500 | 0048 8984 | 24a8 0000 | 00e9 8d04 | 0000 488b | d8e9 ae05 | 0000 e975 
  0x000002772ec7d298: 0500 00e9 | 7005 0000 | e96b 0500 | 0048 8984 | 24a0 0000 | 00e9 6605 | 0000 488b | d8e9 8a05 
  0x000002772ec7d2b8: 0000 488b | d8e9 7d06 | 0000 4c8b | d0e9 c603 | 0000 488b | d8e9 7205 | 0000 488b | d8e9 6a05 
  0x000002772ec7d2d8: 0000 488b | d8e9 6205 | 0000 488b | d8e9 5a05 | 0000 488b | d8e9 5205 | 0000 488b | d8e9 4a05 
  0x000002772ec7d2f8: 0000 488b | d8e9 4205 | 0000 488b | d8e9 3a05 | 0000 488b | d8e9 3205 | 0000 488b | d8e9 2a05 
  0x000002772ec7d318: 0000 488b | d8e9 2205 | 0000 488b | d8e9 1a05 | 0000 488b | d8e9 1205 | 0000 488b | d8e9 0a05 
  0x000002772ec7d338: 0000 488b | d8e9 0205 | 0000 488b | d8e9 fa04 | 0000 488b | d8e9 f204 | 0000 488b | d8e9 ea04 
  0x000002772ec7d358: 0000 488b | d8e9 e204 | 0000 488b | d8e9 da04 | 0000 488b | d8e9 d204 | 0000 488b | d8eb 3b48 
  0x000002772ec7d378: 8bd8 e9c5 | 0400 0048 | 8bd8 448b | 5008 49bb | 0000 0043 | 7702 0000 | 4d03 da4d 

  0x000002772ec7d394: ;   {metadata('java/lang/IllegalArgumentException')}
  0x000002772ec7d394: 8b53 5049 | bb80 1506 | 4377 0200 | 004d 3bd3 | 0f84 93a0 | ffff e995 | 0400 0048 | 8bd8 488d 
  0x000002772ec7d3b4: 8424 4001 | 0000 4881 | 3800 0000 | 000f 8485 | 0000 004c | 8b55 0049 | f7c2 0200 | 0000 746f 
  0x000002772ec7d3d4: 4981 ba86 | 0000 0000 | 0000 0074 | 0949 ff8a | 8600 0000 | eb51 498b | 8296 0000 | 0049 0b82 
  0x000002772ec7d3f4: 8e00 0000 | 750a 49c7 | 423e 0000 | 0000 eb48 | 4981 ba9e | 0000 0000 | 0000 0074 | 2548 33c0 
  0x000002772ec7d414: 49c7 423e | 0000 0000 | f083 0424 | 0049 81ba | 9e00 0000 | 0000 0000 | 750d f04d | 0fb1 7a3e 
  0x000002772ec7d434: 7505 83c8 | 01eb 11f7 | c000 0000 | 00eb 094c | 8b10 f04c | 0fb1 5500 | 0f84 f203 | 0000 488b 
  0x000002772ec7d454: cd48 8d94 | 2440 0100 | 004d 8bc7 | c5f8 7749 | ba90 d8c9 | 90fd 7f00 | 0041 ffd2 | e9cf 0300 
  0x000002772ec7d474: 0048 8bd8 | e9c7 0300 | 0048 8bd8 | e9bf 0300 | 0048 8bd8 | 4c8b 5c24 | 5048 8d84 | 2438 0100 
  0x000002772ec7d494: 0048 8138 | 0000 0000 | 0f84 8300 | 0000 4d8b | 1349 f7c2 | 0200 0000 | 746f 4981 | ba86 0000 
  0x000002772ec7d4b4: 0000 0000 | 0074 0949 | ff8a 8600 | 0000 eb51 | 498b 8296 | 0000 0049 | 0b82 8e00 | 0000 750a 
  0x000002772ec7d4d4: 49c7 423e | 0000 0000 | eb47 4981 | ba9e 0000 | 0000 0000 | 0074 2548 | 33c0 49c7 | 423e 0000 
  0x000002772ec7d4f4: 0000 f083 | 0424 0049 | 81ba 9e00 | 0000 0000 | 0000 750d | f04d 0fb1 | 7a3e 7505 | 83c8 01eb 
  0x000002772ec7d514: 10f7 c000 | 0000 00eb | 084c 8b10 | f04d 0fb1 | 130f 8419 | 0300 0049 | 8bcb 488d | 9424 3801 
  0x000002772ec7d534: 0000 4d8b | c7c5 f877 | 49ba 90d8 | c990 fd7f | 0000 41ff | d2e9 f602 | 0000 488b | d8eb 3f48 
  0x000002772ec7d554: 8bd8 448b | 4008 e9ea | 0400 0048 | 8bd8 e9dd | 0200 0048 | 8bd8 e9d5 | 0200 0048 | 8bd8 e9cd 
  0x000002772ec7d574: 0200 0048 | 8bd8 e9c5 | 0200 0048 | 8bd8 e9bd | 0200 0048 | 8bd8 e9b5 | 0200 0048 | 8bd8 488d 
  0x000002772ec7d594: 8424 4001 | 0000 4881 | 3800 0000 | 000f 8485 | 0000 004c | 8b55 0049 | f7c2 0200 | 0000 746f 
  0x000002772ec7d5b4: 4981 ba86 | 0000 0000 | 0000 0074 | 0949 ff8a | 8600 0000 | eb51 498b | 8296 0000 | 0049 0b82 
  0x000002772ec7d5d4: 8e00 0000 | 750a 49c7 | 423e 0000 | 0000 eb48 | 4981 ba9e | 0000 0000 | 0000 0074 | 2548 33c0 
  0x000002772ec7d5f4: 49c7 423e | 0000 0000 | f083 0424 | 0049 81ba | 9e00 0000 | 0000 0000 | 750d f04d | 0fb1 7a3e 
  0x000002772ec7d614: 7505 83c8 | 01eb 11f7 | c000 0000 | 00eb 094c | 8b10 f04c | 0fb1 5500 | 0f84 1202 | 0000 488b 
  0x000002772ec7d634: cd48 8d94 | 2440 0100 | 004d 8bc7 | c5f8 7749 | ba90 d8c9 | 90fd 7f00 | 0041 ffd2 | e9ef 0100 
  0x000002772ec7d654: 0048 8bd8 | e9e7 0100 | 0048 8bd8 | e9df 0100 | 0048 8bd8 | e9d7 0100 | 0048 8bd8 | e9cf 0100 
  0x000002772ec7d674: 0048 8bd8 | e9c7 0100 | 0048 8bd8 | e9bf 0100 | 0048 8bd8 | e9b7 0100 | 004c 8bd0 | 498b da45 
  0x000002772ec7d694: 8b52 0849 | bb00 0000 | 4377 0200 | 004d 03da | e91d 0500 | 0048 8bd8 | e92c 0500 | 0048 8bd8 
  0x000002772ec7d6b4: e98b 0100 | 0048 8bd8 | e983 0100 | 0048 8bd8 | e97b 0100 | 0048 8bd8 | e973 0100 | 0048 8bd8 
  0x000002772ec7d6d4: e96b 0100 | 0048 8bd8 | e963 0100 | 0048 8bd8 | e95b 0100 | 0048 8bd8 | e953 0100 | 0048 8bd8 
  0x000002772ec7d6f4: e94b 0100 | 0048 8bd8 | e943 0100 | 0048 8bd8 | e93b 0100 | 0048 8984 | 24a8 0000 | 00eb 0848 
  0x000002772ec7d714: 8984 24a8 | 0000 004c | 8b94 2488 | 0000 004d | 85d2 7420 | 498b d24c | 8b54 2458 | 4c89 5424 
  0x000002772ec7d734: 2090 c5f8 | 7748 b8ff | ffff ffff 

  0x000002772ec7d740: ;   {virtual_call}
  0x000002772ec7d740: ffff ffe8 

  0x000002772ec7d744: ; ImmutableOopMap {[32]=Oop [40]=Oop [48]=Oop [56]=Oop [72]=Oop [88]=Oop [104]=Oop [112]=NarrowOop [120]=Oop [128]=Oop [168]=Oop [272]=Oop [280]=Oop }
                      ;*invokevirtual close {reexecute=0 rethrow=0 return_oop=0}
                      ; - java.util.jar.JarFile::getBytes@202 (line 801)
                      ; - java.util.jar.JarFile::getManifestFromReference@44 (line 419)
                      ; - java.util.jar.JarFile::getManifest@1 (line 406)
                      ; - java.util.jar.JarFile::maybeInstantiateVerifier@31 (line 725)
                      ; - java.util.jar.JarFile::ensureInitialization@1 (line 1031)
                      ; - java.util.jar.JavaUtilJarAccessImpl::ensureInitialization@1 (line 72)
                      ; - jdk.internal.loader.URLClassPath$JarLoader$2::getManifest@10 (line 885)
                      ; - java.net.URLClassLoader::defineClass@34 (line 491)
                      ; - java.net.URLClassLoader$1::run@43 (line 427)
                      ; - java.net.URLClassLoader$1::run@1 (line 421)
                      ; - java.security.AccessController::executePrivileged@29 (line 814)
                      ; - java.security.AccessController::doPrivileged@13 (line 712)
                      ; - java.net.URLClassLoader::findClass@13 (line 420)
                      ; - org.gradle.internal.classloader.VisitableURLClassLoader$InstrumentingVisitableURLClassLoader::findClass@10 (line 189)
  0x000002772ec7d744: 383f 41ff | 488b 9c24 | a800 0000 | e9ef 0000 | 004c 8bd0 | e9f8 0000 | 0048 8bd8 | e9df 0000 
  0x000002772ec7d764: 0048 8bd8 | e96f 0300 | 0048 8bd8 | e967 0300 | 0048 8bd8 | e95f 0300 | 0048 8944 | 2420 488b 
  0x000002772ec7d784: ;   {oop(a 'java/lang/ThreadLocal'{0x00000007007d4338})}
  0x000002772ec7d784: 6c24 6048 | ba38 437d | 0007 0000 

  0x000002772ec7d790: ;   {oop(a 'java/lang/Boolean'{0x00000007006025c8} = false)}
  0x000002772ec7d790: 0049 b8c8 | 2560 0007 | 0000 004c | 8b54 2458 | 4c89 5424 | 5066 6690 

  0x000002772ec7d7a8: ;   {optimized virtual_call}
  0x000002772ec7d7a8: c5f8 77e8 

  0x000002772ec7d7ac: ; ImmutableOopMap {[32]=Oop [40]=Oop [48]=Oop [56]=Oop [72]=Oop [80]=Oop [88]=Oop [128]=Oop [272]=Oop [280]=Oop }
                      ;*invokevirtual set {reexecute=0 rethrow=0 return_oop=0}
                      ; - java.util.jar.JarFile::ensureInitialization@68 (line 1041)
                      ; - java.util.jar.JavaUtilJarAccessImpl::ensureInitialization@1 (line 72)
                      ; - jdk.internal.loader.URLClassPath$JarLoader$2::getManifest@10 (line 885)
                      ; - java.net.URLClassLoader::defineClass@34 (line 491)
                      ; - java.net.URLClassLoader$1::run@43 (line 427)
                      ; - java.net.URLClassLoader$1::run@1 (line 421)
                      ; - java.security.AccessController::executePrivileged@29 (line 814)
                      ; - java.security.AccessController::doPrivileged@13 (line 712)
                      ; - java.net.URLClassLoader::findClass@13 (line 420)
                      ; - org.gradle.internal.classloader.VisitableURLClassLoader$InstrumentingVisitableURLClassLoader::findClass@10 (line 189)
  0x000002772ec7d7ac: d03b 41ff | 4c8b 5424 | 2049 8bda | e982 0100 | 0048 8bd8 | e97a 0100 | 0048 8bd8 | e972 0100 
  0x000002772ec7d7cc: 0048 8bd8 | 448b 4008 | e970 0200 | 0048 8bd8 | e9fc 0300 | 004c 8bd0 | eb08 4c8b | d0eb 034c 
  0x000002772ec7d7ec: 8bd0 498b | da45 8b42 | 08e9 4f02 | 0000 4c8b | d0eb 034c | 8bd0 498b | dae9 d202 | 0000 eb04 
  0x000002772ec7d80c: eb02 eb00 | 4889 8424 | a000 0000 | 488b 9424 | f800 0000 | 4c8b 5424 | 584c 8954 | 2420 c5f8 
  0x000002772ec7d82c: 7748 b8ff | ffff ffff 

  0x000002772ec7d834: ;   {virtual_call}
  0x000002772ec7d834: ffff ffe8 

  0x000002772ec7d838: ; ImmutableOopMap {[32]=Oop [40]=Oop [48]=Oop [72]=Oop [88]=Oop [104]=Oop [112]=NarrowOop [128]=Oop [160]=Oop [272]=Oop [280]=Oop }
                      ;*invokevirtual close {reexecute=0 rethrow=0 return_oop=0}
                      ; - java.util.jar.JarFile::getManifestFromReference@165 (line 432)
                      ; - java.util.jar.JarFile::getManifest@1 (line 406)
                      ; - java.util.jar.JarFile::maybeInstantiateVerifier@31 (line 725)
                      ; - java.util.jar.JarFile::ensureInitialization@1 (line 1031)
                      ; - java.util.jar.JavaUtilJarAccessImpl::ensureInitialization@1 (line 72)
                      ; - jdk.internal.loader.URLClassPath$JarLoader$2::getManifest@10 (line 885)
                      ; - java.net.URLClassLoader::defineClass@34 (line 491)
                      ; - java.net.URLClassLoader$1::run@43 (line 427)
                      ; - java.net.URLClassLoader$1::run@1 (line 421)
                      ; - java.security.AccessController::executePrivileged@29 (line 814)
                      ; - java.security.AccessController::doPrivileged@13 (line 712)
                      ; - java.net.URLClassLoader::findClass@13 (line 420)
                      ; - org.gradle.internal.classloader.VisitableURLClassLoader$InstrumentingVisitableURLClassLoader::findClass@10 (line 189)
  0x000002772ec7d838: 443e 41ff | 488b 9c24 | a000 0000 | 448b 5b08 | e9ce 0000 | 004c 8bd0 | eb03 4c8b | d049 8bda 
  0x000002772ec7d858: e97f 0200 | 0048 8bd8 | 448b 4008 | 49ba 0000 | 0043 7702 | 0000 4d03 | d04d 8b52 

  0x000002772ec7d874: ;   {metadata('java/lang/IllegalArgumentException')}
  0x000002772ec7d874: 5049 bb80 | 1506 4377 | 0200 004d | 3bd3 0f85 | c101 0000 | 4533 c9eb | 4248 8bd8 | 448b 4008 
  0x000002772ec7d894: e9b0 0100 | 004c 8bd0 | e98f 0100 | 0048 8bd8 | 448b 4008 | 49ba 0000 | 0043 7702 | 0000 4d03 
  0x000002772ec7d8b4: d04d 8b52 

  0x000002772ec7d8b8: ;   {metadata('java/lang/IllegalArgumentException')}
  0x000002772ec7d8b8: 5049 bb80 | 1506 4377 | 0200 004d | 3bd3 0f85 | 7d01 0000 | 4c8b cd48 | 8b94 2480 | 0000 004c 
  0x000002772ec7d8d8: 8b84 2418 | 0100 0048 | 8bbc 2410 | 0100 004c | 8b54 2458 | 4c89 5424 | 2866 6690 

  0x000002772ec7d8f4: ;   {optimized virtual_call}
  0x000002772ec7d8f4: c5f8 77e8 

  0x000002772ec7d8f8: ; ImmutableOopMap {[40]=Oop [48]=Oop [72]=Oop [88]=Oop [128]=Oop [272]=Oop [280]=Oop }
                      ;*invokevirtual getAndVerifyPackage {reexecute=0 rethrow=0 return_oop=1}
                      ; - java.net.URLClassLoader::defineClass@97 (line 502)
                      ; - java.net.URLClassLoader$1::run@43 (line 427)
                      ; - java.net.URLClassLoader$1::run@1 (line 421)
                      ; - java.security.AccessController::executePrivileged@29 (line 814)
                      ; - java.security.AccessController::doPrivileged@13 (line 712)
                      ; - java.net.URLClassLoader::findClass@13 (line 420)
                      ; - org.gradle.internal.classloader.VisitableURLClassLoader$InstrumentingVisitableURLClassLoader::findClass@10 (line 189)
  0x000002772ec7d8f8: 843a 41ff | 4885 c00f | 841b 0300 | 0048 8b74 | 2428 4c8b | 6c24 48e9 | 1b82 ffff | 488b d844 
  0x000002772ec7d918: 8b58 0849 | ba00 0000 | 4377 0200 | 004d 03d3 | 4d8b 5248 

  0x000002772ec7d92c: ;   {metadata('java/io/IOException')}
  0x000002772ec7d92c: 49bb 7843 | 0444 7702 | 0000 4d3b | d30f 840d | 0300 004c | 8b5c 2428 | 488d 8424 | 3001 0000 
  0x000002772ec7d94c: 4881 3800 | 0000 000f | 8483 0000 | 004d 8b13 | 49f7 c202 | 0000 0074 | 6f49 81ba | 8600 0000 
  0x000002772ec7d96c: 0000 0000 | 7409 49ff | 8a86 0000 | 00eb 5149 | 8b82 9600 | 0000 490b | 828e 0000 | 0075 0a49 
  0x000002772ec7d98c: c742 3e00 | 0000 00eb | 4749 81ba | 9e00 0000 | 0000 0000 | 7425 4833 | c049 c742 | 3e00 0000 
  0x000002772ec7d9ac: 00f0 8304 | 2400 4981 | ba9e 0000 | 0000 0000 | 0075 0df0 | 4d0f b17a | 3e75 0583 | c801 eb10 
  0x000002772ec7d9cc: f7c0 0000 | 0000 eb08 | 4c8b 10f0 | 4d0f b113 | 7467 488b | 4c24 2848 | 8d94 2430 | 0100 004d 
  0x000002772ec7d9ec: 8bc7 c5f8 | 7749 ba90 | d8c9 90fd | 7f00 0041 | ffd2 eb45 | 488b d844 | 8b40 08eb | 4048 8bd8 
  0x000002772ec7da0c: 448b 4008 | eb37 488b | d844 8b40 | 08eb 2e48 | 8bd8 448b | 4008 eb25 | 488b d844 | 8b40 08eb 
  0x000002772ec7da2c: 1c4c 8bd0 | 498b da45 | 8b42 08eb | 1048 8bd8 | 448b 4008 | eb07 488b | d844 8b43 | 0849 ba00 
  0x000002772ec7da4c: 0000 4377 | 0200 004d | 03d0 4d8b 

  0x000002772ec7da58: ;   {metadata('java/io/IOException')}
  0x000002772ec7da58: 5a48 49b8 | 7843 0444 | 7702 0000 | 4d3b d80f | 848d 0100 | 004d 8b52 

  0x000002772ec7da70: ;   {metadata('java/lang/ClassFormatError')}
  0x000002772ec7da70: 5049 bb00 | c217 4477 | 0200 004d | 3bd3 755c | 488b eb48 | 8b54 2448 | 6690 c5f8 | 7748 b8ff 
  0x000002772ec7da90: ffff ffff 

  0x000002772ec7da94: ;   {virtual_call}
  0x000002772ec7da94: ffff ffe8 

  0x000002772ec7da98: ; ImmutableOopMap {rbp=Oop [48]=Oop [72]=Oop [88]=Oop [128]=Oop }
                      ;*invokevirtual getDataError {reexecute=0 rethrow=0 return_oop=1}
                      ; - java.net.URLClassLoader$1::run@63 (line 431)
                      ; - java.net.URLClassLoader$1::run@1 (line 421)
                      ; - java.security.AccessController::executePrivileged@29 (line 814)
                      ; - java.security.AccessController::doPrivileged@13 (line 712)
                      ; - java.net.URLClassLoader::findClass@13 (line 420)
                      ; - org.gradle.internal.classloader.VisitableURLClassLoader$InstrumentingVisitableURLClassLoader::findClass@10 (line 189)
  0x000002772ec7da98: e43b 41ff | 4885 c00f | 849b 82ff | ff48 8b54 | 2448 c5f8 | 7748 b8ff | ffff ffff 

  0x000002772ec7dab4: ;   {virtual_call}
  0x000002772ec7dab4: ffff ffe8 

  0x000002772ec7dab8: ; ImmutableOopMap {rbp=Oop [48]=Oop [88]=Oop [128]=Oop }
                      ;*invokevirtual getDataError {reexecute=0 rethrow=0 return_oop=1}
                      ; - java.net.URLClassLoader$1::run@71 (line 432)
                      ; - java.net.URLClassLoader$1::run@1 (line 421)
                      ; - java.security.AccessController::executePrivileged@29 (line 814)
                      ; - java.security.AccessController::doPrivileged@13 (line 712)
                      ; - java.net.URLClassLoader::findClass@13 (line 420)
                      ; - org.gradle.internal.classloader.VisitableURLClassLoader$InstrumentingVisitableURLClassLoader::findClass@10 (line 189)
  0x000002772ec7dab8: c43b 41ff | 4c8b 5c24 | 304c 895c | 2420 488b | d54c 8bc0 

  0x000002772ec7dacc: ;   {optimized virtual_call}
  0x000002772ec7dacc: c5f8 77e8 

  0x000002772ec7dad0: ; ImmutableOopMap {rbp=Oop [32]=Oop [88]=Oop [128]=Oop }
                      ;*invokevirtual addSuppressed {reexecute=0 rethrow=0 return_oop=0}
                      ; - java.net.URLClassLoader$1::run@74 (line 432)
                      ; - java.net.URLClassLoader$1::run@1 (line 421)
                      ; - java.security.AccessController::executePrivileged@29 (line 814)
                      ; - java.security.AccessController::doPrivileged@13 (line 712)
                      ; - java.net.URLClassLoader::findClass@13 (line 420)
                      ; - org.gradle.internal.classloader.VisitableURLClassLoader$InstrumentingVisitableURLClassLoader::findClass@10 (line 189)
  0x000002772ec7dad0: ac38 41ff | e967 82ff | ff48 8bd8 | 448b 5308 | eb10 488b | d844 8b50 | 08eb 0748 | 8bd8 448b 
  0x000002772ec7daf0: ;   {metadata('java/lang/RuntimeException')}
  0x000002772ec7daf0: 5008 49bb | 2013 0643 | 7702 0000 | 49b8 0000 | 0043 7702 | 0000 4d03 | c24d 8b50 | 484d 3bd3 
  0x000002772ec7db10: 7508 488b | ebe9 2682 | ffff 4d8b 

  0x000002772ec7db1c: ;   {metadata('java/lang/Exception')}
  0x000002772ec7db1c: 5040 49bb | d804 0243 | 7702 0000 | 4d3b d30f | 8584 0000 | 004c 8bd3 | 4c89 5424 | 2849 8b87 
  0x000002772ec7db3c: 0801 0000 | 4c8b d049 | 83c2 284d | 3b97 1801 | 0000 0f83 | 9100 0000 | 4d89 9708 | 0100 0041 
  0x000002772ec7db5c: 0f0d 8ac0 | 0000 0048 | c700 0100 

  0x000002772ec7db68: ;   {metadata('java/security/PrivilegedActionException')}
  0x000002772ec7db68: 0000 c740 | 0800 a404 | 0144 8960 | 0c4c 8960 | 104c 8960 | 184c 8960 | 2048 8be8 | 488b d54c 
  0x000002772ec7db88: 8b44 2428 

  0x000002772ec7db8c: ;   {optimized virtual_call}
  0x000002772ec7db8c: c5f8 77e8 

  0x000002772ec7db90: ; ImmutableOopMap {rbp=Oop [88]=Oop [128]=Oop }
                      ;*invokespecial <init> {reexecute=0 rethrow=0 return_oop=0}
                      ; - java.security.AccessController::wrapException@5 (line 842)
                      ; - java.security.AccessController::doPrivileged@22 (line 716)
                      ; - java.net.URLClassLoader::findClass@13 (line 420)
                      ; - org.gradle.internal.classloader.VisitableURLClassLoader$InstrumentingVisitableURLClassLoader::findClass@10 (line 189)
  0x000002772ec7db90: ec37 41ff | 488b d590 

  0x000002772ec7db98: ;   {optimized virtual_call}
  0x000002772ec7db98: c5f8 77e8 

  0x000002772ec7db9c: ; ImmutableOopMap {[128]=Oop }
                      ;*invokevirtual getException {reexecute=0 rethrow=0 return_oop=1}
                      ; - java.net.URLClassLoader::findClass@25 (line 442)
                      ; - org.gradle.internal.classloader.VisitableURLClassLoader$InstrumentingVisitableURLClassLoader::findClass@10 (line 189)
  0x000002772ec7db9c: e037 41ff 

  0x000002772ec7dba0: ; implicit exception: dispatches to 0x000002772ec7c984
  0x000002772ec7dba0: 448b 5808 

  0x000002772ec7dba4: ;   {metadata('java/lang/ClassNotFoundException')}
  0x000002772ec7dba4: 4181 fb10 | 2802 0075 | 5f48 8be8 | e98b 81ff | ff44 8b53 | 0849 bb00 | 0000 4377 | 0200 004d 
  0x000002772ec7dbc4: ;   {metadata('java/security/PrivilegedActionException')}
  0x000002772ec7dbc4: 03da 49ba | 00a4 0444 | 7702 0000 | 4d3b da75 | 0848 8bd3 | ebbd 488b | d848 8beb | e95b 81ff 
  0x000002772ec7dbe4: ;   {metadata('java/security/PrivilegedActionException')}
  0x000002772ec7dbe4: ff48 ba00 | a404 4477 | 0200 0090 

  0x000002772ec7dbf0: ;   {runtime_call _new_instance_Java}
  0x000002772ec7dbf0: c5f8 77e8 

  0x000002772ec7dbf4: ; ImmutableOopMap {[40]=Oop [88]=Oop [128]=Oop }
                      ;*new {reexecute=0 rethrow=0 return_oop=1}
                      ; - java.security.AccessController::wrapException@0 (line 842)
                      ; - java.security.AccessController::doPrivileged@22 (line 716)
                      ; - java.net.URLClassLoader::findClass@13 (line 420)
                      ; - org.gradle.internal.classloader.VisitableURLClassLoader$InstrumentingVisitableURLClassLoader::findClass@10 (line 189)
  0x000002772ec7dbf4: 0825 4cff | eb87 488b | ebba 2f00 | 0000 6690 

  0x000002772ec7dc04: ;   {runtime_call UncommonTrapBlob}
  0x000002772ec7dc04: c5f8 77e8 

  0x000002772ec7dc08: ; ImmutableOopMap {rbp=Oop [48]=Oop [88]=Oop [128]=Oop }
                      ;*new {reexecute=0 rethrow=0 return_oop=0}
                      ; - java.net.URLClassLoader$1::run@48 (line 429)
                      ; - java.net.URLClassLoader$1::run@1 (line 421)
                      ; - java.security.AccessController::executePrivileged@29 (line 814)
                      ; - java.security.AccessController::doPrivileged@13 (line 712)
                      ; - java.net.URLClassLoader::findClass@13 (line 420)
                      ; - org.gradle.internal.classloader.VisitableURLClassLoader$InstrumentingVisitableURLClassLoader::findClass@10 (line 189)
  0x000002772ec7dc08: f48c 41ff | bade ffff | ff48 8944 | 2420 6690 

  0x000002772ec7dc18: ;   {runtime_call UncommonTrapBlob}
  0x000002772ec7dc18: c5f8 77e8 

  0x000002772ec7dc1c: ; ImmutableOopMap {[32]=Oop [128]=Oop }
                      ;*checkcast {reexecute=0 rethrow=0 return_oop=0}
                      ; - java.net.URLClassLoader::findClass@28 (line 442)
                      ; - org.gradle.internal.classloader.VisitableURLClassLoader$InstrumentingVisitableURLClassLoader::findClass@10 (line 189)
  0x000002772ec7dc1c: e08c 41ff | bafd 0000 | 004c 8b54 | 2428 4c89 | 5424 204c | 8b54 2430 | 4c89 5424 | 284c 8b54 
  0x000002772ec7dc3c: 2448 4c89 | 5424 3090 

  0x000002772ec7dc44: ;   {runtime_call UncommonTrapBlob}
  0x000002772ec7dc44: c5f8 77e8 

  0x000002772ec7dc48: ; ImmutableOopMap {[32]=Oop [40]=Oop [48]=Oop [128]=Oop [280]=Oop }
                      ;*new {reexecute=0 rethrow=0 return_oop=0}
                      ; - java.net.URLClassLoader::defineClass@103 (line 504)
                      ; - java.net.URLClassLoader$1::run@43 (line 427)
                      ; - java.net.URLClassLoader$1::run@1 (line 421)
                      ; - java.security.AccessController::executePrivileged@29 (line 814)
                      ; - java.security.AccessController::doPrivileged@13 (line 712)
                      ; - java.net.URLClassLoader::findClass@13 (line 420)
                      ; - org.gradle.internal.classloader.VisitableURLClassLoader$InstrumentingVisitableURLClassLoader::findClass@10 (line 189)
  0x000002772ec7dc48: b48c 41ff | 488b ebba | df01 0000 | 4c8b 5424 | 584c 8954 | 2428 4c8b | 5424 484c | 8954 2438 
  0x000002772ec7dc68: 4c8b 9424 | 8000 0000 | 4c89 5424 | 404c 8b54 | 2460 4c89 | 5424 504c | 8b94 2480 | 0000 004c 
  0x000002772ec7dc88: 8954 2460 

  0x000002772ec7dc8c: ;   {runtime_call UncommonTrapBlob}
  0x000002772ec7dc8c: c5f8 77e8 

  0x000002772ec7dc90: ; ImmutableOopMap {rbp=Oop [40]=Oop [48]=Oop [56]=Oop [64]=Oop [96]=Oop [104]=Oop [112]=NarrowOop [272]=Oop [280]=Oop }
                      ;*new {reexecute=0 rethrow=0 return_oop=0}
                      ; - java.util.jar.JarFile::ensureInitialization@8 (line 1033)
                      ; - java.util.jar.JavaUtilJarAccessImpl::ensureInitialization@1 (line 72)
                      ; - jdk.internal.loader.URLClassPath$JarLoader$2::getManifest@10 (line 885)
                      ; - java.net.URLClassLoader::defineClass@34 (line 491)
                      ; - java.net.URLClassLoader$1::run@43 (line 427)
                      ; - java.net.URLClassLoader$1::run@1 (line 421)
                      ; - java.security.AccessController::executePrivileged@29 (line 814)
                      ; - java.security.AccessController::doPrivileged@13 (line 712)
                      ; - java.net.URLClassLoader::findClass@13 (line 420)
                      ; - org.gradle.internal.classloader.VisitableURLClassLoader$InstrumentingVisitableURLClassLoader::findClass@10 (line 189)
  0x000002772ec7dc90: 6c8c 41ff 

  0x000002772ec7dc94: ;   {internal_word}
  0x000002772ec7dc94: 49ba d65c | c72e 7702 | 0000 4d89 | 9760 0300 

  0x000002772ec7dca4: ;   {runtime_call SafepointBlob}
  0x000002772ec7dca4: 00e9 569d | 41ff f4f4 | f4f4 f4f4 | f4f4 f4f4 | f4f4 f4f4 | f4f4 f4f4 | f4f4 f4f4 
[Stub Code]
  0x000002772ec7dcc0: ;   {no_reloc}
  0x000002772ec7dcc0: 48bb 0000 | 0000 0000 

  0x000002772ec7dcc8: ;   {runtime_call}
  0x000002772ec7dcc8: 0000 e9fb 

  0x000002772ec7dccc: ;   {static_stub}
  0x000002772ec7dccc: ffff ff48 | bb00 0000 | 0000 0000 

  0x000002772ec7dcd8: ;   {runtime_call}
  0x000002772ec7dcd8: 00e9 fbff 

  0x000002772ec7dcdc: ;   {static_stub}
  0x000002772ec7dcdc: ffff 48bb | 0000 0000 | 0000 0000 

  0x000002772ec7dce8: ;   {runtime_call}
  0x000002772ec7dce8: e9fb ffff 

  0x000002772ec7dcec: ;   {static_stub}
  0x000002772ec7dcec: ff48 bb00 | 0000 0000 

  0x000002772ec7dcf4: ;   {runtime_call}
  0x000002772ec7dcf4: 0000 00e9 | fbff ffff 

  0x000002772ec7dcfc: ;   {static_stub}
  0x000002772ec7dcfc: 48bb 0000 | 0000 0000 

  0x000002772ec7dd04: ;   {runtime_call}
  0x000002772ec7dd04: 0000 e9fb 

  0x000002772ec7dd08: ;   {static_stub}
  0x000002772ec7dd08: ffff ff48 | bbc8 6219 | 4377 0200 

  0x000002772ec7dd14: ;   {runtime_call I2C/C2I adapters}
  0x000002772ec7dd14: 00e9 3f80 

  0x000002772ec7dd18: ;   {static_stub}
  0x000002772ec7dd18: 41ff 48bb | 0000 0000 | 0000 0000 

  0x000002772ec7dd24: ;   {runtime_call}
  0x000002772ec7dd24: e9fb ffff 

  0x000002772ec7dd28: ;   {static_stub}
  0x000002772ec7dd28: ff48 bb00 | 0000 0000 

  0x000002772ec7dd30: ;   {runtime_call}
  0x000002772ec7dd30: 0000 00e9 | fbff ffff 

  0x000002772ec7dd38: ;   {static_stub}
  0x000002772ec7dd38: 48bb 0000 | 0000 0000 

  0x000002772ec7dd40: ;   {runtime_call}
  0x000002772ec7dd40: 0000 e9fb 

  0x000002772ec7dd44: ;   {static_stub}
  0x000002772ec7dd44: ffff ff48 | bb00 0000 | 0000 0000 

  0x000002772ec7dd50: ;   {runtime_call}
  0x000002772ec7dd50: 00e9 fbff 

  0x000002772ec7dd54: ;   {static_stub}
  0x000002772ec7dd54: ffff 48bb | 0000 0000 | 0000 0000 

  0x000002772ec7dd60: ;   {runtime_call}
  0x000002772ec7dd60: e9fb ffff 

  0x000002772ec7dd64: ;   {static_stub}
  0x000002772ec7dd64: ff48 bb00 | 0000 0000 

  0x000002772ec7dd6c: ;   {runtime_call}
  0x000002772ec7dd6c: 0000 00e9 | fbff ffff 

  0x000002772ec7dd74: ;   {static_stub}
  0x000002772ec7dd74: 48bb 4826 | 397a 7702 

  0x000002772ec7dd7c: ;   {runtime_call I2C/C2I adapters}
  0x000002772ec7dd7c: 0000 e9d6 

  0x000002772ec7dd80: ;   {static_stub}
  0x000002772ec7dd80: 7f41 ff48 | bb00 0000 | 0000 0000 

  0x000002772ec7dd8c: ;   {runtime_call}
  0x000002772ec7dd8c: 00e9 fbff 

  0x000002772ec7dd90: ;   {static_stub}
  0x000002772ec7dd90: ffff 48bb | 3827 397a | 7702 0000 

  0x000002772ec7dd9c: ;   {runtime_call I2C/C2I adapters}
  0x000002772ec7dd9c: e9bc 8841 

  0x000002772ec7dda0: ;   {static_stub}
  0x000002772ec7dda0: ff48 bb00 | 0000 0000 

  0x000002772ec7dda8: ;   {runtime_call}
  0x000002772ec7dda8: 0000 00e9 | fbff ffff 

  0x000002772ec7ddb0: ;   {static_stub}
  0x000002772ec7ddb0: 48bb 0000 | 0000 0000 

  0x000002772ec7ddb8: ;   {runtime_call}
  0x000002772ec7ddb8: 0000 e9fb 

  0x000002772ec7ddbc: ;   {static_stub}
  0x000002772ec7ddbc: ffff ff48 | bb00 0000 | 0000 0000 

  0x000002772ec7ddc8: ;   {runtime_call}
  0x000002772ec7ddc8: 00e9 fbff 

  0x000002772ec7ddcc: ;   {static_stub}
  0x000002772ec7ddcc: ffff 48bb | 0000 0000 | 0000 0000 

  0x000002772ec7ddd8: ;   {runtime_call}
  0x000002772ec7ddd8: e9fb ffff 

  0x000002772ec7dddc: ;   {static_stub}
  0x000002772ec7dddc: ff48 bb00 | 0000 0000 

  0x000002772ec7dde4: ;   {runtime_call}
  0x000002772ec7dde4: 0000 00e9 | fbff ffff 

  0x000002772ec7ddec: ;   {static_stub}
  0x000002772ec7ddec: 48bb 0000 | 0000 0000 

  0x000002772ec7ddf4: ;   {runtime_call}
  0x000002772ec7ddf4: 0000 e9fb 

  0x000002772ec7ddf8: ;   {static_stub}
  0x000002772ec7ddf8: ffff ff48 | bb00 0000 | 0000 0000 

  0x000002772ec7de04: ;   {runtime_call}
  0x000002772ec7de04: 00e9 fbff 

  0x000002772ec7de08: ;   {static_stub}
  0x000002772ec7de08: ffff 48bb | 0000 0000 | 0000 0000 

  0x000002772ec7de14: ;   {runtime_call}
  0x000002772ec7de14: e9fb ffff 

  0x000002772ec7de18: ;   {static_stub}
  0x000002772ec7de18: ff48 bb00 | 0000 0000 

  0x000002772ec7de20: ;   {runtime_call}
  0x000002772ec7de20: 0000 00e9 | fbff ffff 

  0x000002772ec7de28: ;   {static_stub}
  0x000002772ec7de28: 48bb 0000 | 0000 0000 

  0x000002772ec7de30: ;   {runtime_call}
  0x000002772ec7de30: 0000 e9fb 

  0x000002772ec7de34: ;   {static_stub}
  0x000002772ec7de34: ffff ff48 | bb00 0000 | 0000 0000 

  0x000002772ec7de40: ;   {runtime_call}
  0x000002772ec7de40: 00e9 fbff 

  0x000002772ec7de44: ;   {static_stub}
  0x000002772ec7de44: ffff 48bb | 0000 0000 | 0000 0000 

  0x000002772ec7de50: ;   {runtime_call}
  0x000002772ec7de50: e9fb ffff 

  0x000002772ec7de54: ;   {static_stub}
  0x000002772ec7de54: ff48 bb00 | 0000 0000 

  0x000002772ec7de5c: ;   {runtime_call}
  0x000002772ec7de5c: 0000 00e9 | fbff ffff 

  0x000002772ec7de64: ;   {static_stub}
  0x000002772ec7de64: 48bb 0000 | 0000 0000 

  0x000002772ec7de6c: ;   {runtime_call}
  0x000002772ec7de6c: 0000 e9fb 

  0x000002772ec7de70: ;   {static_stub}
  0x000002772ec7de70: ffff ff48 | bb00 0000 | 0000 0000 

  0x000002772ec7de7c: ;   {runtime_call}
  0x000002772ec7de7c: 00e9 fbff 

  0x000002772ec7de80: ;   {static_stub}
  0x000002772ec7de80: ffff 48bb | 0000 0000 | 0000 0000 

  0x000002772ec7de8c: ;   {runtime_call}
  0x000002772ec7de8c: e9fb ffff 

  0x000002772ec7de90: ;   {static_stub}
  0x000002772ec7de90: ff48 bb00 | 0000 0000 

  0x000002772ec7de98: ;   {runtime_call}
  0x000002772ec7de98: 0000 00e9 | fbff ffff 

  0x000002772ec7dea0: ;   {static_stub}
  0x000002772ec7dea0: 48bb 0000 | 0000 0000 

  0x000002772ec7dea8: ;   {runtime_call}
  0x000002772ec7dea8: 0000 e9fb 

  0x000002772ec7deac: ;   {static_stub}
  0x000002772ec7deac: ffff ff48 | bb00 0000 | 0000 0000 

  0x000002772ec7deb8: ;   {runtime_call}
  0x000002772ec7deb8: 00e9 fbff 

  0x000002772ec7debc: ;   {static_stub}
  0x000002772ec7debc: ffff 48bb | 0000 0000 | 0000 0000 

  0x000002772ec7dec8: ;   {runtime_call}
  0x000002772ec7dec8: e9fb ffff 

  0x000002772ec7decc: ;   {static_stub}
  0x000002772ec7decc: ff48 bb00 | 0000 0000 

  0x000002772ec7ded4: ;   {runtime_call}
  0x000002772ec7ded4: 0000 00e9 | fbff ffff 

  0x000002772ec7dedc: ;   {static_stub}
  0x000002772ec7dedc: 48bb 0000 | 0000 0000 

  0x000002772ec7dee4: ;   {runtime_call}
  0x000002772ec7dee4: 0000 e9fb 

  0x000002772ec7dee8: ;   {static_stub}
  0x000002772ec7dee8: ffff ff48 | bb00 0000 | 0000 0000 

  0x000002772ec7def4: ;   {runtime_call}
  0x000002772ec7def4: 00e9 fbff 

  0x000002772ec7def8: ;   {static_stub}
  0x000002772ec7def8: ffff 48bb | 0000 0000 | 0000 0000 

  0x000002772ec7df04: ;   {runtime_call}
  0x000002772ec7df04: e9fb ffff 

  0x000002772ec7df08: ;   {static_stub}
  0x000002772ec7df08: ff48 bb00 | 0000 0000 

  0x000002772ec7df10: ;   {runtime_call}
  0x000002772ec7df10: 0000 00e9 | fbff ffff 

  0x000002772ec7df18: ;   {static_stub}
  0x000002772ec7df18: 48bb 0000 | 0000 0000 

  0x000002772ec7df20: ;   {runtime_call}
  0x000002772ec7df20: 0000 e9fb 

  0x000002772ec7df24: ;   {static_stub}
  0x000002772ec7df24: ffff ff48 | bb00 0000 | 0000 0000 

  0x000002772ec7df30: ;   {runtime_call}
  0x000002772ec7df30: 00e9 fbff 

  0x000002772ec7df34: ;   {static_stub}
  0x000002772ec7df34: ffff 48bb | 0000 0000 | 0000 0000 

  0x000002772ec7df40: ;   {runtime_call}
  0x000002772ec7df40: e9fb ffff 

  0x000002772ec7df44: ;   {static_stub}
  0x000002772ec7df44: ff48 bb00 | 0000 0000 

  0x000002772ec7df4c: ;   {runtime_call}
  0x000002772ec7df4c: 0000 00e9 | fbff ffff 

  0x000002772ec7df54: ;   {static_stub}
  0x000002772ec7df54: 48bb 0000 | 0000 0000 

  0x000002772ec7df5c: ;   {runtime_call}
  0x000002772ec7df5c: 0000 e9fb 

  0x000002772ec7df60: ;   {static_stub}
  0x000002772ec7df60: ffff ff48 | bb00 0000 | 0000 0000 

  0x000002772ec7df6c: ;   {runtime_call}
  0x000002772ec7df6c: 00e9 fbff 

  0x000002772ec7df70: ;   {static_stub}
  0x000002772ec7df70: ffff 48bb | 0000 0000 | 0000 0000 

  0x000002772ec7df7c: ;   {runtime_call}
  0x000002772ec7df7c: e9fb ffff 

  0x000002772ec7df80: ;   {static_stub}
  0x000002772ec7df80: ff48 bb00 | 0000 0000 

  0x000002772ec7df88: ;   {runtime_call}
  0x000002772ec7df88: 0000 00e9 | fbff ffff 

  0x000002772ec7df90: ;   {static_stub}
  0x000002772ec7df90: 48bb 0000 | 0000 0000 

  0x000002772ec7df98: ;   {runtime_call}
  0x000002772ec7df98: 0000 e9fb 

  0x000002772ec7df9c: ;   {static_stub}
  0x000002772ec7df9c: ffff ff48 | bb00 0000 | 0000 0000 

  0x000002772ec7dfa8: ;   {runtime_call}
  0x000002772ec7dfa8: 00e9 fbff 

  0x000002772ec7dfac: ;   {static_stub}
  0x000002772ec7dfac: ffff 48bb | 0000 0000 | 0000 0000 

  0x000002772ec7dfb8: ;   {runtime_call}
  0x000002772ec7dfb8: e9fb ffff 

  0x000002772ec7dfbc: ;   {static_stub}
  0x000002772ec7dfbc: ff48 bb00 | 0000 0000 

  0x000002772ec7dfc4: ;   {runtime_call}
  0x000002772ec7dfc4: 0000 00e9 | fbff ffff 

  0x000002772ec7dfcc: ;   {static_stub}
  0x000002772ec7dfcc: 48bb 0000 | 0000 0000 

  0x000002772ec7dfd4: ;   {runtime_call}
  0x000002772ec7dfd4: 0000 e9fb 

  0x000002772ec7dfd8: ;   {static_stub}
  0x000002772ec7dfd8: ffff ff48 | bb00 0000 | 0000 0000 

  0x000002772ec7dfe4: ;   {runtime_call}
  0x000002772ec7dfe4: 00e9 fbff 

  0x000002772ec7dfe8: ;   {static_stub}
  0x000002772ec7dfe8: ffff 48bb | 0000 0000 | 0000 0000 

  0x000002772ec7dff4: ;   {runtime_call}
  0x000002772ec7dff4: e9fb ffff 

  0x000002772ec7dff8: ;   {static_stub}
  0x000002772ec7dff8: ff48 bb00 | 0000 0000 

  0x000002772ec7e000: ;   {runtime_call}
  0x000002772ec7e000: 0000 00e9 | fbff ffff 

  0x000002772ec7e008: ;   {static_stub}
  0x000002772ec7e008: 48bb 0000 | 0000 0000 

  0x000002772ec7e010: ;   {runtime_call}
  0x000002772ec7e010: 0000 e9fb 

  0x000002772ec7e014: ;   {static_stub}
  0x000002772ec7e014: ffff ff48 | bb00 0000 | 0000 0000 

  0x000002772ec7e020: ;   {runtime_call}
  0x000002772ec7e020: 00e9 fbff 

  0x000002772ec7e024: ;   {static_stub}
  0x000002772ec7e024: ffff 48bb | 0000 0000 | 0000 0000 

  0x000002772ec7e030: ;   {runtime_call}
  0x000002772ec7e030: e9fb ffff 

  0x000002772ec7e034: ;   {static_stub}
  0x000002772ec7e034: ff48 bb00 | 0000 0000 

  0x000002772ec7e03c: ;   {runtime_call}
  0x000002772ec7e03c: 0000 00e9 | fbff ffff 

  0x000002772ec7e044: ;   {static_stub}
  0x000002772ec7e044: 48bb 0000 | 0000 0000 

  0x000002772ec7e04c: ;   {runtime_call}
  0x000002772ec7e04c: 0000 e9fb 

  0x000002772ec7e050: ;   {static_stub}
  0x000002772ec7e050: ffff ff48 | bb00 0000 | 0000 0000 

  0x000002772ec7e05c: ;   {runtime_call}
  0x000002772ec7e05c: 00e9 fbff 

  0x000002772ec7e060: ;   {static_stub}
  0x000002772ec7e060: ffff 48bb | 0000 0000 | 0000 0000 

  0x000002772ec7e06c: ;   {runtime_call}
  0x000002772ec7e06c: e9fb ffff 

  0x000002772ec7e070: ;   {static_stub}
  0x000002772ec7e070: ff48 bb00 | 0000 0000 

  0x000002772ec7e078: ;   {runtime_call}
  0x000002772ec7e078: 0000 00e9 | fbff ffff 

  0x000002772ec7e080: ;   {static_stub}
  0x000002772ec7e080: 48bb 0000 | 0000 0000 

  0x000002772ec7e088: ;   {runtime_call}
  0x000002772ec7e088: 0000 e9fb 

  0x000002772ec7e08c: ;   {static_stub}
  0x000002772ec7e08c: ffff ff48 | bb00 0000 | 0000 0000 

  0x000002772ec7e098: ;   {runtime_call}
  0x000002772ec7e098: 00e9 fbff 

  0x000002772ec7e09c: ;   {static_stub}
  0x000002772ec7e09c: ffff 48bb | 0000 0000 | 0000 0000 

  0x000002772ec7e0a8: ;   {runtime_call}
  0x000002772ec7e0a8: e9fb ffff 

  0x000002772ec7e0ac: ;   {runtime_call ExceptionBlob}
  0x000002772ec7e0ac: ffe9 ce74 | 4bff e800 | 0000 0048 | 832c 2405 

  0x000002772ec7e0bc: ;   {runtime_call DeoptimizationBlob}
  0x000002772ec7e0bc: e9df 8b41 | fff4 f4f4 | f4f4 f4f4 
[/MachCode]


---------------  P R O C E S S  ---------------

Threads class SMR info:
_java_thread_list=0x000002770097f5a0, length=186, elements={
0x000002771efd13a0, 0x0000027742511de0, 0x00000277425128b0, 0x000002774252f870,
0x0000027742532150, 0x0000027742532a20, 0x0000027742533900, 0x00000277425352b0,
0x0000027742535bc0, 0x0000027742536c70, 0x000002774263c2b0, 0x00000277426dd290,
0x000002777d57ad90, 0x000002777d70aa70, 0x000002777d98c040, 0x000002777e858440,
0x000002777e7297d0, 0x000002777e72d5e0, 0x000002777e72ef30, 0x000002777e72d0d0,
0x000002777e72c1a0, 0x000002777e72f440, 0x000002777e72c6b0, 0x000002777e72daf0,
0x000002777e72e000, 0x000002777e72e510, 0x000002777e72ea20, 0x000002777cf3fc60,
0x000002777cf40170, 0x000002777cf3ed30, 0x000002777cf3f240, 0x000002777cf3d3e0,
0x000002777cf410a0, 0x000002777cf3d8f0, 0x000002777cf3de00, 0x000002777cf3e310,
0x000002777cf42f00, 0x000002777cf44340, 0x000002777cf424e0, 0x000002777cf44d60,
0x000002777cf429f0, 0x000002777cf43410, 0x000002777cf43e30, 0x000002777e72cbc0,
0x000002777d20cd20, 0x000002777d20f5a0, 0x000002777d20d740, 0x000002777d20e160,
0x000002777d20d230, 0x000002777d20bdf0, 0x000002777d20dc50, 0x000002777d20e670,
0x000002777d20eb80, 0x000002777d20f090, 0x000002777d20c300, 0x000002777d20c810,
0x000002777cccaf30, 0x000002777cccc370, 0x000002777cccc880, 0x000002777ccccd90,
0x000002777cccaa20, 0x000002777ccca510, 0x000002777ccc9af0, 0x000002777ccca000,
0x000002777ccc95e0, 0x000002777cccdcc0, 0x000002777cccd2a0, 0x000002777cccd7b0,
0x000002777cccebf0, 0x000002777ccce1d0, 0x000002777ccce6e0, 0x000002777cccb440,
0x000002777cccf100, 0x000002777cccb950, 0x000002777cccf610, 0x000002777ccd0030,
0x000002777ccd0f60, 0x000002777cccfb20, 0x00000277427139d0, 0x0000027742713ee0,
0x00000277427143f0, 0x0000027742714900, 0x0000027742715830, 0x0000027742712aa0,
0x0000027742712fb0, 0x0000027742715d40, 0x00000277427134c0, 0x00000277427180b0,
0x00000277427185c0, 0x0000027742718ad0, 0x00000277427194f0, 0x0000027742718fe0,
0x0000027742719a00, 0x0000027742717690, 0x0000027742717180, 0x0000027742717ba0,
0x0000027742716c70, 0x0000027742716250, 0x0000027742719f10, 0x0000027742716760,
0x000002777ccd0a50, 0x0000027701f2e610, 0x0000027701f2e100, 0x0000027701f2bd90,
0x0000027701f2eb20, 0x0000027701f2b880, 0x0000027701f2dbf0, 0x0000027701f2b370,
0x0000027701f2f030, 0x0000027701f2c7b0, 0x0000027701f2ccc0, 0x0000027701f2f540,
0x0000027701f2d1d0, 0x0000027701f2d6e0, 0x0000027701f2fa50, 0x0000027701f2c2a0,
0x0000027701f2ff60, 0x0000027701f32cf0, 0x0000027701f31dc0, 0x0000027701f322d0,
0x0000027701f30980, 0x0000027701f30470, 0x0000027701f30e90, 0x0000027701f327e0,
0x0000027701f313a0, 0x0000027701f318b0, 0x000002777ea59a80, 0x000002777ea5a4a0,
0x000002777ea59060, 0x000002777ea5c300, 0x000002777ea59f90, 0x000002777ea5b8e0,
0x000002777ea5bdf0, 0x000002777ea5a9b0, 0x000002777ea5c810, 0x000002777ea5aec0,
0x000002777ea5b3d0, 0x000002777ea5cd20, 0x000002777ea59570, 0x000002777ea5d230,
0x000002777ea5eb80, 0x000002777ea5f5a0, 0x000002777ea5f090, 0x000002777ea5fab0,
0x000002777ea5d740, 0x000002777ea5dc50, 0x000002777ea5ffc0, 0x000002777ea5e670,
0x000002777ea604d0, 0x000002777ea5e160, 0x000002777ea609e0, 0x00000277007bf710,
0x00000277007c0640, 0x00000277007c0b50, 0x00000277007be7e0, 0x00000277007bf200,
0x00000277007c1f90, 0x00000277007bfc20, 0x00000277007c1060, 0x00000277007c1570,
0x00000277007c0130, 0x00000277007c1a80, 0x00000277007becf0, 0x00000277007c29b0,
0x00000277007c4d20, 0x00000277007c5740, 0x00000277007c3df0, 0x00000277007c2ec0,
0x00000277007c24a0, 0x00000277007c5230, 0x00000277007c4300, 0x00000277007c4810,
0x00000277007c5c50, 0x00000277007c6160, 0x000002770090ad20, 0x000002770090d090,
0x000002770090b230, 0x000002770090b740, 0x000002770090dab0, 0x000002770090d5a0,
0x000002770090dfc0, 0x000002770090a810, 0x000002770090e4d0, 0x000002770090f910,
0x000002770090c160, 0x000002770090c670
}

Java Threads: ( => current thread )
  0x000002771efd13a0 JavaThread "main" [_thread_blocked, id=16748, stack(0x00000084c2700000,0x00000084c2800000)]
  0x0000027742511de0 JavaThread "Reference Handler" daemon [_thread_blocked, id=20048, stack(0x00000084c2e00000,0x00000084c2f00000)]
  0x00000277425128b0 JavaThread "Finalizer" daemon [_thread_blocked, id=24408, stack(0x00000084c2f00000,0x00000084c3000000)]
  0x000002774252f870 JavaThread "Signal Dispatcher" daemon [_thread_blocked, id=7708, stack(0x00000084c3000000,0x00000084c3100000)]
  0x0000027742532150 JavaThread "Attach Listener" daemon [_thread_blocked, id=15428, stack(0x00000084c3100000,0x00000084c3200000)]
  0x0000027742532a20 JavaThread "Service Thread" daemon [_thread_blocked, id=26716, stack(0x00000084c3200000,0x00000084c3300000)]
  0x0000027742533900 JavaThread "Monitor Deflation Thread" daemon [_thread_blocked, id=17744, stack(0x00000084c3300000,0x00000084c3400000)]
  0x00000277425352b0 JavaThread "C2 CompilerThread0" daemon [_thread_blocked, id=1388, stack(0x00000084c3400000,0x00000084c3500000)]
  0x0000027742535bc0 JavaThread "C1 CompilerThread0" daemon [_thread_blocked, id=9856, stack(0x00000084c3500000,0x00000084c3600000)]
  0x0000027742536c70 JavaThread "Sweeper thread" daemon [_thread_blocked, id=28080, stack(0x00000084c3600000,0x00000084c3700000)]
  0x000002774263c2b0 JavaThread "Common-Cleaner" daemon [_thread_blocked, id=20168, stack(0x00000084c3700000,0x00000084c3800000)]
  0x00000277426dd290 JavaThread "Notification Thread" daemon [_thread_blocked, id=18300, stack(0x00000084c3800000,0x00000084c3900000)]
  0x000002777d57ad90 JavaThread "Daemon health stats" [_thread_blocked, id=26860, stack(0x00000084c4000000,0x00000084c4100000)]
  0x000002777d70aa70 JavaThread "Incoming local TCP Connector on port 59401" [_thread_in_native, id=14652, stack(0x00000084c3a00000,0x00000084c3b00000)]
  0x000002777d98c040 JavaThread "Daemon periodic checks" [_thread_blocked, id=3168, stack(0x00000084c4100000,0x00000084c4200000)]
  0x000002777e858440 JavaThread "Daemon" [_thread_blocked, id=12580, stack(0x00000084c4300000,0x00000084c4400000)]
  0x000002777e7297d0 JavaThread "Handler for socket connection from /127.0.0.1:59401 to /127.0.0.1:59402" [_thread_in_native, id=12444, stack(0x00000084c4400000,0x00000084c4500000)]
  0x000002777e72d5e0 JavaThread "Cancel handler" [_thread_blocked, id=24840, stack(0x00000084c4500000,0x00000084c4600000)]
=>0x000002777e72ef30 JavaThread "Daemon worker" [_thread_in_vm, id=27932, stack(0x00000084c4600000,0x00000084c4700000)]
  0x000002777e72d0d0 JavaThread "Asynchronous log dispatcher for DefaultDaemonConnection: socket connection from /127.0.0.1:59401 to /127.0.0.1:59402" [_thread_blocked, id=24788, stack(0x00000084c4700000,0x00000084c4800000)]
  0x000002777e72c1a0 JavaThread "Stdin handler" [_thread_blocked, id=17200, stack(0x00000084c4800000,0x00000084c4900000)]
  0x000002777e72f440 JavaThread "Daemon client event forwarder" [_thread_blocked, id=1952, stack(0x00000084c4900000,0x00000084c4a00000)]
  0x000002777e72c6b0 JavaThread "Cache worker for journal cache (C:\Users\satej\.gradle\caches\journal-1)" [_thread_blocked, id=11936, stack(0x00000084c4200000,0x00000084c4300000)]
  0x000002777e72daf0 JavaThread "File lock request listener" [_thread_in_native, id=27808, stack(0x00000084c4f00000,0x00000084c5000000)]
  0x000002777e72e000 JavaThread "Cache worker for file hash cache (C:\Users\satej\.gradle\caches\9.3.1\fileHashes)" [_thread_blocked, id=25940, stack(0x00000084c4e00000,0x00000084c4f00000)]
  0x000002777e72e510 JavaThread "File lock release action executor" [_thread_blocked, id=23436, stack(0x00000084c5000000,0x00000084c5100000)]
  0x000002777e72ea20 JavaThread "Cache worker for file hash cache (D:\GrowBusinessNetwork\gbn-22-6-2026\android\.gradle\9.3.1\fileHashes)" [_thread_blocked, id=9948, stack(0x00000084c5400000,0x00000084c5500000)]
  0x000002777cf3fc60 JavaThread "Cache worker for Build Output Cleanup Cache (D:\GrowBusinessNetwork\gbn-22-6-2026\android\.gradle\buildOutputCleanup)" [_thread_blocked, id=2772, stack(0x00000084c5500000,0x00000084c5600000)]
  0x000002777cf40170 JavaThread "File watcher server" daemon [_thread_in_native, id=28280, stack(0x00000084c5600000,0x00000084c5700000)]
  0x000002777cf3ed30 JavaThread "File watcher consumer" daemon [_thread_blocked, id=19080, stack(0x00000084c5700000,0x00000084c5800000)]
  0x000002777cf3f240 JavaThread "Cache worker for checksums cache (D:\GrowBusinessNetwork\gbn-22-6-2026\android\.gradle\9.3.1\checksums)" [_thread_blocked, id=15952, stack(0x00000084c5800000,0x00000084c5900000)]
  0x000002777cf3d3e0 JavaThread "Cache worker for file content cache (C:\Users\satej\.gradle\caches\9.3.1\fileContent)" [_thread_blocked, id=26212, stack(0x00000084c5900000,0x00000084c5a00000)]
  0x000002777cf410a0 JavaThread "Cache worker for cache directory md-supplier (C:\Users\satej\.gradle\caches\9.3.1\md-supplier)" [_thread_blocked, id=29184, stack(0x00000084c5b00000,0x00000084c5c00000)]
  0x000002777cf3d8f0 JavaThread "Cache worker for cache directory md-rule (C:\Users\satej\.gradle\caches\9.3.1\md-rule)" [_thread_blocked, id=27728, stack(0x00000084c5c00000,0x00000084c5d00000)]
  0x000002777cf3de00 JavaThread "jar transforms" [_thread_blocked, id=15176, stack(0x00000084c5d00000,0x00000084c5e00000)]
  0x000002777cf3e310 JavaThread "Cache worker for Build Output Cleanup Cache (D:\GrowBusinessNetwork\gbn-22-6-2026\node_modules\@react-native\gradle-plugin\.gradle\buildOutputCleanup)" [_thread_blocked, id=27780, stack(0x00000084c5e00000,0x00000084c5f00000)]
  0x000002777cf42f00 JavaThread "Unconstrained build operations" [_thread_blocked, id=9868, stack(0x00000084c5f00000,0x00000084c6000000)]
  0x000002777cf44340 JavaThread "Unconstrained build operations Thread 2" [_thread_blocked, id=26088, stack(0x00000084c6000000,0x00000084c6100000)]
  0x000002777cf424e0 JavaThread "Unconstrained build operations Thread 3" [_thread_blocked, id=9224, stack(0x00000084c6100000,0x00000084c6200000)]
  0x000002777cf44d60 JavaThread "Unconstrained build operations Thread 4" [_thread_blocked, id=10680, stack(0x00000084c6200000,0x00000084c6300000)]
  0x000002777cf429f0 JavaThread "Unconstrained build operations Thread 5" [_thread_blocked, id=17280, stack(0x00000084c6300000,0x00000084c6400000)]
  0x000002777cf43410 JavaThread "Unconstrained build operations Thread 6" [_thread_blocked, id=20432, stack(0x00000084c6400000,0x00000084c6500000)]
  0x000002777cf43e30 JavaThread "Unconstrained build operations Thread 7" [_thread_blocked, id=22300, stack(0x00000084c6500000,0x00000084c6600000)]
  0x000002777e72cbc0 JavaThread "Unconstrained build operations Thread 8" [_thread_blocked, id=17052, stack(0x00000084c6600000,0x00000084c6700000)]
  0x000002777d20cd20 JavaThread "Unconstrained build operations Thread 9" [_thread_blocked, id=28948, stack(0x00000084c6700000,0x00000084c6800000)]
  0x000002777d20f5a0 JavaThread "Unconstrained build operations Thread 10" [_thread_blocked, id=18152, stack(0x00000084c6800000,0x00000084c6900000)]
  0x000002777d20d740 JavaThread "Unconstrained build operations Thread 11" [_thread_blocked, id=27608, stack(0x00000084c6900000,0x00000084c6a00000)]
  0x000002777d20e160 JavaThread "Unconstrained build operations Thread 12" [_thread_blocked, id=25144, stack(0x00000084c6a00000,0x00000084c6b00000)]
  0x000002777d20d230 JavaThread "Unconstrained build operations Thread 13" [_thread_blocked, id=20528, stack(0x00000084c6b00000,0x00000084c6c00000)]
  0x000002777d20bdf0 JavaThread "Unconstrained build operations Thread 14" [_thread_blocked, id=28832, stack(0x00000084c6c00000,0x00000084c6d00000)]
  0x000002777d20dc50 JavaThread "Unconstrained build operations Thread 15" [_thread_blocked, id=2852, stack(0x00000084c6d00000,0x00000084c6e00000)]
  0x000002777d20e670 JavaThread "Unconstrained build operations Thread 16" [_thread_blocked, id=26140, stack(0x00000084c6e00000,0x00000084c6f00000)]
  0x000002777d20eb80 JavaThread "Unconstrained build operations Thread 17" [_thread_blocked, id=28208, stack(0x00000084c6f00000,0x00000084c7000000)]
  0x000002777d20f090 JavaThread "Unconstrained build operations Thread 18" [_thread_blocked, id=11376, stack(0x00000084c7000000,0x00000084c7100000)]
  0x000002777d20c300 JavaThread "Unconstrained build operations Thread 19" [_thread_blocked, id=6572, stack(0x00000084c7100000,0x00000084c7200000)]
  0x000002777d20c810 JavaThread "Unconstrained build operations Thread 20" [_thread_blocked, id=14500, stack(0x00000084c7200000,0x00000084c7300000)]
  0x000002777cccaf30 JavaThread "Unconstrained build operations Thread 21" [_thread_blocked, id=14524, stack(0x00000084c7300000,0x00000084c7400000)]
  0x000002777cccc370 JavaThread "Unconstrained build operations Thread 22" [_thread_blocked, id=15116, stack(0x00000084c7400000,0x00000084c7500000)]
  0x000002777cccc880 JavaThread "Unconstrained build operations Thread 23" [_thread_blocked, id=27024, stack(0x00000084c7500000,0x00000084c7600000)]
  0x000002777ccccd90 JavaThread "Unconstrained build operations Thread 24" [_thread_blocked, id=19744, stack(0x00000084c7600000,0x00000084c7700000)]
  0x000002777cccaa20 JavaThread "Unconstrained build operations Thread 25" [_thread_blocked, id=8912, stack(0x00000084c7700000,0x00000084c7800000)]
  0x000002777ccca510 JavaThread "Unconstrained build operations Thread 26" [_thread_blocked, id=5676, stack(0x00000084c7800000,0x00000084c7900000)]
  0x000002777ccc9af0 JavaThread "Unconstrained build operations Thread 27" [_thread_blocked, id=10796, stack(0x00000084c7900000,0x00000084c7a00000)]
  0x000002777ccca000 JavaThread "Unconstrained build operations Thread 28" [_thread_blocked, id=29264, stack(0x00000084c7a00000,0x00000084c7b00000)]
  0x000002777ccc95e0 JavaThread "Unconstrained build operations Thread 29" [_thread_blocked, id=25944, stack(0x00000084c7b00000,0x00000084c7c00000)]
  0x000002777cccdcc0 JavaThread "Unconstrained build operations Thread 30" [_thread_blocked, id=24196, stack(0x00000084c7c00000,0x00000084c7d00000)]
  0x000002777cccd2a0 JavaThread "Unconstrained build operations Thread 31" [_thread_blocked, id=15648, stack(0x00000084c7d00000,0x00000084c7e00000)]
  0x000002777cccd7b0 JavaThread "Unconstrained build operations Thread 32" [_thread_blocked, id=432, stack(0x00000084c7e00000,0x00000084c7f00000)]
  0x000002777cccebf0 JavaThread "Unconstrained build operations Thread 33" [_thread_blocked, id=16872, stack(0x00000084c7f00000,0x00000084c8000000)]
  0x000002777ccce1d0 JavaThread "Unconstrained build operations Thread 34" [_thread_blocked, id=19184, stack(0x00000084c8000000,0x00000084c8100000)]
  0x000002777ccce6e0 JavaThread "Unconstrained build operations Thread 35" [_thread_blocked, id=12124, stack(0x00000084c8100000,0x00000084c8200000)]
  0x000002777cccb440 JavaThread "Unconstrained build operations Thread 36" [_thread_blocked, id=2712, stack(0x00000084c8200000,0x00000084c8300000)]
  0x000002777cccf100 JavaThread "Unconstrained build operations Thread 37" [_thread_blocked, id=25664, stack(0x00000084c8300000,0x00000084c8400000)]
  0x000002777cccb950 JavaThread "Unconstrained build operations Thread 38" [_thread_blocked, id=15728, stack(0x00000084c8400000,0x00000084c8500000)]
  0x000002777cccf610 JavaThread "Unconstrained build operations Thread 39" [_thread_blocked, id=5740, stack(0x00000084c8500000,0x00000084c8600000)]
  0x000002777ccd0030 JavaThread "build event listener" [_thread_blocked, id=17120, stack(0x00000084c8600000,0x00000084c8700000)]
  0x000002777ccd0f60 JavaThread "Memory manager" [_thread_blocked, id=21908, stack(0x00000084c5a00000,0x00000084c5b00000)]
  0x000002777cccfb20 JavaThread "Problems report writer" [_thread_blocked, id=3052, stack(0x00000084c5300000,0x00000084c5400000)]
  0x00000277427139d0 JavaThread "ForkJoinPool.commonPool-worker-1" daemon [_thread_blocked, id=9916, stack(0x00000084c8800000,0x00000084c8900000)]
  0x0000027742713ee0 JavaThread "ForkJoinPool.commonPool-worker-2" daemon [_thread_blocked, id=18036, stack(0x00000084c8900000,0x00000084c8a00000)]
  0x00000277427143f0 JavaThread "ForkJoinPool.commonPool-worker-3" daemon [_thread_blocked, id=15956, stack(0x00000084c8a00000,0x00000084c8b00000)]
  0x0000027742714900 JavaThread "ForkJoinPool.commonPool-worker-4" daemon [_thread_blocked, id=16752, stack(0x00000084c8b00000,0x00000084c8c00000)]
  0x0000027742715830 JavaThread "ForkJoinPool.commonPool-worker-5" daemon [_thread_blocked, id=25724, stack(0x00000084c8c00000,0x00000084c8d00000)]
  0x0000027742712aa0 JavaThread "ForkJoinPool.commonPool-worker-6" daemon [_thread_blocked, id=2444, stack(0x00000084c8d00000,0x00000084c8e00000)]
  0x0000027742712fb0 JavaThread "included builds" [_thread_blocked, id=7752, stack(0x00000084c8e00000,0x00000084c8f00000)]
  0x0000027742715d40 JavaThread "Execution worker" [_thread_blocked, id=20680, stack(0x00000084c8f00000,0x00000084c9000000)]
  0x00000277427134c0 JavaThread "Execution worker Thread 2" [_thread_blocked, id=18592, stack(0x00000084c9000000,0x00000084c9100000)]
  0x00000277427180b0 JavaThread "Execution worker Thread 3" [_thread_blocked, id=25184, stack(0x00000084c9100000,0x00000084c9200000)]
  0x00000277427185c0 JavaThread "Execution worker Thread 4" [_thread_blocked, id=14468, stack(0x00000084c9200000,0x00000084c9300000)]
  0x0000027742718ad0 JavaThread "Execution worker Thread 5" [_thread_blocked, id=27652, stack(0x00000084c9300000,0x00000084c9400000)]
  0x00000277427194f0 JavaThread "Execution worker Thread 6" [_thread_blocked, id=13620, stack(0x00000084c9400000,0x00000084c9500000)]
  0x0000027742718fe0 JavaThread "Execution worker Thread 7" [_thread_blocked, id=27740, stack(0x00000084c9500000,0x00000084c9600000)]
  0x0000027742719a00 JavaThread "Execution worker Thread 8" [_thread_blocked, id=13736, stack(0x00000084c9600000,0x00000084c9700000)]
  0x0000027742717690 JavaThread "Execution worker Thread 9" [_thread_blocked, id=3604, stack(0x00000084c9700000,0x00000084c9800000)]
  0x0000027742717180 JavaThread "Execution worker Thread 10" [_thread_blocked, id=19604, stack(0x00000084c9800000,0x00000084c9900000)]
  0x0000027742717ba0 JavaThread "Execution worker Thread 11" [_thread_blocked, id=4816, stack(0x00000084c9900000,0x00000084c9a00000)]
  0x0000027742716c70 JavaThread "Cache worker for execution history cache (D:\GrowBusinessNetwork\gbn-22-6-2026\node_modules\@react-native\gradle-plugin\.gradle\9.3.1\executionHistory)" [_thread_blocked, id=4212, stack(0x00000084c9a00000,0x00000084c9b00000)]
  0x0000027742716250 JavaThread "Unconstrained build operations Thread 40" [_thread_blocked, id=13020, stack(0x00000084c9b00000,0x00000084c9c00000)]
  0x0000027742719f10 JavaThread "Unconstrained build operations Thread 41" [_thread_blocked, id=19152, stack(0x00000084c9c00000,0x00000084c9d00000)]
  0x0000027742716760 JavaThread "Unconstrained build operations Thread 42" [_thread_blocked, id=26348, stack(0x00000084c9d00000,0x00000084c9e00000)]
  0x000002777ccd0a50 JavaThread "Unconstrained build operations Thread 43" [_thread_blocked, id=3240, stack(0x00000084c9e00000,0x00000084c9f00000)]
  0x0000027701f2e610 JavaThread "Unconstrained build operations Thread 44" [_thread_blocked, id=15940, stack(0x00000084c9f00000,0x00000084ca000000)]
  0x0000027701f2e100 JavaThread "Unconstrained build operations Thread 45" [_thread_blocked, id=14076, stack(0x00000084ca000000,0x00000084ca100000)]
  0x0000027701f2bd90 JavaThread "Unconstrained build operations Thread 46" [_thread_blocked, id=9860, stack(0x00000084ca100000,0x00000084ca200000)]
  0x0000027701f2eb20 JavaThread "Unconstrained build operations Thread 47" [_thread_blocked, id=20608, stack(0x00000084ca200000,0x00000084ca300000)]
  0x0000027701f2b880 JavaThread "Unconstrained build operations Thread 48" [_thread_blocked, id=25308, stack(0x00000084ca300000,0x00000084ca400000)]
  0x0000027701f2dbf0 JavaThread "Unconstrained build operations Thread 49" [_thread_blocked, id=13776, stack(0x00000084ca400000,0x00000084ca500000)]
  0x0000027701f2b370 JavaThread "Unconstrained build operations Thread 50" [_thread_blocked, id=8732, stack(0x00000084ca500000,0x00000084ca600000)]
  0x0000027701f2f030 JavaThread "Unconstrained build operations Thread 51" [_thread_blocked, id=28988, stack(0x00000084ca600000,0x00000084ca700000)]
  0x0000027701f2c7b0 JavaThread "Unconstrained build operations Thread 52" [_thread_blocked, id=27336, stack(0x00000084ca700000,0x00000084ca800000)]
  0x0000027701f2ccc0 JavaThread "Unconstrained build operations Thread 53" [_thread_blocked, id=9188, stack(0x00000084ca800000,0x00000084ca900000)]
  0x0000027701f2f540 JavaThread "Unconstrained build operations Thread 54" [_thread_blocked, id=23844, stack(0x00000084ca900000,0x00000084caa00000)]
  0x0000027701f2d1d0 JavaThread "Unconstrained build operations Thread 55" [_thread_blocked, id=8268, stack(0x00000084caa00000,0x00000084cab00000)]
  0x0000027701f2d6e0 JavaThread "Unconstrained build operations Thread 56" [_thread_blocked, id=13180, stack(0x00000084cab00000,0x00000084cac00000)]
  0x0000027701f2fa50 JavaThread "Unconstrained build operations Thread 57" [_thread_blocked, id=13536, stack(0x00000084cac00000,0x00000084cad00000)]
  0x0000027701f2c2a0 JavaThread "Unconstrained build operations Thread 58" [_thread_blocked, id=27340, stack(0x00000084cad00000,0x00000084cae00000)]
  0x0000027701f2ff60 JavaThread "Unconstrained build operations Thread 59" [_thread_blocked, id=15752, stack(0x00000084cae00000,0x00000084caf00000)]
  0x0000027701f32cf0 JavaThread "Unconstrained build operations Thread 60" [_thread_blocked, id=20452, stack(0x00000084caf00000,0x00000084cb000000)]
  0x0000027701f31dc0 JavaThread "Unconstrained build operations Thread 61" [_thread_blocked, id=20524, stack(0x00000084cb000000,0x00000084cb100000)]
  0x0000027701f322d0 JavaThread "Unconstrained build operations Thread 62" [_thread_blocked, id=3672, stack(0x00000084cb100000,0x00000084cb200000)]
  0x0000027701f30980 JavaThread "Unconstrained build operations Thread 63" [_thread_blocked, id=1420, stack(0x00000084cb200000,0x00000084cb300000)]
  0x0000027701f30470 JavaThread "Unconstrained build operations Thread 64" [_thread_blocked, id=21204, stack(0x00000084cb300000,0x00000084cb400000)]
  0x0000027701f30e90 JavaThread "Unconstrained build operations Thread 65" [_thread_blocked, id=5436, stack(0x00000084cb400000,0x00000084cb500000)]
  0x0000027701f327e0 JavaThread "Unconstrained build operations Thread 66" [_thread_blocked, id=28464, stack(0x00000084cb500000,0x00000084cb600000)]
  0x0000027701f313a0 JavaThread "Unconstrained build operations Thread 67" [_thread_blocked, id=9820, stack(0x00000084cb600000,0x00000084cb700000)]
  0x0000027701f318b0 JavaThread "Unconstrained build operations Thread 68" [_thread_blocked, id=29356, stack(0x00000084cb700000,0x00000084cb800000)]
  0x000002777ea59a80 JavaThread "Unconstrained build operations Thread 69" [_thread_blocked, id=6048, stack(0x00000084cb800000,0x00000084cb900000)]
  0x000002777ea5a4a0 JavaThread "Unconstrained build operations Thread 70" [_thread_blocked, id=17932, stack(0x00000084cb900000,0x00000084cba00000)]
  0x000002777ea59060 JavaThread "Unconstrained build operations Thread 71" [_thread_blocked, id=15156, stack(0x00000084cba00000,0x00000084cbb00000)]
  0x000002777ea5c300 JavaThread "Unconstrained build operations Thread 72" [_thread_blocked, id=24056, stack(0x00000084cbb00000,0x00000084cbc00000)]
  0x000002777ea59f90 JavaThread "Unconstrained build operations Thread 73" [_thread_blocked, id=29196, stack(0x00000084cbc00000,0x00000084cbd00000)]
  0x000002777ea5b8e0 JavaThread "Unconstrained build operations Thread 74" [_thread_blocked, id=27700, stack(0x00000084cbd00000,0x00000084cbe00000)]
  0x000002777ea5bdf0 JavaThread "Unconstrained build operations Thread 75" [_thread_blocked, id=10064, stack(0x00000084cbe00000,0x00000084cbf00000)]
  0x000002777ea5a9b0 JavaThread "Unconstrained build operations Thread 76" [_thread_blocked, id=29536, stack(0x00000084cbf00000,0x00000084cc000000)]
  0x000002777ea5c810 JavaThread "Unconstrained build operations Thread 77" [_thread_blocked, id=27656, stack(0x00000084cc000000,0x00000084cc100000)]
  0x000002777ea5aec0 JavaThread "Unconstrained build operations Thread 78" [_thread_blocked, id=25060, stack(0x00000084cc100000,0x00000084cc200000)]
  0x000002777ea5b3d0 JavaThread "Unconstrained build operations Thread 79" [_thread_blocked, id=14820, stack(0x00000084cc200000,0x00000084cc300000)]
  0x000002777ea5cd20 JavaThread "Unconstrained build operations Thread 80" [_thread_blocked, id=22472, stack(0x00000084cc300000,0x00000084cc400000)]
  0x000002777ea59570 JavaThread "Unconstrained build operations Thread 81" [_thread_blocked, id=24808, stack(0x00000084cc400000,0x00000084cc500000)]
  0x000002777ea5d230 JavaThread "Unconstrained build operations Thread 82" [_thread_blocked, id=12188, stack(0x00000084cc500000,0x00000084cc600000)]
  0x000002777ea5eb80 JavaThread "Unconstrained build operations Thread 83" [_thread_blocked, id=11976, stack(0x00000084cc600000,0x00000084cc700000)]
  0x000002777ea5f5a0 JavaThread "Unconstrained build operations Thread 84" [_thread_blocked, id=26732, stack(0x00000084cc700000,0x00000084cc800000)]
  0x000002777ea5f090 JavaThread "Unconstrained build operations Thread 85" [_thread_blocked, id=29032, stack(0x00000084cc800000,0x00000084cc900000)]
  0x000002777ea5fab0 JavaThread "Unconstrained build operations Thread 86" [_thread_blocked, id=20308, stack(0x00000084cc900000,0x00000084cca00000)]
  0x000002777ea5d740 JavaThread "Unconstrained build operations Thread 87" [_thread_blocked, id=15664, stack(0x00000084cca00000,0x00000084ccb00000)]
  0x000002777ea5dc50 JavaThread "Unconstrained build operations Thread 88" [_thread_blocked, id=14908, stack(0x00000084ccb00000,0x00000084ccc00000)]
  0x000002777ea5ffc0 JavaThread "Unconstrained build operations Thread 89" [_thread_blocked, id=4424, stack(0x00000084ccc00000,0x00000084ccd00000)]
  0x000002777ea5e670 JavaThread "Unconstrained build operations Thread 90" [_thread_blocked, id=27744, stack(0x00000084ccd00000,0x00000084cce00000)]
  0x000002777ea604d0 JavaThread "Unconstrained build operations Thread 91" [_thread_blocked, id=16188, stack(0x00000084cce00000,0x00000084ccf00000)]
  0x000002777ea5e160 JavaThread "Unconstrained build operations Thread 92" [_thread_blocked, id=28416, stack(0x00000084ccf00000,0x00000084cd000000)]
  0x000002777ea609e0 JavaThread "Unconstrained build operations Thread 93" [_thread_blocked, id=10316, stack(0x00000084cd000000,0x00000084cd100000)]
  0x00000277007bf710 JavaThread "Unconstrained build operations Thread 94" [_thread_blocked, id=10788, stack(0x00000084cd100000,0x00000084cd200000)]
  0x00000277007c0640 JavaThread "Unconstrained build operations Thread 95" [_thread_blocked, id=12940, stack(0x00000084cd200000,0x00000084cd300000)]
  0x00000277007c0b50 JavaThread "Unconstrained build operations Thread 96" [_thread_blocked, id=29416, stack(0x00000084cd300000,0x00000084cd400000)]
  0x00000277007be7e0 JavaThread "Unconstrained build operations Thread 97" [_thread_blocked, id=19440, stack(0x00000084cd400000,0x00000084cd500000)]
  0x00000277007bf200 JavaThread "Unconstrained build operations Thread 98" [_thread_blocked, id=28052, stack(0x00000084cd500000,0x00000084cd600000)]
  0x00000277007c1f90 JavaThread "Unconstrained build operations Thread 99" [_thread_blocked, id=24124, stack(0x00000084cd600000,0x00000084cd700000)]
  0x00000277007bfc20 JavaThread "Unconstrained build operations Thread 100" [_thread_blocked, id=4984, stack(0x00000084cd700000,0x00000084cd800000)]
  0x00000277007c1060 JavaThread "Unconstrained build operations Thread 101" [_thread_blocked, id=1752, stack(0x00000084cd800000,0x00000084cd900000)]
  0x00000277007c1570 JavaThread "Unconstrained build operations Thread 102" [_thread_blocked, id=28036, stack(0x00000084cd900000,0x00000084cda00000)]
  0x00000277007c0130 JavaThread "Unconstrained build operations Thread 103" [_thread_blocked, id=28568, stack(0x00000084cda00000,0x00000084cdb00000)]
  0x00000277007c1a80 JavaThread "Unconstrained build operations Thread 104" [_thread_blocked, id=27600, stack(0x00000084cdb00000,0x00000084cdc00000)]
  0x00000277007becf0 JavaThread "Unconstrained build operations Thread 105" [_thread_blocked, id=26452, stack(0x00000084cdc00000,0x00000084cdd00000)]
  0x00000277007c29b0 JavaThread "Unconstrained build operations Thread 106" [_thread_blocked, id=22572, stack(0x00000084cdd00000,0x00000084cde00000)]
  0x00000277007c4d20 JavaThread "Unconstrained build operations Thread 107" [_thread_blocked, id=14488, stack(0x00000084cde00000,0x00000084cdf00000)]
  0x00000277007c5740 JavaThread "Unconstrained build operations Thread 108" [_thread_blocked, id=13128, stack(0x00000084cdf00000,0x00000084ce000000)]
  0x00000277007c3df0 JavaThread "Unconstrained build operations Thread 109" [_thread_blocked, id=22480, stack(0x00000084ce000000,0x00000084ce100000)]
  0x00000277007c2ec0 JavaThread "Unconstrained build operations Thread 110" [_thread_blocked, id=11924, stack(0x00000084ce100000,0x00000084ce200000)]
  0x00000277007c24a0 JavaThread "Unconstrained build operations Thread 111" [_thread_blocked, id=14272, stack(0x00000084ce200000,0x00000084ce300000)]
  0x00000277007c5230 JavaThread "Unconstrained build operations Thread 112" [_thread_blocked, id=28908, stack(0x00000084ce300000,0x00000084ce400000)]
  0x00000277007c4300 JavaThread "jar transforms Thread 2" [_thread_blocked, id=21012, stack(0x00000084ce400000,0x00000084ce500000)]
  0x00000277007c4810 JavaThread "jar transforms Thread 3" [_thread_blocked, id=20652, stack(0x00000084c8700000,0x00000084c8800000)]
  0x00000277007c5c50 JavaThread "Unconstrained build operations Thread 113" [_thread_blocked, id=12356, stack(0x00000084ce600000,0x00000084ce700000)]
  0x00000277007c6160 JavaThread "Unconstrained build operations Thread 114" [_thread_blocked, id=14852, stack(0x00000084ce700000,0x00000084ce800000)]
  0x000002770090ad20 JavaThread "Unconstrained build operations Thread 115" [_thread_blocked, id=28096, stack(0x00000084ce800000,0x00000084ce900000)]
  0x000002770090d090 JavaThread "Unconstrained build operations Thread 116" [_thread_blocked, id=28388, stack(0x00000084ce900000,0x00000084cea00000)]
  0x000002770090b230 JavaThread "Unconstrained build operations Thread 117" [_thread_blocked, id=10168, stack(0x00000084cea00000,0x00000084ceb00000)]
  0x000002770090b740 JavaThread "Unconstrained build operations Thread 118" [_thread_blocked, id=1556, stack(0x00000084ceb00000,0x00000084cec00000)]
  0x000002770090dab0 JavaThread "Unconstrained build operations Thread 119" [_thread_blocked, id=9512, stack(0x00000084cec00000,0x00000084ced00000)]
  0x000002770090d5a0 JavaThread "Unconstrained build operations Thread 120" [_thread_blocked, id=24568, stack(0x00000084ced00000,0x00000084cee00000)]
  0x000002770090dfc0 JavaThread "jar transforms Thread 4" [_thread_blocked, id=27132, stack(0x00000084cee00000,0x00000084cef00000)]
  0x000002770090a810 JavaThread "jar transforms Thread 5" [_thread_blocked, id=8416, stack(0x00000084cef00000,0x00000084cf000000)]
  0x000002770090e4d0 JavaThread "jar transforms Thread 6" [_thread_blocked, id=3308, stack(0x00000084cf000000,0x00000084cf100000)]
  0x000002770090f910 JavaThread "build event listener" [_thread_blocked, id=21224, stack(0x00000084ce500000,0x00000084ce600000)]
  0x000002770090c160 JavaThread "jar transforms Thread 7" [_thread_blocked, id=18568, stack(0x00000084cf100000,0x00000084cf200000)]
  0x000002770090c670 JavaThread "jar transforms Thread 8" [_thread_blocked, id=5332, stack(0x00000084cf200000,0x00000084cf300000)]

Other Threads:
  0x00000277423eec90 VMThread "VM Thread" [stack: 0x00000084c2d00000,0x00000084c2e00000] [id=16156]
  0x000002771efd37c0 WatcherThread [stack: 0x00000084c3900000,0x00000084c3a00000] [id=28248]
  0x000002771f043a50 GCTaskThread "GC Thread#0" [stack: 0x00000084c2800000,0x00000084c2900000] [id=10104]
  0x00000277428fccf0 GCTaskThread "GC Thread#1" [stack: 0x00000084c3b00000,0x00000084c3c00000] [id=29192]
  0x00000277428114b0 GCTaskThread "GC Thread#2" [stack: 0x00000084c3c00000,0x00000084c3d00000] [id=5236]
  0x000002777c2603f0 GCTaskThread "GC Thread#3" [stack: 0x00000084c3d00000,0x00000084c3e00000] [id=18464]
  0x000002777c306300 GCTaskThread "GC Thread#4" [stack: 0x00000084c3e00000,0x00000084c3f00000] [id=12844]
  0x000002777c304a40 GCTaskThread "GC Thread#5" [stack: 0x00000084c3f00000,0x00000084c4000000] [id=21348]
  0x000002777c3065c0 GCTaskThread "GC Thread#6" [stack: 0x00000084c4a00000,0x00000084c4b00000] [id=12912]
  0x000002777c305ac0 GCTaskThread "GC Thread#7" [stack: 0x00000084c4b00000,0x00000084c4c00000] [id=29512]
  0x000002777c305280 GCTaskThread "GC Thread#8" [stack: 0x00000084c4c00000,0x00000084c4d00000] [id=28392]
  0x000002777c305d80 GCTaskThread "GC Thread#9" [stack: 0x00000084c4d00000,0x00000084c4e00000] [id=7500]
  0x000002771f0548b0 ConcurrentGCThread "G1 Main Marker" [stack: 0x00000084c2900000,0x00000084c2a00000] [id=8136]
  0x000002771f0551e0 ConcurrentGCThread "G1 Conc#0" [stack: 0x00000084c2a00000,0x00000084c2b00000] [id=22140]
  0x000002777c304fc0 ConcurrentGCThread "G1 Conc#1" [stack: 0x00000084c5100000,0x00000084c5200000] [id=25312]
  0x000002777c387a90 ConcurrentGCThread "G1 Conc#2" [stack: 0x00000084c5200000,0x00000084c5300000] [id=7564]
  0x00000277422ac370 ConcurrentGCThread "G1 Refine#0" [stack: 0x00000084c2b00000,0x00000084c2c00000] [id=20076]
  0x00000277422adb60 ConcurrentGCThread "G1 Service" [stack: 0x00000084c2c00000,0x00000084c2d00000] [id=9460]

Threads with active compile tasks:

VM state: not at safepoint (normal execution)

VM Mutex/Monitor currently owned by a thread:  ([mutex/lock_event])
[0x000002771cc36940] Metaspace_lock - owner thread: 0x000002777e72ef30

Heap address: 0x0000000700000000, size: 4096 MB, Compressed Oops mode: Zero based, Oop shift amount: 3

CDS archive(s) mapped at: [0x0000027743000000-0x0000027743bb0000-0x0000027743bb0000), size 12255232, SharedBaseAddress: 0x0000027743000000, ArchiveRelocationMode: 1.
Compressed class space mapped at: 0x0000027744000000-0x0000027778000000, reserved size: 872415232
Narrow klass base: 0x0000027743000000, Narrow klass shift: 0, Narrow klass range: 0x100000000

GC Precious Log:
 CPUs: 12 total, 12 available
 Memory: 16052M
 Large Page Support: Disabled
 NUMA Support: Disabled
 Compressed Oops: Enabled (Zero based)
 Heap Region Size: 2M
 Heap Min Capacity: 8M
 Heap Initial Capacity: 252M
 Heap Max Capacity: 4G
 Pre-touch: Disabled
 Parallel Workers: 10
 Concurrent Workers: 3
 Concurrent Refinement Workers: 10
 Periodic GC: Disabled

Heap:
 garbage-first heap   total 292864K, used 146535K [0x0000000700000000, 0x0000000800000000)
  region size 2048K, 5 young (10240K), 2 survivors (4096K)
 Metaspace       used 97497K, committed 98624K, reserved 983040K
  class space    used 13605K, committed 14144K, reserved 851968K

Heap Regions: E=young(eden), S=young(survivor), O=old, HS=humongous(starts), HC=humongous(continues), CS=collection set, F=free, OA=open archive, CA=closed archive, TAMS=top-at-mark-start (previous, next)
|   0|0x0000000700000000, 0x0000000700200000, 0x0000000700200000|100%|HS|  |TAMS 0x0000000700200000, 0x0000000700000000| Complete 
|   1|0x0000000700200000, 0x0000000700400000, 0x0000000700400000|100%|HC|  |TAMS 0x0000000700400000, 0x0000000700200000| Complete 
|   2|0x0000000700400000, 0x0000000700600000, 0x0000000700600000|100%| O|  |TAMS 0x0000000700600000, 0x0000000700400000| Untracked 
|   3|0x0000000700600000, 0x0000000700800000, 0x0000000700800000|100%| O|  |TAMS 0x0000000700800000, 0x0000000700600000| Untracked 
|   4|0x0000000700800000, 0x0000000700a00000, 0x0000000700a00000|100%| O|  |TAMS 0x0000000700a00000, 0x0000000700800000| Untracked 
|   5|0x0000000700a00000, 0x0000000700c00000, 0x0000000700c00000|100%| O|  |TAMS 0x0000000700c00000, 0x0000000700a00000| Untracked 
|   6|0x0000000700c00000, 0x0000000700e00000, 0x0000000700e00000|100%| O|  |TAMS 0x0000000700e00000, 0x0000000700c00000| Untracked 
|   7|0x0000000700e00000, 0x0000000701000000, 0x0000000701000000|100%| O|  |TAMS 0x0000000701000000, 0x0000000700e00000| Untracked 
|   8|0x0000000701000000, 0x0000000701200000, 0x0000000701200000|100%| O|  |TAMS 0x0000000701200000, 0x0000000701000000| Untracked 
|   9|0x0000000701200000, 0x0000000701400000, 0x0000000701400000|100%| O|  |TAMS 0x0000000701400000, 0x0000000701200000| Untracked 
|  10|0x0000000701400000, 0x0000000701600000, 0x0000000701600000|100%| O|  |TAMS 0x0000000701600000, 0x0000000701400000| Untracked 
|  11|0x0000000701600000, 0x0000000701800000, 0x0000000701800000|100%| O|  |TAMS 0x0000000701800000, 0x0000000701600000| Untracked 
|  12|0x0000000701800000, 0x0000000701a00000, 0x0000000701a00000|100%| O|  |TAMS 0x0000000701a00000, 0x0000000701800000| Untracked 
|  13|0x0000000701a00000, 0x0000000701c00000, 0x0000000701c00000|100%| O|  |TAMS 0x0000000701c00000, 0x0000000701a00000| Untracked 
|  14|0x0000000701c00000, 0x0000000701e00000, 0x0000000701e00000|100%| O|  |TAMS 0x0000000701e00000, 0x0000000701c00000| Untracked 
|  15|0x0000000701e00000, 0x0000000702000000, 0x0000000702000000|100%| O|  |TAMS 0x0000000702000000, 0x0000000701e00000| Untracked 
|  16|0x0000000702000000, 0x0000000702200000, 0x0000000702200000|100%| O|  |TAMS 0x0000000702200000, 0x0000000702000000| Untracked 
|  17|0x0000000702200000, 0x0000000702400000, 0x0000000702400000|100%| O|  |TAMS 0x0000000702400000, 0x0000000702200000| Untracked 
|  18|0x0000000702400000, 0x0000000702600000, 0x0000000702600000|100%|HS|  |TAMS 0x0000000702600000, 0x0000000702400000| Complete 
|  19|0x0000000702600000, 0x0000000702800000, 0x0000000702800000|100%|HC|  |TAMS 0x0000000702800000, 0x0000000702600000| Complete 
|  20|0x0000000702800000, 0x0000000702a00000, 0x0000000702a00000|100%|HS|  |TAMS 0x0000000702a00000, 0x0000000702800000| Complete 
|  21|0x0000000702a00000, 0x0000000702c00000, 0x0000000702c00000|100%|HC|  |TAMS 0x0000000702c00000, 0x0000000702a00000| Complete 
|  22|0x0000000702c00000, 0x0000000702e00000, 0x0000000702e00000|100%| O|  |TAMS 0x0000000702e00000, 0x0000000702c00000| Untracked 
|  23|0x0000000702e00000, 0x0000000703000000, 0x0000000703000000|100%| O|  |TAMS 0x0000000703000000, 0x0000000702e00000| Untracked 
|  24|0x0000000703000000, 0x0000000703200000, 0x0000000703200000|100%| O|  |TAMS 0x0000000703200000, 0x0000000703000000| Untracked 
|  25|0x0000000703200000, 0x0000000703400000, 0x0000000703400000|100%| O|  |TAMS 0x0000000703200000, 0x0000000703200000| Untracked 
|  26|0x0000000703400000, 0x0000000703600000, 0x0000000703600000|100%| O|  |TAMS 0x0000000703600000, 0x0000000703400000| Untracked 
|  27|0x0000000703600000, 0x0000000703800000, 0x0000000703800000|100%| O|  |TAMS 0x0000000703800000, 0x0000000703600000| Untracked 
|  28|0x0000000703800000, 0x0000000703a00000, 0x0000000703a00000|100%| O|  |TAMS 0x0000000703a00000, 0x0000000703800000| Untracked 
|  29|0x0000000703a00000, 0x0000000703c00000, 0x0000000703c00000|100%| O|  |TAMS 0x0000000703c00000, 0x0000000703a00000| Untracked 
|  30|0x0000000703c00000, 0x0000000703e00000, 0x0000000703e00000|100%| O|  |TAMS 0x0000000703e00000, 0x0000000703c00000| Untracked 
|  31|0x0000000703e00000, 0x0000000704000000, 0x0000000704000000|100%| O|  |TAMS 0x0000000704000000, 0x0000000703e00000| Untracked 
|  32|0x0000000704000000, 0x0000000704200000, 0x0000000704200000|100%| O|  |TAMS 0x0000000704000000, 0x0000000704000000| Untracked 
|  33|0x0000000704200000, 0x0000000704400000, 0x0000000704400000|100%| O|  |TAMS 0x0000000704400000, 0x0000000704200000| Untracked 
|  34|0x0000000704400000, 0x0000000704600000, 0x0000000704600000|100%| O|  |TAMS 0x0000000704400000, 0x0000000704400000| Untracked 
|  35|0x0000000704600000, 0x0000000704800000, 0x0000000704800000|100%| O|  |TAMS 0x0000000704800000, 0x0000000704600000| Untracked 
|  36|0x0000000704800000, 0x0000000704a00000, 0x0000000704a00000|100%| O|  |TAMS 0x0000000704a00000, 0x0000000704800000| Untracked 
|  37|0x0000000704a00000, 0x0000000704c00000, 0x0000000704c00000|100%| O|  |TAMS 0x0000000704a00000, 0x0000000704a00000| Untracked 
|  38|0x0000000704c00000, 0x0000000704e00000, 0x0000000704e00000|100%| O|  |TAMS 0x0000000704e00000, 0x0000000704c00000| Untracked 
|  39|0x0000000704e00000, 0x0000000705000000, 0x0000000705000000|100%| O|  |TAMS 0x0000000705000000, 0x0000000704e00000| Untracked 
|  40|0x0000000705000000, 0x0000000705200000, 0x0000000705200000|100%| O|  |TAMS 0x0000000705200000, 0x0000000705000000| Untracked 
|  41|0x0000000705200000, 0x0000000705400000, 0x0000000705400000|100%| O|  |TAMS 0x0000000705400000, 0x0000000705200000| Untracked 
|  42|0x0000000705400000, 0x0000000705600000, 0x0000000705600000|100%| O|  |TAMS 0x0000000705600000, 0x0000000705400000| Untracked 
|  43|0x0000000705600000, 0x0000000705800000, 0x0000000705800000|100%| O|  |TAMS 0x0000000705800000, 0x0000000705600000| Untracked 
|  44|0x0000000705800000, 0x0000000705a00000, 0x0000000705a00000|100%| O|  |TAMS 0x0000000705800000, 0x0000000705800000| Untracked 
|  45|0x0000000705a00000, 0x0000000705c00000, 0x0000000705c00000|100%| O|  |TAMS 0x0000000705ba3200, 0x0000000705a00000| Untracked 
|  46|0x0000000705c00000, 0x0000000705e00000, 0x0000000705e00000|100%| O|  |TAMS 0x0000000705c00000, 0x0000000705c00000| Untracked 
|  47|0x0000000705e00000, 0x0000000706000000, 0x0000000706000000|100%| O|  |TAMS 0x0000000705e00000, 0x0000000705e00000| Untracked 
|  48|0x0000000706000000, 0x0000000706200000, 0x0000000706200000|100%| O|  |TAMS 0x0000000706000000, 0x0000000706000000| Untracked 
|  49|0x0000000706200000, 0x0000000706400000, 0x0000000706400000|100%| O|  |TAMS 0x0000000706200000, 0x0000000706200000| Untracked 
|  50|0x0000000706400000, 0x0000000706600000, 0x0000000706600000|100%| O|  |TAMS 0x0000000706400000, 0x0000000706400000| Untracked 
|  51|0x0000000706600000, 0x0000000706800000, 0x0000000706800000|100%| O|  |TAMS 0x0000000706600000, 0x0000000706600000| Untracked 
|  52|0x0000000706800000, 0x0000000706a00000, 0x0000000706a00000|100%|HS|  |TAMS 0x0000000706800000, 0x0000000706800000| Complete 
|  53|0x0000000706a00000, 0x0000000706c00000, 0x0000000706c00000|100%|HC|  |TAMS 0x0000000706a00000, 0x0000000706a00000| Complete 
|  54|0x0000000706c00000, 0x0000000706e00000, 0x0000000706e00000|100%| O|  |TAMS 0x0000000706c00000, 0x0000000706c00000| Untracked 
|  55|0x0000000706e00000, 0x0000000707000000, 0x0000000707000000|100%| O|  |TAMS 0x0000000706e00000, 0x0000000706e00000| Untracked 
|  56|0x0000000707000000, 0x0000000707200000, 0x0000000707200000|100%| O|  |TAMS 0x0000000707000000, 0x0000000707000000| Untracked 
|  57|0x0000000707200000, 0x0000000707400000, 0x0000000707400000|100%| O|  |TAMS 0x0000000707200000, 0x0000000707200000| Untracked 
|  58|0x0000000707400000, 0x0000000707600000, 0x0000000707600000|100%| O|  |TAMS 0x0000000707400000, 0x0000000707400000| Untracked 
|  59|0x0000000707600000, 0x0000000707800000, 0x0000000707800000|100%| O|  |TAMS 0x0000000707600000, 0x0000000707600000| Untracked 
|  60|0x0000000707800000, 0x0000000707a00000, 0x0000000707a00000|100%| O|  |TAMS 0x0000000707800000, 0x0000000707800000| Untracked 
|  61|0x0000000707a00000, 0x0000000707c00000, 0x0000000707c00000|100%| O|  |TAMS 0x0000000707a00000, 0x0000000707a00000| Untracked 
|  62|0x0000000707c00000, 0x0000000707e00000, 0x0000000707e00000|100%| O|  |TAMS 0x0000000707c00000, 0x0000000707c00000| Untracked 
|  63|0x0000000707e00000, 0x0000000708000000, 0x0000000708000000|100%| O|  |TAMS 0x0000000707e00000, 0x0000000707e00000| Untracked 
|  64|0x0000000708000000, 0x0000000708200000, 0x0000000708200000|100%| O|  |TAMS 0x0000000708000000, 0x0000000708000000| Untracked 
|  65|0x0000000708200000, 0x0000000708400000, 0x0000000708400000|100%| O|  |TAMS 0x0000000708200000, 0x0000000708200000| Untracked 
|  66|0x0000000708400000, 0x0000000708600000, 0x0000000708600000|100%| O|  |TAMS 0x0000000708400000, 0x0000000708400000| Untracked 
|  67|0x0000000708600000, 0x0000000708732e00, 0x0000000708800000| 59%| O|  |TAMS 0x0000000708600000, 0x0000000708600000| Untracked 
|  68|0x0000000708800000, 0x0000000708800000, 0x0000000708a00000|  0%| F|  |TAMS 0x0000000708800000, 0x0000000708800000| Untracked 
|  69|0x0000000708a00000, 0x0000000708a00000, 0x0000000708c00000|  0%| F|  |TAMS 0x0000000708a00000, 0x0000000708a00000| Untracked 
|  70|0x0000000708c00000, 0x0000000708c00000, 0x0000000708e00000|  0%| F|  |TAMS 0x0000000708c00000, 0x0000000708c00000| Untracked 
|  71|0x0000000708e00000, 0x0000000708e00000, 0x0000000709000000|  0%| F|  |TAMS 0x0000000708e00000, 0x0000000708e00000| Untracked 
|  72|0x0000000709000000, 0x0000000709000000, 0x0000000709200000|  0%| F|  |TAMS 0x0000000709000000, 0x0000000709000000| Untracked 
|  73|0x0000000709200000, 0x0000000709200000, 0x0000000709400000|  0%| F|  |TAMS 0x0000000709200000, 0x0000000709200000| Untracked 
|  74|0x0000000709400000, 0x0000000709400000, 0x0000000709600000|  0%| F|  |TAMS 0x0000000709400000, 0x0000000709400000| Untracked 
|  75|0x0000000709600000, 0x0000000709600000, 0x0000000709800000|  0%| F|  |TAMS 0x0000000709600000, 0x0000000709600000| Untracked 
|  76|0x0000000709800000, 0x0000000709800000, 0x0000000709a00000|  0%| F|  |TAMS 0x0000000709800000, 0x0000000709800000| Untracked 
|  77|0x0000000709a00000, 0x0000000709a00000, 0x0000000709c00000|  0%| F|  |TAMS 0x0000000709a00000, 0x0000000709a00000| Untracked 
|  78|0x0000000709c00000, 0x0000000709c00000, 0x0000000709e00000|  0%| F|  |TAMS 0x0000000709c00000, 0x0000000709c00000| Untracked 
|  79|0x0000000709e00000, 0x0000000709e00000, 0x000000070a000000|  0%| F|  |TAMS 0x0000000709e00000, 0x0000000709e00000| Untracked 
|  80|0x000000070a000000, 0x000000070a000000, 0x000000070a200000|  0%| F|  |TAMS 0x000000070a000000, 0x000000070a000000| Untracked 
|  81|0x000000070a200000, 0x000000070a200000, 0x000000070a400000|  0%| F|  |TAMS 0x000000070a200000, 0x000000070a200000| Untracked 
|  82|0x000000070a400000, 0x000000070a400000, 0x000000070a600000|  0%| F|  |TAMS 0x000000070a400000, 0x000000070a400000| Untracked 
|  83|0x000000070a600000, 0x000000070a600000, 0x000000070a800000|  0%| F|  |TAMS 0x000000070a600000, 0x000000070a600000| Untracked 
|  84|0x000000070a800000, 0x000000070a800000, 0x000000070aa00000|  0%| F|  |TAMS 0x000000070a800000, 0x000000070a800000| Untracked 
|  85|0x000000070aa00000, 0x000000070aa00000, 0x000000070ac00000|  0%| F|  |TAMS 0x000000070aa00000, 0x000000070aa00000| Untracked 
|  86|0x000000070ac00000, 0x000000070ac00000, 0x000000070ae00000|  0%| F|  |TAMS 0x000000070ac00000, 0x000000070ac00000| Untracked 
|  87|0x000000070ae00000, 0x000000070ae00000, 0x000000070b000000|  0%| F|  |TAMS 0x000000070ae00000, 0x000000070ae00000| Untracked 
|  88|0x000000070b000000, 0x000000070b000000, 0x000000070b200000|  0%| F|  |TAMS 0x000000070b000000, 0x000000070b000000| Untracked 
|  89|0x000000070b200000, 0x000000070b200000, 0x000000070b400000|  0%| F|  |TAMS 0x000000070b200000, 0x000000070b200000| Untracked 
|  90|0x000000070b400000, 0x000000070b400000, 0x000000070b600000|  0%| F|  |TAMS 0x000000070b400000, 0x000000070b400000| Untracked 
|  91|0x000000070b600000, 0x000000070b600000, 0x000000070b800000|  0%| F|  |TAMS 0x000000070b600000, 0x000000070b600000| Untracked 
|  92|0x000000070b800000, 0x000000070b800000, 0x000000070ba00000|  0%| F|  |TAMS 0x000000070b800000, 0x000000070b800000| Untracked 
|  93|0x000000070ba00000, 0x000000070ba00000, 0x000000070bc00000|  0%| F|  |TAMS 0x000000070ba00000, 0x000000070ba00000| Untracked 
|  94|0x000000070bc00000, 0x000000070bc00000, 0x000000070be00000|  0%| F|  |TAMS 0x000000070bc00000, 0x000000070bc00000| Untracked 
|  95|0x000000070be00000, 0x000000070be00000, 0x000000070c000000|  0%| F|  |TAMS 0x000000070be00000, 0x000000070be00000| Untracked 
|  96|0x000000070c000000, 0x000000070c1e6fd8, 0x000000070c200000| 95%| S|CS|TAMS 0x000000070c000000, 0x000000070c000000| Complete 
|  97|0x000000070c200000, 0x000000070c400000, 0x000000070c400000|100%| S|CS|TAMS 0x000000070c200000, 0x000000070c200000| Complete 
|  98|0x000000070c400000, 0x000000070c400000, 0x000000070c600000|  0%| F|  |TAMS 0x000000070c400000, 0x000000070c400000| Untracked 
|  99|0x000000070c600000, 0x000000070c600000, 0x000000070c800000|  0%| F|  |TAMS 0x000000070c600000, 0x000000070c600000| Untracked 
| 100|0x000000070c800000, 0x000000070c800000, 0x000000070ca00000|  0%| F|  |TAMS 0x000000070c800000, 0x000000070c800000| Untracked 
| 101|0x000000070ca00000, 0x000000070ca00000, 0x000000070cc00000|  0%| F|  |TAMS 0x000000070ca00000, 0x000000070ca00000| Untracked 
| 102|0x000000070cc00000, 0x000000070cc00000, 0x000000070ce00000|  0%| F|  |TAMS 0x000000070cc00000, 0x000000070cc00000| Untracked 
| 103|0x000000070ce00000, 0x000000070ce00000, 0x000000070d000000|  0%| F|  |TAMS 0x000000070ce00000, 0x000000070ce00000| Untracked 
| 104|0x000000070d000000, 0x000000070d000000, 0x000000070d200000|  0%| F|  |TAMS 0x000000070d000000, 0x000000070d000000| Untracked 
| 105|0x000000070d200000, 0x000000070d200000, 0x000000070d400000|  0%| F|  |TAMS 0x000000070d200000, 0x000000070d200000| Untracked 
| 106|0x000000070d400000, 0x000000070d400000, 0x000000070d600000|  0%| F|  |TAMS 0x000000070d400000, 0x000000070d400000| Untracked 
| 107|0x000000070d600000, 0x000000070d600000, 0x000000070d800000|  0%| F|  |TAMS 0x000000070d600000, 0x000000070d600000| Untracked 
| 108|0x000000070d800000, 0x000000070d800000, 0x000000070da00000|  0%| F|  |TAMS 0x000000070d800000, 0x000000070d800000| Untracked 
| 109|0x000000070da00000, 0x000000070da00000, 0x000000070dc00000|  0%| F|  |TAMS 0x000000070da00000, 0x000000070da00000| Untracked 
| 110|0x000000070dc00000, 0x000000070dc00000, 0x000000070de00000|  0%| F|  |TAMS 0x000000070dc00000, 0x000000070dc00000| Untracked 
| 111|0x000000070de00000, 0x000000070de00000, 0x000000070e000000|  0%| F|  |TAMS 0x000000070de00000, 0x000000070de00000| Untracked 
| 112|0x000000070e000000, 0x000000070e000000, 0x000000070e200000|  0%| F|  |TAMS 0x000000070e000000, 0x000000070e000000| Untracked 
| 113|0x000000070e200000, 0x000000070e200000, 0x000000070e400000|  0%| F|  |TAMS 0x000000070e200000, 0x000000070e200000| Untracked 
| 114|0x000000070e400000, 0x000000070e400000, 0x000000070e600000|  0%| F|  |TAMS 0x000000070e400000, 0x000000070e400000| Untracked 
| 115|0x000000070e600000, 0x000000070e600000, 0x000000070e800000|  0%| F|  |TAMS 0x000000070e600000, 0x000000070e600000| Untracked 
| 116|0x000000070e800000, 0x000000070e800000, 0x000000070ea00000|  0%| F|  |TAMS 0x000000070e800000, 0x000000070e800000| Untracked 
| 117|0x000000070ea00000, 0x000000070ea00000, 0x000000070ec00000|  0%| F|  |TAMS 0x000000070ea00000, 0x000000070ea00000| Untracked 
| 118|0x000000070ec00000, 0x000000070ec00000, 0x000000070ee00000|  0%| F|  |TAMS 0x000000070ec00000, 0x000000070ec00000| Untracked 
| 119|0x000000070ee00000, 0x000000070ee00000, 0x000000070f000000|  0%| F|  |TAMS 0x000000070ee00000, 0x000000070ee00000| Untracked 
| 120|0x000000070f000000, 0x000000070f000000, 0x000000070f200000|  0%| F|  |TAMS 0x000000070f000000, 0x000000070f000000| Untracked 
| 121|0x000000070f200000, 0x000000070f200000, 0x000000070f400000|  0%| F|  |TAMS 0x000000070f200000, 0x000000070f200000| Untracked 
| 122|0x000000070f400000, 0x000000070f400000, 0x000000070f600000|  0%| F|  |TAMS 0x000000070f400000, 0x000000070f400000| Untracked 
| 123|0x000000070f600000, 0x000000070f600000, 0x000000070f800000|  0%| F|  |TAMS 0x000000070f600000, 0x000000070f600000| Untracked 
| 124|0x000000070f800000, 0x000000070f800000, 0x000000070fa00000|  0%| F|  |TAMS 0x000000070f800000, 0x000000070f800000| Untracked 
| 125|0x000000070fa00000, 0x000000070fa00000, 0x000000070fc00000|  0%| F|  |TAMS 0x000000070fa00000, 0x000000070fa00000| Untracked 
| 126|0x000000070fc00000, 0x000000070fc00000, 0x000000070fe00000|  0%| F|  |TAMS 0x000000070fc00000, 0x000000070fc00000| Untracked 
| 127|0x000000070fe00000, 0x000000070fe00000, 0x0000000710000000|  0%| F|  |TAMS 0x000000070fe00000, 0x000000070fe00000| Untracked 
| 128|0x0000000710000000, 0x0000000710000000, 0x0000000710200000|  0%| F|  |TAMS 0x0000000710000000, 0x0000000710000000| Untracked 
| 129|0x0000000710200000, 0x0000000710200000, 0x0000000710400000|  0%| F|  |TAMS 0x0000000710200000, 0x0000000710200000| Untracked 
| 130|0x0000000710400000, 0x0000000710400000, 0x0000000710600000|  0%| F|  |TAMS 0x0000000710400000, 0x0000000710400000| Untracked 
| 131|0x0000000710600000, 0x0000000710600000, 0x0000000710800000|  0%| F|  |TAMS 0x0000000710600000, 0x0000000710600000| Untracked 
| 132|0x0000000710800000, 0x0000000710800000, 0x0000000710a00000|  0%| F|  |TAMS 0x0000000710800000, 0x0000000710800000| Untracked 
| 133|0x0000000710a00000, 0x0000000710a00000, 0x0000000710c00000|  0%| F|  |TAMS 0x0000000710a00000, 0x0000000710a00000| Untracked 
| 134|0x0000000710c00000, 0x0000000710c00000, 0x0000000710e00000|  0%| F|  |TAMS 0x0000000710c00000, 0x0000000710c00000| Untracked 
| 135|0x0000000710e00000, 0x0000000710e00000, 0x0000000711000000|  0%| F|  |TAMS 0x0000000710e00000, 0x0000000710e00000| Untracked 
| 136|0x0000000711000000, 0x0000000711000000, 0x0000000711200000|  0%| F|  |TAMS 0x0000000711000000, 0x0000000711000000| Untracked 
| 137|0x0000000711200000, 0x0000000711200000, 0x0000000711400000|  0%| F|  |TAMS 0x0000000711200000, 0x0000000711200000| Untracked 
| 138|0x0000000711400000, 0x0000000711400000, 0x0000000711600000|  0%| F|  |TAMS 0x0000000711400000, 0x0000000711400000| Untracked 
| 139|0x0000000711600000, 0x0000000711600000, 0x0000000711800000|  0%| F|  |TAMS 0x0000000711600000, 0x0000000711600000| Untracked 
| 140|0x0000000711800000, 0x0000000711900000, 0x0000000711a00000| 50%| E|  |TAMS 0x0000000711800000, 0x0000000711800000| Complete 
| 141|0x0000000711a00000, 0x0000000711c00000, 0x0000000711c00000|100%| E|CS|TAMS 0x0000000711a00000, 0x0000000711a00000| Complete 
| 142|0x0000000711c00000, 0x0000000711e00000, 0x0000000711e00000|100%| E|CS|TAMS 0x0000000711c00000, 0x0000000711c00000| Complete 

Card table byte_map: [0x0000027736860000,0x0000027737060000] _byte_map_base: 0x0000027733060000

Marking Bits (Prev, Next): (CMBitMap*) 0x000002771f043fc0, (CMBitMap*) 0x000002771f043f80
 Prev Bits: [0x000002773b860000, 0x000002773f860000)
 Next Bits: [0x0000027737860000, 0x000002773b860000)

Polling page: 0x000002771e780000

Metaspace:

Usage:
  Non-class:     81.93 MB used.
      Class:     13.29 MB used.
       Both:     95.21 MB used.

Virtual space:
  Non-class space:      128.00 MB reserved,      82.50 MB ( 64%) committed,  2 nodes.
      Class space:      832.00 MB reserved,      13.81 MB (  2%) committed,  1 nodes.
             Both:      960.00 MB reserved,      96.31 MB ( 10%) committed. 

Chunk freelists:
   Non-Class:  13.25 MB
       Class:  1.98 MB
        Both:  15.23 MB

MaxMetaspaceSize: 1.00 GB
CompressedClassSpaceSize: 832.00 MB
Initial GC threshold: 21.00 MB
Current GC threshold: 121.69 MB
CDS: on
MetaspaceReclaimPolicy: balanced
 - commit_granule_bytes: 65536.
 - commit_granule_words: 8192.
 - virtual_space_node_default_size: 8388608.
 - enlarge_chunks_in_place: 1.
 - new_chunks_are_fully_committed: 0.
 - uncommit_free_chunks: 1.
 - use_allocation_guard: 0.
 - handle_deallocations: 1.


Internal statistics:

num_allocs_failed_limit: 6.
num_arena_births: 1750.
num_arena_deaths: 0.
num_vsnodes_births: 3.
num_vsnodes_deaths: 0.
num_space_committed: 1541.
num_space_uncommitted: 0.
num_chunks_returned_to_freelist: 6.
num_chunks_taken_from_freelist: 6144.
num_chunk_merges: 6.
num_chunk_splits: 3978.
num_chunks_enlarged: 2523.
num_inconsistent_stats: 0.

CodeHeap 'non-profiled nmethods': size=120000Kb used=8000Kb max_used=8000Kb free=111999Kb
 bounds [0x000002772e5e0000, 0x000002772edc0000, 0x0000027735b10000]
CodeHeap 'profiled nmethods': size=120000Kb used=22352Kb max_used=22352Kb free=97647Kb
 bounds [0x0000027726b10000, 0x00000277280f0000, 0x000002772e040000]
CodeHeap 'non-nmethods': size=5760Kb used=1733Kb max_used=1812Kb free=4026Kb
 bounds [0x000002772e040000, 0x000002772e2b0000, 0x000002772e5e0000]
 total_blobs=12364 nmethods=11534 adapters=742
 compilation: enabled
              stopped_count=0, restarted_count=0
 full_count=0

Compilation events (20 events):
Event: 36.814 Thread 0x0000027742535bc0 13133       3       com.android.utils.StringHelper::appendCapitalized (205 bytes)
Event: 36.816 Thread 0x0000027742535bc0 nmethod 13133 0x00000277280e0e10 code [0x00000277280e1360, 0x00000277280e3668]
Event: 36.816 Thread 0x0000027742535bc0 13134       3       org.gradle.api.internal.tasks.DefaultTaskContainer::register (18 bytes)
Event: 36.817 Thread 0x0000027742535bc0 nmethod 13134 0x00000277280e4390 code [0x00000277280e4580, 0x00000277280e4a58]
Event: 36.844 Thread 0x0000027742535bc0 13135       3       org.gradle.internal.ImmutableActionSet$SetWithManyActions::addAll (6 bytes)
Event: 36.844 Thread 0x0000027742535bc0 nmethod 13135 0x00000277280e4c10 code [0x00000277280e4e20, 0x00000277280e5568]
Event: 36.851 Thread 0x00000277425352b0 13136       4       sun.invoke.util.VerifyType::isNullConversion (157 bytes)
Event: 36.856 Thread 0x00000277425352b0 nmethod 13136 0x000002772eda6190 code [0x000002772eda6360, 0x000002772eda6790]
Event: 36.867 Thread 0x00000277425352b0 13137   !   4       org.gradle.internal.classloader.CachingClassLoader::loadClass (85 bytes)
Event: 36.881 Thread 0x0000027742535bc0 13140       3       java.util.regex.Matcher::search (154 bytes)
Event: 36.882 Thread 0x0000027742535bc0 nmethod 13140 0x00000277280e5810 code [0x00000277280e5a00, 0x00000277280e5fc8]
Event: 36.936 Thread 0x00000277425352b0 nmethod 13137 0x000002772eda6b10 code [0x000002772eda6e00, 0x000002772eda8fa8]
Event: 36.937 Thread 0x00000277425352b0 13138       4       com.google.common.collect.MapMakerInternalMap::get (23 bytes)
Event: 36.939 Thread 0x0000027742535bc0 13141       1       com.android.build.api.artifact.impl.ArtifactContainer::getCurrent (5 bytes)
Event: 36.939 Thread 0x0000027742535bc0 nmethod 13141 0x000002772edaa590 code [0x000002772edaa720, 0x000002772edaa7f8]
Event: 36.954 Thread 0x0000027742535bc0 13142       1       com.android.build.api.artifact.impl.ArtifactsImpl::getObjects (5 bytes)
Event: 36.954 Thread 0x0000027742535bc0 nmethod 13142 0x000002772edaa890 code [0x000002772edaaa20, 0x000002772edaaaf8]
Event: 36.979 Thread 0x00000277425352b0 nmethod 13138 0x000002772edaab90 code [0x000002772edaae20, 0x000002772edac7f0]
Event: 36.979 Thread 0x00000277425352b0 13139   !   4       com.google.common.collect.MapMakerInternalMap$Segment::get (58 bytes)
Event: 37.015 Thread 0x00000277425352b0 nmethod 13139 0x000002772edad790 code [0x000002772edada00, 0x000002772edaf2f0]

GC Heap History (20 events):
Event: 21.901 GC heap before
{Heap before GC invocations=32 (full 0):
 garbage-first heap   total 141312K, used 108125K [0x0000000700000000, 0x0000000800000000)
  region size 2048K, 15 young (30720K), 1 survivors (2048K)
 Metaspace       used 73341K, committed 74432K, reserved 917504K
  class space    used 10506K, committed 11008K, reserved 851968K
}
Event: 21.906 GC heap after
{Heap after GC invocations=33 (full 0):
 garbage-first heap   total 141312K, used 86645K [0x0000000700000000, 0x0000000800000000)
  region size 2048K, 2 young (4096K), 2 survivors (4096K)
 Metaspace       used 73341K, committed 74432K, reserved 917504K
  class space    used 10506K, committed 11008K, reserved 851968K
}
Event: 22.208 GC heap before
{Heap before GC invocations=34 (full 0):
 garbage-first heap   total 151552K, used 113269K [0x0000000700000000, 0x0000000800000000)
  region size 2048K, 15 young (30720K), 2 survivors (4096K)
 Metaspace       used 73502K, committed 74624K, reserved 917504K
  class space    used 10507K, committed 11072K, reserved 851968K
}
Event: 22.212 GC heap after
{Heap after GC invocations=35 (full 0):
 garbage-first heap   total 151552K, used 91536K [0x0000000700000000, 0x0000000800000000)
  region size 2048K, 2 young (4096K), 2 survivors (4096K)
 Metaspace       used 73502K, committed 74624K, reserved 917504K
  class space    used 10507K, committed 11072K, reserved 851968K
}
Event: 22.222 GC heap before
{Heap before GC invocations=35 (full 0):
 garbage-first heap   total 151552K, used 91536K [0x0000000700000000, 0x0000000800000000)
  region size 2048K, 3 young (6144K), 2 survivors (4096K)
 Metaspace       used 73507K, committed 74624K, reserved 917504K
  class space    used 10507K, committed 11072K, reserved 851968K
}
Event: 22.225 GC heap after
{Heap after GC invocations=36 (full 0):
 garbage-first heap   total 151552K, used 88607K [0x0000000700000000, 0x0000000800000000)
  region size 2048K, 1 young (2048K), 1 survivors (2048K)
 Metaspace       used 73507K, committed 74624K, reserved 917504K
  class space    used 10507K, committed 11072K, reserved 851968K
}
Event: 22.723 GC heap before
{Heap before GC invocations=36 (full 0):
 garbage-first heap   total 151552K, used 115231K [0x0000000700000000, 0x0000000800000000)
  region size 2048K, 15 young (30720K), 1 survivors (2048K)
 Metaspace       used 73608K, committed 74752K, reserved 917504K
  class space    used 10507K, committed 11072K, reserved 851968K
}
Event: 22.726 GC heap after
{Heap after GC invocations=37 (full 0):
 garbage-first heap   total 292864K, used 93488K [0x0000000700000000, 0x0000000800000000)
  region size 2048K, 2 young (4096K), 2 survivors (4096K)
 Metaspace       used 73608K, committed 74752K, reserved 917504K
  class space    used 10507K, committed 11072K, reserved 851968K
}
Event: 24.182 GC heap before
{Heap before GC invocations=38 (full 0):
 garbage-first heap   total 292864K, used 208176K [0x0000000700000000, 0x0000000800000000)
  region size 2048K, 59 young (120832K), 2 survivors (4096K)
 Metaspace       used 73626K, committed 74752K, reserved 917504K
  class space    used 10508K, committed 11072K, reserved 851968K
}
Event: 24.187 GC heap after
{Heap after GC invocations=39 (full 0):
 garbage-first heap   total 292864K, used 99699K [0x0000000700000000, 0x0000000800000000)
  region size 2048K, 6 young (12288K), 6 survivors (12288K)
 Metaspace       used 73626K, committed 74752K, reserved 917504K
  class space    used 10508K, committed 11072K, reserved 851968K
}
Event: 24.224 GC heap before
{Heap before GC invocations=39 (full 0):
 garbage-first heap   total 292864K, used 101747K [0x0000000700000000, 0x0000000800000000)
  region size 2048K, 7 young (14336K), 6 survivors (12288K)
 Metaspace       used 73637K, committed 74752K, reserved 917504K
  class space    used 10508K, committed 11072K, reserved 851968K
}
Event: 24.227 GC heap after
{Heap after GC invocations=40 (full 0):
 garbage-first heap   total 292864K, used 98221K [0x0000000700000000, 0x0000000800000000)
  region size 2048K, 1 young (2048K), 1 survivors (2048K)
 Metaspace       used 73637K, committed 74752K, reserved 917504K
  class space    used 10508K, committed 11072K, reserved 851968K
}
Event: 26.568 GC heap before
{Heap before GC invocations=40 (full 0):
 garbage-first heap   total 292864K, used 217005K [0x0000000700000000, 0x0000000800000000)
  region size 2048K, 60 young (122880K), 1 survivors (2048K)
 Metaspace       used 81511K, committed 82688K, reserved 983040K
  class space    used 11362K, committed 11904K, reserved 851968K
}
Event: 26.574 GC heap after
{Heap after GC invocations=41 (full 0):
 garbage-first heap   total 292864K, used 121657K [0x0000000700000000, 0x0000000800000000)
  region size 2048K, 8 young (16384K), 8 survivors (16384K)
 Metaspace       used 81511K, committed 82688K, reserved 983040K
  class space    used 11362K, committed 11904K, reserved 851968K
}
Event: 29.477 GC heap before
{Heap before GC invocations=41 (full 0):
 garbage-first heap   total 292864K, used 222009K [0x0000000700000000, 0x0000000800000000)
  region size 2048K, 56 young (114688K), 8 survivors (16384K)
 Metaspace       used 88058K, committed 89216K, reserved 983040K
  class space    used 12245K, committed 12800K, reserved 851968K
}
Event: 29.482 GC heap after
{Heap after GC invocations=42 (full 0):
 garbage-first heap   total 292864K, used 131702K [0x0000000700000000, 0x0000000800000000)
  region size 2048K, 3 young (6144K), 3 survivors (6144K)
 Metaspace       used 88058K, committed 89216K, reserved 983040K
  class space    used 12245K, committed 12800K, reserved 851968K
}
Event: 31.891 GC heap before
{Heap before GC invocations=42 (full 0):
 garbage-first heap   total 292864K, used 225910K [0x0000000700000000, 0x0000000800000000)
  region size 2048K, 50 young (102400K), 3 survivors (6144K)
 Metaspace       used 91753K, committed 92928K, reserved 983040K
  class space    used 12755K, committed 13312K, reserved 851968K
}
Event: 31.898 GC heap after
{Heap after GC invocations=43 (full 0):
 garbage-first heap   total 292864K, used 138918K [0x0000000700000000, 0x0000000800000000)
  region size 2048K, 6 young (12288K), 6 survivors (12288K)
 Metaspace       used 91753K, committed 92928K, reserved 983040K
  class space    used 12755K, committed 13312K, reserved 851968K
}
Event: 36.929 GC heap before
{Heap before GC invocations=43 (full 0):
 garbage-first heap   total 292864K, used 229030K [0x0000000700000000, 0x0000000800000000)
  region size 2048K, 51 young (104448K), 6 survivors (12288K)
 Metaspace       used 97150K, committed 98368K, reserved 983040K
  class space    used 13542K, committed 14144K, reserved 851968K
}
Event: 36.934 GC heap after
{Heap after GC invocations=44 (full 0):
 garbage-first heap   total 292864K, used 142439K [0x0000000700000000, 0x0000000800000000)
  region size 2048K, 2 young (4096K), 2 survivors (4096K)
 Metaspace       used 97150K, committed 98368K, reserved 983040K
  class space    used 13542K, committed 14144K, reserved 851968K
}

Dll operation events (15 events):
Event: 0.008 Loaded shared library C:\Program Files\Microsoft\jdk-17.0.15.6-hotspot\bin\java.dll
Event: 0.021 Loaded shared library C:\Program Files\Microsoft\jdk-17.0.15.6-hotspot\bin\jsvml.dll
Event: 0.055 Loaded shared library C:\Program Files\Microsoft\jdk-17.0.15.6-hotspot\bin\zip.dll
Event: 0.057 Loaded shared library C:\Program Files\Microsoft\jdk-17.0.15.6-hotspot\bin\instrument.dll
Event: 0.060 Loaded shared library C:\Program Files\Microsoft\jdk-17.0.15.6-hotspot\bin\net.dll
Event: 0.062 Loaded shared library C:\Program Files\Microsoft\jdk-17.0.15.6-hotspot\bin\nio.dll
Event: 0.063 Loaded shared library C:\Program Files\Microsoft\jdk-17.0.15.6-hotspot\bin\zip.dll
Event: 0.437 Loaded shared library C:\Program Files\Microsoft\jdk-17.0.15.6-hotspot\bin\jimage.dll
Event: 0.677 Loaded shared library C:\Program Files\Microsoft\jdk-17.0.15.6-hotspot\bin\verify.dll
Event: 0.723 Loaded shared library C:\Users\satej\.gradle\native\660c5614fbf4a5f2a75b1949f50a0caf5cd603558e7d8a26e50b933a0cfb79d1\windows-amd64\native-platform.dll
Event: 0.735 Loaded shared library C:\Users\satej\.gradle\native\0.2.8\x86_64-windows-gnu\gradle-fileevents.dll
Event: 1.932 Loaded shared library C:\Program Files\Microsoft\jdk-17.0.15.6-hotspot\bin\management.dll
Event: 1.936 Loaded shared library C:\Program Files\Microsoft\jdk-17.0.15.6-hotspot\bin\management_ext.dll
Event: 2.432 Loaded shared library C:\Program Files\Microsoft\jdk-17.0.15.6-hotspot\bin\extnet.dll
Event: 2.608 Loaded shared library C:\Program Files\Microsoft\jdk-17.0.15.6-hotspot\bin\sunmscapi.dll

Deoptimization events (20 events):
Event: 36.156 Thread 0x000002777e72ef30 Uncommon trap: trap_request=0xffffff45 fr.pc=0x000002772e6333d4 relative=0x0000000000000134
Event: 36.156 Thread 0x000002777e72ef30 Uncommon trap: reason=unstable_if action=reinterpret pc=0x000002772e6333d4 method=java.lang.AbstractStringBuilder.putStringAt(ILjava/lang/String;II)V @ 8 c2
Event: 36.156 Thread 0x000002777e72ef30 DEOPT PACKING pc=0x000002772e6333d4 sp=0x00000084c46f3030
Event: 36.156 Thread 0x000002777e72ef30 DEOPT UNPACKING pc=0x000002772e0969a3 sp=0x00000084c46f2f78 mode 2
Event: 36.156 Thread 0x000002777e72ef30 Uncommon trap: trap_request=0xffffff45 fr.pc=0x000002772e62b95c relative=0x000000000000013c
Event: 36.156 Thread 0x000002777e72ef30 Uncommon trap: reason=unstable_if action=reinterpret pc=0x000002772e62b95c method=java.lang.AbstractStringBuilder.putStringAt(ILjava/lang/String;II)V @ 8 c2
Event: 36.156 Thread 0x000002777e72ef30 DEOPT PACKING pc=0x000002772e62b95c sp=0x00000084c46f2fb0
Event: 36.156 Thread 0x000002777e72ef30 DEOPT UNPACKING pc=0x000002772e0969a3 sp=0x00000084c46f2f78 mode 2
Event: 36.390 Thread 0x000002777e72ef30 Uncommon trap: trap_request=0xffffffc6 fr.pc=0x000002772ed1d8f4 relative=0x0000000000000354
Event: 36.390 Thread 0x000002777e72ef30 Uncommon trap: reason=bimorphic_or_optimized_type_check action=maybe_recompile pc=0x000002772ed1d8f4 method=java.util.ImmutableCollections$Set12.contains(Ljava/lang/Object;)Z @ 5 c2
Event: 36.390 Thread 0x000002777e72ef30 DEOPT PACKING pc=0x000002772ed1d8f4 sp=0x00000084c46f4c20
Event: 36.390 Thread 0x000002777e72ef30 DEOPT UNPACKING pc=0x000002772e0969a3 sp=0x00000084c46f4bd8 mode 2
Event: 36.392 Thread 0x000002777e72ef30 Uncommon trap: trap_request=0xffffffc6 fr.pc=0x000002772ed1d8f4 relative=0x0000000000000354
Event: 36.392 Thread 0x000002777e72ef30 Uncommon trap: reason=bimorphic_or_optimized_type_check action=maybe_recompile pc=0x000002772ed1d8f4 method=java.util.ImmutableCollections$Set12.contains(Ljava/lang/Object;)Z @ 5 c2
Event: 36.392 Thread 0x000002777e72ef30 DEOPT PACKING pc=0x000002772ed1d8f4 sp=0x00000084c46f4c20
Event: 36.392 Thread 0x000002777e72ef30 DEOPT UNPACKING pc=0x000002772e0969a3 sp=0x00000084c46f4bd8 mode 2
Event: 36.862 Thread 0x000002777e72ef30 Uncommon trap: trap_request=0xffffff45 fr.pc=0x000002772ece4df8 relative=0x0000000000000598
Event: 36.862 Thread 0x000002777e72ef30 Uncommon trap: reason=unstable_if action=reinterpret pc=0x000002772ece4df8 method=java.util.regex.Matcher.search(I)Z @ 76 c2
Event: 36.862 Thread 0x000002777e72ef30 DEOPT PACKING pc=0x000002772ece4df8 sp=0x00000084c46f4810
Event: 36.862 Thread 0x000002777e72ef30 DEOPT UNPACKING pc=0x000002772e0969a3 sp=0x00000084c46f47e0 mode 2

Classes loaded (20 events):
Event: 31.839 Loading class java/lang/BooleanBeanInfo
Event: 31.839 Loading class java/lang/BooleanBeanInfo done
Event: 31.840 Loading class java/lang/BooleanBeanInfo
Event: 31.840 Loading class java/lang/BooleanBeanInfo done
Event: 31.841 Loading class java/lang/BooleanCustomizer
Event: 31.841 Loading class java/lang/BooleanCustomizer done
Event: 31.841 Loading class java/lang/BooleanCustomizer
Event: 31.841 Loading class java/lang/BooleanCustomizer done
Event: 31.841 Loading class jdk/internal/ValueBased
Event: 31.841 Loading class jdk/internal/ValueBased done
Event: 32.017 Loading class java/lang/StringBeanInfo
Event: 32.017 Loading class java/lang/StringBeanInfo done
Event: 32.017 Loading class java/lang/StringBeanInfo
Event: 32.017 Loading class java/lang/StringBeanInfo done
Event: 32.017 Loading class java/lang/StringCustomizer
Event: 32.017 Loading class java/lang/StringCustomizer done
Event: 32.018 Loading class java/lang/StringCustomizer
Event: 32.018 Loading class java/lang/StringCustomizer done
Event: 36.156 Loading class java/util/regex/Pattern$Caret
Event: 36.157 Loading class java/util/regex/Pattern$Caret done

Classes unloaded (0 events):
No events

Classes redefined (0 events):
No events

Internal exceptions (20 events):
Event: 31.795 Thread 0x000002777e72ef30 Exception <a 'java/lang/ClassNotFoundException'{0x000000070c2dece0}: com/android/build/gradle/internal/dsl/SigningConfig$AgpDecorated_DecoratedCustomizer> (0x000000070c2dece0) 
thrown [s\src\hotspot\share\classfile\systemDictionary.cpp, line 256]
Event: 31.798 Thread 0x000002777e72ef30 Exception <a 'java/lang/ClassNotFoundException'{0x000000070c344748}: build_6wvay8ulbtu6yojsjkvjz0psf$_run_closure2$_closure6BeanInfo> (0x000000070c344748) 
thrown [s\src\hotspot\share\classfile\systemDictionary.cpp, line 256]
Event: 31.808 Thread 0x000002777e72ef30 Exception <a 'java/lang/ClassNotFoundException'{0x000000070c355338}: build_6wvay8ulbtu6yojsjkvjz0psf$_run_closure2$_closure6Customizer> (0x000000070c355338) 
thrown [s\src\hotspot\share\classfile\systemDictionary.cpp, line 256]
Event: 31.810 Thread 0x000002777e72ef30 Exception <a 'java/lang/ClassNotFoundException'{0x000000070c37cd98}: build_6wvay8ulbtu6yojsjkvjz0psf$_run_closure2BeanInfo> (0x000000070c37cd98) 
thrown [s\src\hotspot\share\classfile\systemDictionary.cpp, line 256]
Event: 31.811 Thread 0x000002777e72ef30 Exception <a 'java/lang/ClassNotFoundException'{0x000000070c38e598}: build_6wvay8ulbtu6yojsjkvjz0psf$_run_closure2Customizer> (0x000000070c38e598) 
thrown [s\src\hotspot\share\classfile\systemDictionary.cpp, line 256]
Event: 31.831 Thread 0x000002777e72ef30 Exception <a 'java/lang/NoSuchMethodError'{0x000000070c3e17d0}: 'int java.lang.invoke.Invokers$Holder.linkToCallSite(java.lang.Object, java.lang.Object)'> (0x000000070c3e17d0) 
thrown [s\src\hotspot\share\interpreter\linkResolver.cpp, line 759]
Event: 31.840 Thread 0x000002777e72ef30 Exception <a 'java/lang/ClassNotFoundException'{0x000000070c004ab0}: java/lang/BooleanBeanInfo> (0x000000070c004ab0) 
thrown [s\src\hotspot\share\classfile\systemDictionary.cpp, line 256]
Event: 31.841 Thread 0x000002777e72ef30 Exception <a 'java/lang/ClassNotFoundException'{0x000000070c012be8}: java/lang/BooleanCustomizer> (0x000000070c012be8) 
thrown [s\src\hotspot\share\classfile\systemDictionary.cpp, line 256]
Event: 31.944 Thread 0x000002777e72ef30 Exception <a 'java/lang/ClassNotFoundException'{0x00000007119caa90}: com/android/build/gradle/internal/dsl/BuildType$AgpDecorated_DecoratedBeanInfo> (0x00000007119caa90) 
thrown [s\src\hotspot\share\classfile\systemDictionary.cpp, line 256]
Event: 31.945 Thread 0x000002777e72ef30 Exception <a 'java/lang/ClassNotFoundException'{0x00000007119e0ef0}: com/android/build/gradle/internal/dsl/BuildType$AgpDecoratedBeanInfo> (0x00000007119e0ef0) 
thrown [s\src\hotspot\share\classfile\systemDictionary.cpp, line 256]
Event: 31.945 Thread 0x000002777e72ef30 Exception <a 'java/lang/ClassNotFoundException'{0x00000007119f8108}: com/android/build/gradle/internal/dsl/BuildTypeBeanInfo> (0x00000007119f8108) 
thrown [s\src\hotspot\share\classfile\systemDictionary.cpp, line 256]
Event: 31.946 Thread 0x000002777e72ef30 Exception <a 'java/lang/ClassNotFoundException'{0x000000071160f588}: com/android/builder/core/AbstractBuildTypeBeanInfo> (0x000000071160f588) 
thrown [s\src\hotspot\share\classfile\systemDictionary.cpp, line 256]
Event: 31.947 Thread 0x000002777e72ef30 Exception <a 'java/lang/ClassNotFoundException'{0x0000000711626790}: com/android/builder/core/AbstractBuildTypeCustomizer> (0x0000000711626790) 
thrown [s\src\hotspot\share\classfile\systemDictionary.cpp, line 256]
Event: 31.963 Thread 0x000002777e72ef30 Exception <a 'java/lang/ClassNotFoundException'{0x00000007116595d8}: com/android/build/gradle/internal/dsl/BuildTypeCustomizer> (0x00000007116595d8) 
thrown [s\src\hotspot\share\classfile\systemDictionary.cpp, line 256]
Event: 31.966 Thread 0x000002777e72ef30 Exception <a 'java/lang/ClassNotFoundException'{0x00000007116f75e8}: com/android/build/gradle/internal/dsl/BuildType$AgpDecoratedCustomizer> (0x00000007116f75e8) 
thrown [s\src\hotspot\share\classfile\systemDictionary.cpp, line 256]
Event: 31.968 Thread 0x000002777e72ef30 Exception <a 'java/lang/ClassNotFoundException'{0x0000000711754620}: com/android/build/gradle/internal/dsl/BuildType$AgpDecorated_DecoratedCustomizer> (0x0000000711754620) 
thrown [s\src\hotspot\share\classfile\systemDictionary.cpp, line 256]
Event: 31.995 Thread 0x000002777e72ef30 Exception <a 'java/lang/ClassNotFoundException'{0x00000007114984f8}: build_6wvay8ulbtu6yojsjkvjz0psf$_run_closure2$_closure7BeanInfo> (0x00000007114984f8) 
thrown [s\src\hotspot\share\classfile\systemDictionary.cpp, line 256]
Event: 31.995 Thread 0x000002777e72ef30 Exception <a 'java/lang/ClassNotFoundException'{0x00000007114a90f0}: build_6wvay8ulbtu6yojsjkvjz0psf$_run_closure2$_closure7Customizer> (0x00000007114a90f0) 
thrown [s\src\hotspot\share\classfile\systemDictionary.cpp, line 256]
Event: 32.017 Thread 0x000002777e72ef30 Exception <a 'java/lang/ClassNotFoundException'{0x0000000711527dc8}: java/lang/StringBeanInfo> (0x0000000711527dc8) 
thrown [s\src\hotspot\share\classfile\systemDictionary.cpp, line 256]
Event: 32.018 Thread 0x000002777e72ef30 Exception <a 'java/lang/ClassNotFoundException'{0x0000000711533f18}: java/lang/StringCustomizer> (0x0000000711533f18) 
thrown [s\src\hotspot\share\classfile\systemDictionary.cpp, line 256]

VM Operations (20 events):
Event: 30.973 Executing VM operation: HandshakeAllThreads
Event: 30.973 Executing VM operation: HandshakeAllThreads done
Event: 31.066 Executing VM operation: HandshakeAllThreads
Event: 31.066 Executing VM operation: HandshakeAllThreads done
Event: 31.158 Executing VM operation: HandshakeAllThreads
Event: 31.158 Executing VM operation: HandshakeAllThreads done
Event: 31.329 Executing VM operation: HandshakeAllThreads
Event: 31.330 Executing VM operation: HandshakeAllThreads done
Event: 31.891 Executing VM operation: G1CollectForAllocation
Event: 31.898 Executing VM operation: G1CollectForAllocation done
Event: 32.906 Executing VM operation: Cleanup
Event: 32.906 Executing VM operation: Cleanup done
Event: 34.920 Executing VM operation: Cleanup
Event: 34.920 Executing VM operation: Cleanup done
Event: 34.958 Executing VM operation: HandshakeAllThreads
Event: 34.958 Executing VM operation: HandshakeAllThreads done
Event: 35.965 Executing VM operation: Cleanup
Event: 35.965 Executing VM operation: Cleanup done
Event: 36.929 Executing VM operation: G1CollectForAllocation
Event: 36.934 Executing VM operation: G1CollectForAllocation done

Memory protections (0 events):
No events

Nmethod flushes (20 events):
Event: 22.664 Thread 0x0000027742536c70 flushing  nmethod 0x0000027727a88c90
Event: 22.664 Thread 0x0000027742536c70 flushing  nmethod 0x0000027727ac2410
Event: 22.664 Thread 0x0000027742536c70 flushing  nmethod 0x0000027727ac4b10
Event: 22.664 Thread 0x0000027742536c70 flushing  nmethod 0x0000027727ae1790
Event: 22.664 Thread 0x0000027742536c70 flushing  nmethod 0x0000027727b27390
Event: 22.664 Thread 0x0000027742536c70 flushing  nmethod 0x0000027727b70e10
Event: 22.664 Thread 0x0000027742536c70 flushing  nmethod 0x0000027727b72890
Event: 22.665 Thread 0x0000027742536c70 flushing  nmethod 0x0000027727b7c090
Event: 22.665 Thread 0x0000027742536c70 flushing  nmethod 0x0000027727b7ec10
Event: 22.665 Thread 0x0000027742536c70 flushing  nmethod 0x0000027727bbe510
Event: 22.665 Thread 0x0000027742536c70 flushing  nmethod 0x0000027727bc4890
Event: 22.665 Thread 0x0000027742536c70 flushing  nmethod 0x0000027727bcca10
Event: 22.665 Thread 0x0000027742536c70 flushing  nmethod 0x0000027727c9fe10
Event: 22.665 Thread 0x0000027742536c70 flushing  nmethod 0x0000027727ca2a90
Event: 22.665 Thread 0x0000027742536c70 flushing  nmethod 0x0000027727ca9010
Event: 28.638 Thread 0x0000027742536c70 flushing  nmethod 0x000002772eae8510
Event: 28.639 Thread 0x0000027742536c70 flushing  nmethod 0x0000027726b81a90
Event: 28.639 Thread 0x0000027742536c70 flushing  nmethod 0x0000027726ba8a10
Event: 28.645 Thread 0x0000027742536c70 flushing  nmethod 0x00000277274c1310
Event: 28.645 Thread 0x0000027742536c70 flushing  nmethod 0x00000277274f5f10

Events (20 events):
Event: 24.748 Thread 0x00000277003a52d0 Thread exited: 0x00000277003a52d0
Event: 25.695 Thread 0x0000027742535bc0 Thread added: 0x00000277003a87f0
Event: 26.178 Thread 0x00000277003a87f0 Thread exited: 0x00000277003a87f0
Event: 26.364 Thread 0x0000027742535bc0 Thread added: 0x00000277003a82a0
Event: 26.944 Thread 0x00000277003a82a0 Thread exited: 0x00000277003a82a0
Event: 27.348 Thread 0x0000027742535bc0 Thread added: 0x00000277003a82a0
Event: 27.550 Thread 0x0000027742535bc0 Thread added: 0x00000277003a87f0
Event: 28.521 Thread 0x00000277003a87f0 Thread exited: 0x00000277003a87f0
Event: 28.736 Thread 0x00000277003a82a0 Thread exited: 0x00000277003a82a0
Event: 28.914 Thread 0x000002777e72ef30 Thread added: 0x000002770090f910
Event: 29.912 Thread 0x0000027742535bc0 Thread added: 0x00000277003a6d60
Event: 30.228 Thread 0x00000277003a6d60 Thread exited: 0x00000277003a6d60
Event: 30.435 Thread 0x000002777e72ef30 Thread added: 0x000002770090c160
Event: 30.470 Thread 0x000002777e72ef30 Thread added: 0x000002770090c670
Event: 30.602 Thread 0x0000027742535bc0 Thread added: 0x00000277003a6d60
Event: 30.755 Thread 0x00000277003a6d60 Thread added: 0x00000277003a8d40
Event: 31.053 Thread 0x00000277003a8d40 Thread exited: 0x00000277003a8d40
Event: 31.063 Thread 0x0000027742535bc0 Thread added: 0x00000277003a8d40
Event: 34.258 Thread 0x00000277003a8d40 Thread exited: 0x00000277003a8d40
Event: 34.259 Thread 0x00000277003a6d60 Thread exited: 0x00000277003a6d60


Dynamic libraries:
0x00007ff625c70000 - 0x00007ff625c7e000 	C:\Program Files\Microsoft\jdk-17.0.15.6-hotspot\bin\java.exe
0x00007ffe66880000 - 0x00007ffe66ae7000 	C:\WINDOWS\SYSTEM32\ntdll.dll
0x00007ffe660b0000 - 0x00007ffe6617a000 	C:\WINDOWS\System32\KERNEL32.DLL
0x00007ffe63bd0000 - 0x00007ffe63fd2000 	C:\WINDOWS\System32\KERNELBASE.dll
0x00007ffe64140000 - 0x00007ffe6428c000 	C:\WINDOWS\System32\ucrtbase.dll
0x00007ffe59900000 - 0x00007ffe59917000 	C:\Program Files\Microsoft\jdk-17.0.15.6-hotspot\bin\jli.dll
0x00007ffe44d10000 - 0x00007ffe44d2d000 	C:\Program Files\Microsoft\jdk-17.0.15.6-hotspot\bin\VCRUNTIME140.dll
0x00007ffe66190000 - 0x00007ffe6635f000 	C:\WINDOWS\System32\USER32.dll
0x00007ffe64110000 - 0x00007ffe64137000 	C:\WINDOWS\System32\win32u.dll
0x00007ffe445f0000 - 0x00007ffe44880000 	C:\WINDOWS\WinSxS\amd64_microsoft.windows.common-controls_6595b64144ccf1df_6.0.26100.9278_none_3e0d1ba8e3303201\COMCTL32.dll
0x00007ffe66510000 - 0x00007ffe6653b000 	C:\WINDOWS\System32\GDI32.dll
0x00007ffe65310000 - 0x00007ffe653b9000 	C:\WINDOWS\System32\msvcrt.dll
0x00007ffe63fe0000 - 0x00007ffe64109000 	C:\WINDOWS\System32\gdi32full.dll
0x00007ffe63a90000 - 0x00007ffe63b33000 	C:\WINDOWS\System32\msvcp_win.dll
0x00007ffe663d0000 - 0x00007ffe66401000 	C:\WINDOWS\System32\IMM32.DLL
0x00007ffe590d0000 - 0x00007ffe590dc000 	C:\Program Files\Microsoft\jdk-17.0.15.6-hotspot\bin\vcruntime140_1.dll
0x00007ffe09570000 - 0x00007ffe095fd000 	C:\Program Files\Microsoft\jdk-17.0.15.6-hotspot\bin\msvcp140.dll
0x00007ffd905b0000 - 0x00007ffd91222000 	C:\Program Files\Microsoft\jdk-17.0.15.6-hotspot\bin\server\jvm.dll
0x00007ffe65a70000 - 0x00007ffe65b2c000 	C:\WINDOWS\System32\ADVAPI32.dll
0x00007ffe65260000 - 0x00007ffe65309000 	C:\WINDOWS\System32\sechost.dll
0x00007ffe665b0000 - 0x00007ffe666c8000 	C:\WINDOWS\System32\RPCRT4.dll
0x00007ffe647e0000 - 0x00007ffe64860000 	C:\WINDOWS\System32\WS2_32.dll
0x00007ffe63180000 - 0x00007ffe631de000 	C:\WINDOWS\SYSTEM32\POWRPROF.dll
0x00007ffe57540000 - 0x00007ffe5754b000 	C:\WINDOWS\SYSTEM32\VERSION.dll
0x00007ffe51790000 - 0x00007ffe517c6000 	C:\WINDOWS\SYSTEM32\WINMM.dll
0x00007ffe630e0000 - 0x00007ffe630f5000 	C:\WINDOWS\SYSTEM32\UMPDC.dll
0x00007ffe62750000 - 0x00007ffe6276b000 	C:\WINDOWS\SYSTEM32\kernel.appcore.dll
0x00007ffe58530000 - 0x00007ffe5853a000 	C:\Program Files\Microsoft\jdk-17.0.15.6-hotspot\bin\jimage.dll
0x00007ffe60d00000 - 0x00007ffe60f42000 	C:\WINDOWS\SYSTEM32\DBGHELP.DLL
0x00007ffe65c40000 - 0x00007ffe65fc4000 	C:\WINDOWS\System32\combase.dll
0x00007ffe65fd0000 - 0x00007ffe660a9000 	C:\WINDOWS\System32\OLEAUT32.dll
0x00007ffe40880000 - 0x00007ffe408bb000 	C:\WINDOWS\SYSTEM32\dbgcore.DLL
0x00007ffe64360000 - 0x00007ffe6440c000 	C:\WINDOWS\System32\bcryptPrimitives.dll
0x00007ffe3a770000 - 0x00007ffe3a77e000 	C:\Program Files\Microsoft\jdk-17.0.15.6-hotspot\bin\instrument.dll
0x00007ffe39ba0000 - 0x00007ffe39bc5000 	C:\Program Files\Microsoft\jdk-17.0.15.6-hotspot\bin\java.dll
0x00007ffdfbb10000 - 0x00007ffdfbbe6000 	C:\Program Files\Microsoft\jdk-17.0.15.6-hotspot\bin\jsvml.dll
0x00007ffe64ac0000 - 0x00007ffe65258000 	C:\WINDOWS\System32\SHELL32.dll
0x00007ffe61370000 - 0x00007ffe61c1e000 	C:\WINDOWS\SYSTEM32\windows.storage.dll
0x00007ffe66410000 - 0x00007ffe6650b000 	C:\WINDOWS\System32\SHCORE.dll
0x00007ffe66540000 - 0x00007ffe665a6000 	C:\WINDOWS\System32\shlwapi.dll
0x00007ffe639b0000 - 0x00007ffe639d9000 	C:\WINDOWS\SYSTEM32\profapi.dll
0x00007ffe3fb00000 - 0x00007ffe3fb18000 	C:\Program Files\Microsoft\jdk-17.0.15.6-hotspot\bin\zip.dll
0x00007ffe419a0000 - 0x00007ffe419ba000 	C:\Program Files\Microsoft\jdk-17.0.15.6-hotspot\bin\net.dll
0x00007ffe58e70000 - 0x00007ffe58f9a000 	C:\WINDOWS\SYSTEM32\WINHTTP.dll
0x00007ffe62d90000 - 0x00007ffe62dfc000 	C:\WINDOWS\system32\mswsock.dll
0x00007ffe407a0000 - 0x00007ffe407b6000 	C:\Program Files\Microsoft\jdk-17.0.15.6-hotspot\bin\nio.dll
0x00007ffe419e0000 - 0x00007ffe419f0000 	C:\Program Files\Microsoft\jdk-17.0.15.6-hotspot\bin\verify.dll
0x00007ffdd4850000 - 0x00007ffdd4877000 	C:\Users\satej\.gradle\native\660c5614fbf4a5f2a75b1949f50a0caf5cd603558e7d8a26e50b933a0cfb79d1\windows-amd64\native-platform.dll
0x00007ffdf5280000 - 0x00007ffdf52f7000 	C:\Users\satej\.gradle\native\0.2.8\x86_64-windows-gnu\gradle-fileevents.dll
0x00007ffe582a0000 - 0x00007ffe582aa000 	C:\Program Files\Microsoft\jdk-17.0.15.6-hotspot\bin\management.dll
0x00007ffe42dd0000 - 0x00007ffe42ddb000 	C:\Program Files\Microsoft\jdk-17.0.15.6-hotspot\bin\management_ext.dll
0x00007ffe66770000 - 0x00007ffe66778000 	C:\WINDOWS\System32\PSAPI.DLL
0x00007ffe62110000 - 0x00007ffe62143000 	C:\WINDOWS\SYSTEM32\IPHLPAPI.DLL
0x00007ffe66180000 - 0x00007ffe6618a000 	C:\WINDOWS\System32\NSI.dll
0x00007ffe5a820000 - 0x00007ffe5a83d000 	C:\WINDOWS\SYSTEM32\dhcpcsvc6.DLL
0x00007ffe5a770000 - 0x00007ffe5a795000 	C:\WINDOWS\SYSTEM32\dhcpcsvc.DLL
0x00007ffe62150000 - 0x00007ffe622a8000 	C:\WINDOWS\SYSTEM32\DNSAPI.dll
0x00007ffe62b60000 - 0x00007ffe62b6d000 	C:\WINDOWS\SYSTEM32\DSPARSE.dll
0x00007ffe41c50000 - 0x00007ffe41c59000 	C:\Program Files\Microsoft\jdk-17.0.15.6-hotspot\bin\extnet.dll
0x00007ffe630a0000 - 0x00007ffe630bb000 	C:\WINDOWS\SYSTEM32\CRYPTSP.dll
0x00007ffe626b0000 - 0x00007ffe626e9000 	C:\WINDOWS\system32\rsaenh.dll
0x00007ffe62e40000 - 0x00007ffe62e74000 	C:\WINDOWS\SYSTEM32\USERENV.dll
0x00007ffe63980000 - 0x00007ffe639aa000 	C:\WINDOWS\SYSTEM32\bcrypt.dll
0x00007ffe630c0000 - 0x00007ffe630cc000 	C:\WINDOWS\SYSTEM32\CRYPTBASE.dll
0x00007ffe39b50000 - 0x00007ffe39b5e000 	C:\Program Files\Microsoft\jdk-17.0.15.6-hotspot\bin\sunmscapi.dll
0x00007ffe64420000 - 0x00007ffe6459e000 	C:\WINDOWS\System32\CRYPT32.dll
0x00007ffe63370000 - 0x00007ffe633a0000 	C:\WINDOWS\SYSTEM32\ncrypt.dll
0x00007ffe63320000 - 0x00007ffe6335f000 	C:\WINDOWS\SYSTEM32\NTASN1.dll
0x00007ffe28690000 - 0x00007ffe28698000 	C:\WINDOWS\system32\wshunix.dll

dbghelp: loaded successfully - version: 4.0.5 - missing functions: none
symbol engine: initialized successfully - sym options: 0x614 - pdb path: .;C:\Program Files\Microsoft\jdk-17.0.15.6-hotspot\bin;C:\WINDOWS\SYSTEM32;C:\WINDOWS\WinSxS\amd64_microsoft.windows.common-controls_6595b64144ccf1df_6.0.26100.9278_none_3e0d1ba8e3303201;C:\Program Files\Microsoft\jdk-17.0.15.6-hotspot\bin\server;C:\Users\satej\.gradle\native\660c5614fbf4a5f2a75b1949f50a0caf5cd603558e7d8a26e50b933a0cfb79d1\windows-amd64;C:\Users\satej\.gradle\native\0.2.8\x86_64-windows-gnu

VM Arguments:
jvm_args: --add-opens=java.base/java.lang=ALL-UNNAMED --add-opens=java.base/java.lang.invoke=ALL-UNNAMED --add-opens=java.base/java.util=ALL-UNNAMED --add-opens=java.prefs/java.util.prefs=ALL-UNNAMED --add-exports=jdk.compiler/com.sun.tools.javac.api=ALL-UNNAMED --add-exports=jdk.compiler/com.sun.tools.javac.util=ALL-UNNAMED --add-opens=java.base/java.util=ALL-UNNAMED --add-opens=java.prefs/java.util.prefs=ALL-UNNAMED --add-opens=java.base/java.nio.charset=ALL-UNNAMED --add-opens=java.base/java.net=ALL-UNNAMED --add-opens=java.base/java.util.concurrent=ALL-UNNAMED --add-opens=java.base/java.util.concurrent.atomic=ALL-UNNAMED --add-opens=java.xml/javax.xml.namespace=ALL-UNNAMED --add-opens=java.base/java.time=ALL-UNNAMED -XX:MaxMetaspaceSize=1024m -Xmx4096m -Dfile.encoding=windows-1252 -Duser.country=IN -Duser.language=en -Duser.variant -javaagent:C:\Users\satej\.gradle\wrapper\dists\gradle-9.3.1-bin\23ovyewtku6u96viwx3xl3oks\gradle-9.3.1\lib\agents\gradle-instrumentation-agent-9.3.1.jar 
java_command: org.gradle.launcher.daemon.bootstrap.GradleDaemon 9.3.1
java_class_path (initial): C:\Users\satej\.gradle\wrapper\dists\gradle-9.3.1-bin\23ovyewtku6u96viwx3xl3oks\gradle-9.3.1\lib\gradle-daemon-main-9.3.1.jar
Launcher Type: SUN_STANDARD

[Global flags]
     intx CICompilerCount                          = 4                                         {product} {ergonomic}
   size_t CompressedClassSpaceSize                 = 872415232                                 {product} {ergonomic}
     uint ConcGCThreads                            = 3                                         {product} {ergonomic}
     uint G1ConcRefinementThreads                  = 10                                        {product} {ergonomic}
   size_t G1HeapRegionSize                         = 2097152                                   {product} {ergonomic}
    uintx GCDrainStackTargetSize                   = 64                                        {product} {ergonomic}
   size_t InitialHeapSize                          = 264241152                                 {product} {ergonomic}
   size_t MarkStackSize                            = 4194304                                   {product} {ergonomic}
   size_t MaxHeapSize                              = 4294967296                                {product} {command line}
   size_t MaxMetaspaceSize                         = 1073741824                                {product} {command line}
   size_t MaxNewSize                               = 2575302656                                {product} {ergonomic}
   size_t MinHeapDeltaBytes                        = 2097152                                   {product} {ergonomic}
   size_t MinHeapSize                              = 8388608                                   {product} {ergonomic}
    uintx NonNMethodCodeHeapSize                   = 5839372                                {pd product} {ergonomic}
    uintx NonProfiledCodeHeapSize                  = 122909434                              {pd product} {ergonomic}
    uintx ProfiledCodeHeapSize                     = 122909434                              {pd product} {ergonomic}
    uintx ReservedCodeCacheSize                    = 251658240                              {pd product} {ergonomic}
     bool SegmentedCodeCache                       = true                                      {product} {ergonomic}
   size_t SoftMaxHeapSize                          = 4294967296                             {manageable} {ergonomic}
     bool UseCompressedClassPointers               = true                           {product lp64_product} {ergonomic}
     bool UseCompressedOops                        = true                           {product lp64_product} {ergonomic}
     bool UseG1GC                                  = true                                      {product} {ergonomic}
     bool UseLargePagesIndividualAllocation        = false                                  {pd product} {ergonomic}

Logging:
Log output configuration:
 #0: stdout all=warning uptime,level,tags
 #1: stderr all=off uptime,level,tags

Environment Variables:
JAVA_HOME=C:\Program Files\Microsoft\jdk-17.0.15.6-hotspot
PATH=C:\Users\satej\bin;C:\Program Files\Git\mingw64\bin;C:\Program Files\Git\usr\local\bin;C:\Program Files\Git\usr\bin;C:\Program Files\Git\usr\bin;C:\Program Files\Git\mingw64\bin;C:\Program Files\Git\usr\bin;C:\Users\satej\bin;C:\Python314\Scripts;C:\Python314;C:\Program Files\Microsoft\jdk-17.0.15.6-hotspot\bin;C:\ProgramData\chocolatey\bin;C:\Users\satej\AppData\Local\Android\Sdk\emulator;C:\Program Files\Git\cmd;C:\Windows\System32;C:\Windows\System32\OpenSSH;C:\Program Files\Docker\Docker\resources\bin;C:\Program Files\Microsoft SQL Server\Client SDK\ODBC\130\Tools\Binn;C:\Program Files\Microsoft SQL Server\140\DTS\Binn;C:\Program Files\Microsoft SQL Server\140\Tools\Binn;C:\Program Files\Microsoft SQL Server\150\Tools\Binn;C:\Program Files\Microsoft SQL Server\Client SDK\ODBC\170\Tools\Binn;C:\Program Files\dotnet;C:\Program Files\CMake\bin;C:\Program Files\Microsoft SQL Server\170\Tools\Binn;C:\Program Files\cursor\resources\app\bin;C:\msys64\mingw64\bin;C:\Program Files\nodejs;C:\Users\satej\AppData\Local\Programs\Python\Python310\Scripts;C:\Users\satej\AppData\Local\Programs\Python\Python310;C:\Users\satej\AppData\Local\Programs\Python\Python312\Scripts;C:\Users\satej\AppData\Local\Programs\Python\Python312;C:\Users\satej\AppData\Local\Programs\Python\Python311\Scripts;C:\Users\satej\AppData\Local\Programs\Python\Python311;C:\Users\satej\AppData\Local\Programs\Python\Python313\Scripts;C:\Users\satej\AppData\Local\Programs\Python\Python313;C:\Users\satej\AppData\Local\Microsoft\WindowsApps;C:\Users\satej\AppData\Local\Programs\Microsoft VS Code\bin;C:\Users\satej\AppData\Local\Android\Sdk;C:\Users\satej\AppData\Local\Android\Sdk\platform-tools;C:\Users\satej\Downloads\flutter_windows_3.24.3-stable\flutter\bin;C:\Program Files\JetBrains\PyCharm Community Edition 2024.3.1.1\bin;C:\Program Files\JetBrains\IntelliJ IDEA Community Edition 2024.3.2\bin;C:\Program Files\Microsoft\jdk-17.0.15.6-hotspot;C:\Program Files\Git\cmd;C:\Users\satej\.dotnet\tools;C:\Users\satej\AppData\Local\Microsoft\WinGet\Packages\yt-dlp.FFmpeg_Microsoft.Winget.Source_8wekyb3d8bbwe\ffmpeg-N-121271-g74115b017c-win64-gpl\bin;C:\Users\satej\AppData\Local\Microsoft\WinGet\Packages\yt-dlp.yt-dlp_Microsoft.Winget.Source_8wekyb3d8bbwe;C:\Users\satej\AppData\Roaming\npm;C:\Program Files\Git\usr\bin\vendor_perl;C:\Program Files\Git\usr\bin\core_perl
USERNAME=satej
SHELL=C:\Program Files\Git\bin\bash.exe
TERM=xterm-256color
OS=Windows_NT
PROCESSOR_IDENTIFIER=Intel64 Family 6 Model 154 Stepping 3, GenuineIntel
TMP=C:\Users\satej\AppData\Local\Temp
TEMP=C:\Users\satej\AppData\Local\Temp



Periodic native trim disabled


---------------  S Y S T E M  ---------------

OS:
 Windows 11 , 64 bit Build 26100 (10.0.26100.9278)
OS uptime: 1 days 17:42 hours
Hyper-V role detected

CPU: total 12 (initial active 12) (6 cores per cpu, 2 threads per core) family 6 model 154 stepping 3 microcode 0x434, cx8, cmov, fxsr, ht, mmx, 3dnowpref, sse, sse2, sse3, ssse3, sse4.1, sse4.2, popcnt, lzcnt, tsc, tscinvbit, avx, avx2, aes, erms, clmul, bmi1, bmi2, adx, sha, fma, vzeroupper, clflush, clflushopt, clwb, hv
Processor Information for the first 12 processors :
  Max Mhz: 2000, Current Mhz: 2000, Mhz Limit: 2000

Memory: 4k page, system-wide physical 16052M (362M free)
TotalPageFile size 35190M (AvailPageFile size 95M)
current process WorkingSet (physical memory assigned to process): 551M, peak: 573M
current process commit charge ("private bytes"): 621M, peak: 641M

vm_info: OpenJDK 64-Bit Server VM (17.0.15+6-LTS) for windows-amd64 JRE (17.0.15+6-LTS), built on Apr  9 2025 22:27:25 by "MicrosoftCorporation" with unknown MS VC++:1939

END.
